#{"t_start": 1774912042.6845925, "env_id": "None"}
r,l,t
0.98509765,2,4.291634
1.6000372,3,6.038489
1.6000543,3,6.038576
1.9251442,3,6.038599
2.5281007,4,7.748496
1.2765543,2,9.422084
2.9272802,5,9.422201
4.786317,6,11.190534
4.19279,6,11.190621
5.2011623,7,12.947582
5.4023485,7,12.948086
1.9602091,3,14.616826
5.370444,8,14.616916
1.9602091,3,16.379867
7.1637607,9,16.379977
4.5602202,6,16.380004
7.537632,11,19.897368
7.6551332,11,19.897451
6.818181,11,19.897473
7.8219213,12,21.716588
8.735348,12,21.716659
1.7291999,3,21.71668
8.574334,12,21.71669
6.446685,9,23.479254
8.575147,13,23.47934
10.801414,13,23.479364
2.4011905,4,23.479383
5.8103914,8,23.4794
1.9602091,3,25.393659
9.702415,14,25.393741
1.8816142,3,27.231149
13.283652,16,29.056135
3.7564077,5,29.056206
1.7649229,3,29.056223
13.69022,16,29.056234
4.772727,8,29.068054
2.403409,4,31.049123
2.0454545,4,31.049205
12.544781,17,31.049231
3.7564077,5,31.049251
4.5953035,6,33.024202
1.9200126,3,33.02429
5.8551555,8,34.852552
9.588759,12,34.852655
1.6000372,3,36.489066
2.9552715,4,36.489148
15.851466,20,36.489169
15.174619,21,38.202623
1.9602091,3,38.202711
11.143968,16,40.024357
17.383234,23,41.940906
1.5982071,3,43.840635
17.545176,25,45.508988
4.9846983,7,45.509235
11.262963,17,45.509365
7.365301,9,45.509386
7.4009857,9,45.509402
16.792213,23,45.509418
9.605308,13,45.509434
7.597107,9,47.222737
20.386917,28,50.837166
10.206179,14,50.837419
4.5307417,7,50.837541
20.734644,29,52.620468
1.9602091,3,52.620536
23.89845,30,54.592933
3.9571974,5,54.593208
21.7744,30,54.59333
20.571642,30,54.593452
25.70931,30,54.59356
2.818415,5,54.593575
13.453878,18,56.309535
10.009858,14,56.30962
10.161784,12,56.309638
19.82805,26,59.830893
9.377752,13,59.830948
24.215353,30,59.830962
4.0853662,6,61.70519
13.927503,18,61.70527
11.663114,16,63.553943
6.8237023,10,63.554041
1.9583726,3,65.426308
3.36535,5,65.426393
10.580285,12,67.263676
6.5553827,8,67.263736
10.687708,14,67.263749
21.362274,30,70.823455
4.956879,7,72.611225
9.604878,12,72.611318
10.048838,11,74.308251
12.877669,19,74.308331
19.90151,25,74.308354
12.690003,16,74.308371
9.891957,13,77.796143
21.300278,30,77.796322
11.597167,14,77.800652
16.250517,24,79.78232
23.389462,30,79.782406
6.9581957,9,79.782428
1.9602091,3,79.782445
3.0491812,5,83.450365
1.597429,3,83.450435
20.770493,30,85.306002
12.321195,16,85.306092
10.752746,12,87.050638
12.759357,19,88.684786
5.7676573,9,88.685062
1.4547784,3,88.685188
20.659195,30,90.721564
7.3239546,9,90.721929
9.821859,13,90.722186
18.201256,23,92.548272
2.9618435,5,94.122125
7.3395615,11,94.122201
20.783653,28,94.127255
1.9602091,3,95.914967
1.480736,3,95.915157
13.253591,18,95.915225
1.7649229,3,97.706394
20.631,30,99.507718
20.89392,30,99.507832
11.885951,16,99.50785
15.734167,22,101.482805
1.7671529,3,101.482893
19.827225,27,103.217576
3.2023098,5,103.217656
7.3651133,10,104.90362
1.9894304,3,104.903718
16.882215,25,106.923361
8.592116,13,106.92345
14.026995,20,108.611858
17.295862,23,108.611949
22.34808,30,108.611974
8.123958,11,108.611992
24.945948,30,108.612006
12.09824,17,108.612021
7.096669,10,108.612035
6.444841,9,111.121381
3.5284092,6,111.121458
1.9583726,3,111.121477
11.895725,17,111.121489
22.71999,30,111.1215
12.337541,18,112.815916
1.8823954,3,112.815989
13.277108,19,114.512004
5.273231,6,114.5121
22.19646,30,114.512123
11.571009,16,114.512141
8.578055,11,116.35452
2.403409,4,116.354679
6.3538957,8,116.368218
2.8443725,5,119.300968
7.863706,12,120.923813
2.3959103,4,120.923879
21.561598,30,120.923892
3.5584033,5,122.674987
9.393689,11,122.675083
23.941189,30,122.675107
5.556463,7,124.569316
13.650607,19,124.569405
3.5284092,6,127.284808
21.402899,26,127.285121
12.957162,14,127.292524
2.5990593,4,128.813938
7.6850243,10,128.81422
9.561285,11,128.814311
1.5982071,3,128.814417
6.804849,10,128.814494
3.5988894,5,128.814559
7.1266522,10,130.42116
8.198901,11,130.421236
9.335688,13,130.421253
12.55831,18,130.421267
6.4508085,8,132.350641
8.596402,11,132.350895
1.9602091,3,135.207325
7.849957,10,135.207443
11.181959,16,135.207462
1.3636364,3,136.815324
21.78921,30,136.815399
1.6000543,3,136.815415
5.7705054,9,138.807052
4.7957196,7,138.807143
4.9964767,6,140.657013
12.434729,15,140.657119
12.620031,17,143.40815
2.2818553,4,143.408261
1.9602091,3,143.408284
5.5970273,7,145.150636
7.9682775,10,145.150728
4.9715786,8,145.150756
22.036726,30,146.997999
6.0952907,9,146.99809
6.4501,10,148.869835
5.5632806,8,148.869922
12.412123,17,148.869946
9.358357,11,148.870012
1.9583726,3,151.769169
2.792487,4,151.769244
22.53483,30,153.306566
4.5988603,6,153.306655
9.883471,13,155.094985
6.76015,8,155.095064
3.9572015,5,155.095082
17.579565,23,155.095096
3.1722891,5,155.09511
4.9693604,8,155.095123
3.599261,5,159.619478
4.166124,6,161.391368
6.76015,8,163.111637
6.925535,10,163.11172
12.378515,18,163.111742
16.615622,22,165.170595
3.7933378,5,165.170673
5.5993934,8,165.170689
12.72656,16,167.570188
5.207192,8,167.570254
12.041771,16,167.570268
2.3959103,4,167.570279
8.015835,11,169.293039
18.040415,26,169.293127
2.3993287,4,171.083676
23.007322,30,171.08376
7.7262306,11,171.083784
18.388771,23,172.722223
2.5642135,4,172.722299
7.594206,10,172.727679
23.361471,30,175.409882
3.9556184,5,175.41002
4.395983,6,175.410045
22.500097,29,175.410062
1.0018555,2,177.220981
7.3717775,11,177.221067
9.192682,11,177.221091
18.668823,24,179.005156
4.1303735,6,179.005247
2.5942352,4,179.005269
1.7649229,3,180.807796
16.340677,23,183.410706
23.185572,30,183.410782
6.158099,8,183.410797
23.510065,30,183.410809
3.599261,5,187.012274
8.852446,12,187.012363
4.4128175,7,188.849047
12.346254,14,188.849113
17.506882,24,188.849127
1.1211282,2,191.615051
22.628065,30,193.397189
11.180377,16,197.41342
22.273716,30,197.413517
11.605531,14,200.017766
7.5557604,9,201.88984
6.569895,9,201.890122
20.969213,30,203.740325
6.9273686,10,203.7404
10.598571,13,203.740414
19.614666,25,205.670407
1.7649229,3,205.670507
8.846695,13,205.670535
9.297907,14,208.575047
16.206564,19,208.575365
1.278391,2,210.30449
14.500971,21,210.304569
12.693503,18,210.304588
15.129098,19,210.304601
21.569883,30,212.300562
6.903667,11,212.300647
8.046881,11,212.300668
27.563694,30,214.11479
21.447477,30,216.814713
20.693178,30,216.814795
1.6022727,3,216.814817
17.64279,21,216.814836
1.5982071,3,218.59992
15.853154,22,220.61479
3.4743052,5,222.507056
2.398546,4,222.507195
8.354385,10,222.507243
1.597429,3,222.507261
2.2536962,4,226.984201
5.818272,9,226.98429
5.128446,8,226.984313
9.49196,14,226.984334
23.268856,30,228.819056
21.687307,30,230.70286
2.7572908,4,230.70295
1.480736,3,233.502868
0.96601653,2,235.311182
10.067449,15,237.014996
21.242495,30,237.015088
20.50951,28,237.015106
0.96601653,2,238.790839
21.010098,30,238.790935
1.6508052,3,238.790959
9.134134,13,238.790977
3.9572065,5,241.698849
11.608447,16,241.698944
4.208009,7,241.698963
24.456928,30,243.193153
17.62029,25,245.028644
7.6081676,11,245.028719
14.371138,19,245.028735
23.589867,30,245.028745
6.434393,9,245.028754
19.558702,27,246.875115
2.3989825,4,246.87521
22.119677,30,249.583986
21.512438,30,251.121389
15.877094,21,253.017194
9.283791,13,253.017282
5.248895,7,253.017305
14.510619,20,257.42364
2.9272568,5,257.423729
5.086036,8,257.423752
16.051538,21,259.287493
5.2310047,8,259.287579
1.9583726,3,259.287596
5.0765777,7,259.287609
7.606087,10,259.287622
22.271696,30,259.287635
3.195362,4,261.327719
8.193088,10,261.32779
20.989166,28,261.327805
11.574065,16,261.327816
21.520252,30,262.976645
22.788568,29,262.976771
22.05749,30,265.308921
19.282478,27,265.30898
3.882298,6,265.308998
7.955575,9,265.309011
15.479816,22,265.309023
7.047221,10,265.309038
6.80817,9,267.048114
11.196102,14,268.75993
8.223505,12,268.75999
3.9571974,5,268.760003
4.955063,6,268.760014
1.7649229,3,270.662674
1.9602091,3,270.662729
20.40266,24,270.662742
2.757267,4,273.389404
9.740693,14,273.389502
5.5975766,8,273.389526
2.403409,4,275.236601
21.06168,30,277.001558
6.287537,9,277.001644
4.8001666,7,278.949761
11.4647,17,278.950185
2.566059,4,278.950381
3.7292109,6,281.691447
2.1625543,4,281.691704
4.358755,6,283.589347
6.6069617,9,283.589616
5.363449,7,283.589746
20.829042,30,283.589866
11.343184,17,285.548378
5.559084,7,285.548448
8.193171,11,285.548463
5.9532213,7,287.579152
9.299956,14,287.579228
3.9572015,5,287.579246
2.3967478,4,287.579259
16.470156,24,287.579271
6.766156,9,291.616209
3.1996822,5,291.616412
3.2517397,5,293.368815
3.7603533,5,295.174773
24.81089,30,297.857542
26.36307,30,297.857642
21.124805,30,297.857674
1.6000372,3,299.650816
6.1243973,9,301.406111
13.839826,20,301.406199
6.361763,8,303.183033
17.577116,22,305.750555
12.327158,15,309.389638
7.052752,11,309.389729
9.174044,13,311.290025
18.120007,23,311.290123
6.125114,9,313.94856
3.8454924,6,315.711573
5.7775245,8,315.711666
15.334121,19,317.611795
6.57269,10,317.612035
21.125383,30,317.612157
21.64265,30,319.528868
13.323319,17,319.52916
19.076046,25,319.529299
21.635433,30,319.529427
22.24449,30,319.529549
14.907661,22,322.395206
22.962734,30,322.395298
21.981236,30,322.39532
8.755046,10,322.395337
10.991303,16,324.375278
11.912642,18,324.375463
12.813879,18,324.375537
21.754839,30,324.375598
5.5990567,8,326.385556
16.81047,22,328.107679
10.7124195,16,330.689503
20.86173,30,330.68959
11.498484,16,330.689612
2.454713,4,330.68963
2.4011736,4,332.509941
18.782682,25,334.223936
23.929173,29,334.224022
6.3954144,9,334.224042
1.6000372,3,336.026308
6.3990483,9,336.026389
5.7564764,7,338.870412
7.953729,9,338.870933
1.597429,3,342.607344
11.545549,16,342.607436
3.762564,6,342.607455
20.454542,30,342.60747
2.5660536,4,347.229204
5.5946655,8,347.229292
20.976198,30,349.122046
24.176815,30,352.900597
3.1589653,5,352.900694
18.00448,26,355.684448
1.9583726,3,355.690124
7.054582,11,355.690173
17.952063,25,363.957034
17.005133,25,367.270489
21.29895,30,367.270584
4.177236,7,368.848313
4.287493,7,368.848378
10.067421,15,368.848391
8.588709,13,368.848401
21.29047,30,373.518528
8.38064,13,373.518598
21.55942,30,375.249421
4.1995254,6,375.249488
7.697076,11,377.207541
21.271776,30,379.903828
23.218428,30,379.903927
22.073767,30,381.682774
21.104692,30,381.68287
22.329603,30,381.682893
1.2765543,2,381.682912
22.478672,30,381.68293
21.649078,29,383.316442
20.884697,30,383.316512
16.841114,24,383.316525
12.902019,18,383.316535
22.947659,30,383.316543
22.007866,30,383.316552
3.7581232,5,385.192567
5.7695045,9,385.192657
21.092213,30,385.192682
16.518633,24,385.192699
5.9532175,7,387.816
21.375494,30,387.81608
1.5982071,3,387.816101
1.1962425,2,387.816118
0.96601653,2,387.816135
21.61817,30,389.626081
12.252296,18,389.626163
1.7671529,3,389.626181
7.459656,11,391.40214
21.883574,30,391.402218
1.7882915,3,393.326874
17.279016,25,393.326957
8.2448,12,393.326983
22.92333,30,395.999032
3.9590473,5,395.999118
5.5572557,7,395.999141
22.639395,30,395.999155
18.289425,26,395.999169
3.2140667,5,397.971978
8.585444,13,399.899503
13.162518,15,399.899592
1.9602091,3,399.899615
11.945583,16,399.899632
16.595533,24,401.918723
7.319828,9,401.918813
1.2765543,2,404.80733
5.564969,8,404.807416
7.419383,11,404.807433
8.520893,10,404.807447
9.928532,13,406.600534
3.7585073,5,406.600798
4.9571776,6,406.60092
4.953753,6,406.601032
6.553784,8,406.601146
1.9602091,3,406.601254
9.964404,12,408.504912
3.9571974,5,408.504988
7.6803856,10,410.379421
8.136248,11,410.379512
4.9571724,6,413.109387
12.180897,16,413.109489
14.258189,18,413.109511
6.98759,8,413.109528
1.8555311,3,413.109545
14.358721,16,414.991613
7.1606526,9,414.991706
11.769604,14,417.037043
12.5568075,15,417.037105
4.5596437,6,417.03712
15.446505,18,419.093492
9.359977,11,419.093579
4.560082,6,419.093601
1.9602091,3,419.093617
12.223083,17,421.842667
7.799922,9,421.842748
2.9894383,4,421.842771
8.358344,10,421.842789
7.2465067,9,423.843855
3.9894397,5,423.850365
1.9275646,3,423.850443
1.7882915,3,425.495523
5.7840867,7,425.495608
3.765991,5,425.495628
7.8273025,10,425.495645
14.559434,16,425.495659
17.75461,20,427.355312
7.7601495,9,427.355417
5.792283,7,427.355443
13.438753,15,427.355464
1.9229141,3,430.149561
16.284826,19,430.149617
16.610329,19,432.130292
24.123125,30,432.130366
1.278391,2,432.130383
13.758472,15,434.084205
1.9602091,3,434.084295
4.9571724,6,434.084315
5.1934905,6,434.084332
2.9592168,4,434.084348
2.9592168,4,434.084364
6.7583036,8,435.914533
12.205043,14,435.914733
12.721991,14,435.914774
5.4080234,7,438.50256
0.96601653,2,438.502649
3.9572015,5,440.197938
6.922773,8,440.198054
1.9583726,3,440.198078
5.9571633,7,440.198094
10.851546,12,440.19811
2.7591155,4,440.198126
12.404271,14,440.198142
14.599226,16,441.970065
8.2716675,9,443.922354
16.004717,18,443.922427
3.565887,5,443.922449
13.957162,15,443.922465
7.9571624,9,443.922481
2.41598,4,448.099806
13.286905,16,449.97885
5.792283,7,449.978947
19.453085,22,449.978973
14.748946,16,451.749002
7.114165,9,451.749254
10.5632925,12,451.74945
14.761141,16,454.519331
3.7593386,5,454.519395
1.9602091,3,454.519408
5.756084,7,454.519418
3.7923212,5,454.519426
7.917595,10,454.519435
6.364159,8,456.095935
8.950319,10,456.09603
0.96601653,2,456.096054
9.591571,11,456.096074
0.96601653,2,456.09609
10.216143,13,457.819286
8.398865,11,457.819347
7.1009154,9,457.819361
2.9306767,5,459.484653
3.2509303,5,459.484745
6.248054,8,459.484769
3.7581232,5,459.484786
2.7864804,4,462.379184
2.7591155,4,462.379272
2.050634,3,462.37929
20.556732,22,462.379304
10.557278,13,464.133331
24.004126,28,464.133401
2.5990593,4,464.133415
9.457529,11,464.133425
8.555564,10,464.133435
14.85525,16,464.133443
1.7269642,3,464.133451
4.3670235,6,465.781785
1.7671529,3,465.781876
19.127674,23,465.781896
10.121556,11,465.781915
10.347149,14,467.610736
11.978896,15,467.610847
17.75476,19,467.610874
11.128371,14,467.610892
1.9602091,3,470.623734
1.7649229,3,470.623835
2.9592168,4,470.623857
7.373514,9,472.321893
3.9590473,5,472.322034
14.9531975,16,472.32206
20.401907,23,474.216426
3.2023098,5,475.904797
8.559436,10,475.904877
9.760148,11,478.92948
3.7863147,5,478.92968
7.9571714,9,478.933829
12.589863,14,480.499889
10.595269,12,480.499968
3.677745,5,480.499985
4.5204573,6,482.288948
24.439194,30,482.289037
6.554014,8,483.805596
9.756449,11,483.805677
5.160679,7,486.608691
4.7561126,6,486.608785
9.770604,12,488.388282
7.794132,9,488.38837
9.659194,13,490.232367
4.9676175,7,491.91694
13.365692,15,491.917018
12.305045,17,491.917035
3.9967852,6,494.815464
14.205757,17,494.815582
17.80833,21,496.606755
5.653392,9,496.606822
14.638507,16,496.606835
6.7583036,8,496.606846
10.788574,12,500.103036
2.403409,4,500.103283
1.9583726,3,502.922639
16.523905,19,502.92297
2.9573765,4,504.62652
16.749298,18,504.626611
14.407036,17,506.292033
1.7649229,3,506.292109
16.215254,24,506.292125
23.962915,26,506.29214
21.754501,24,508.015966
8.571571,12,510.785862
10.790992,14,512.551543
8.293235,12,512.551635
1.9602091,3,512.551665
7.483176,10,512.55169
4.532955,7,514.672502
8.204246,11,514.672656
2.5660536,4,514.672705
20.203773,24,514.672746
6.5614834,8,519.485529
4.9620094,7,519.485787
16.952406,23,519.485916
17.687124,22,521.200285
11.184268,15,525.003601
22.359552,30,525.003682
3.9540207,5,525.003699
19.640726,22,525.003713
10.006544,12,527.671147
15.304428,21,527.671284
21.923782,30,527.67134
21.332092,30,527.671387
7.3263545,10,527.671434
21.897593,30,529.787543
8.802744,11,529.787641
5.7238235,7,529.787662
11.982672,17,531.642021
1.7649229,3,531.642111
16.050936,22,531.642132
7.8065844,10,531.642149
1.9583726,3,533.581754
4.359125,6,533.58186
2.3985653,4,533.581892
18.357664,26,533.581919
7.79878,10,533.581944
18.633936,25,533.582004
2.9573765,4,535.779093
17.283802,21,537.889368
3.9572015,5,537.889459
1.9602091,3,537.889481
7.4205446,11,537.889497
21.70285,29,537.889513
9.054662,12,537.889529
1.9602091,3,537.889545
8.955312,10,539.6747
9.760318,11,541.480365
4.760324,6,541.480448
1.1240078,2,541.480469
3.9590473,5,543.930703
1.9894304,3,543.930795
12.336058,15,543.930814
1.0543947,2,545.919958
3.9572015,5,545.920037
8.207283,10,545.920053
1.1240078,2,545.920065
7.957163,9,545.920079
6.084011,8,547.81809
7.559437,9,547.818449
6.76015,8,547.818495
19.933372,25,547.81851
20.559052,22,549.781255
8.083995,10,549.781347
23.18507,30,549.781369
12.962464,15,549.781386
16.66342,21,552.4085
14.656637,19,552.408573
26.177162,30,552.408589
5.9590135,7,552.408603
15.646548,19,554.484374
3.9571974,5,556.324033
9.959012,11,556.324121
13.678376,16,558.017832
5.0505886,6,558.017912
1.9602091,3,558.017932
1.9602091,3,558.017947
2.9592168,4,558.01796
4.2772,5,558.018006
3.9590473,5,560.639385
6.792282,8,560.639463
6.1186867,7,560.639478
11.959012,13,560.639489
2.9592168,4,560.6395
7.765956,9,562.736494
6.0742517,7,562.736562
12.959012,14,562.736576
10.959012,12,562.736587
8.794132,10,564.621775
1.9583726,3,564.621854
6.924021,8,564.621873
5.759305,7,564.621889
13.959012,15,564.621903
12.758477,14,566.411562
1.8011469,3,566.411839
2.9592168,4,566.411945
8.765956,10,566.411967
18.760147,20,568.834037
9.955312,11,568.834102
2.9557893,4,568.834116
3.7581232,5,568.834126
5.9553294,7,568.834134
1.6000543,3,568.834143
5.5624475,7,570.704394
14.758305,16,572.496386
2.0772972,3,572.496476
3.7581232,5,572.496499
3.9572015,5,572.496517
6.9590125,8,572.496532
4.5592594,6,572.496547
2.9592168,4,572.49656
5.0984273,7,574.150543
14.5551195,16,574.168405
2.7661605,4,576.73769
12.203352,14,576.737768
1.1962425,2,576.741
5.0807815,7,576.741039
3.9590473,5,578.320998
9.113899,10,578.321088
1.7649229,3,578.321112
1.9200563,3,578.321129
21.559437,23,580.303034
4.64563,7,580.303124
1.7649229,3,582.36975
4.760184,6,582.36987
5.7611423,7,582.369904
3.198608,5,582.36993
7.193949,8,585.152085
2.7591155,4,585.152181
7.993708,10,587.150985
23.271378,24,587.151094
15.561549,17,587.154691
6.022644,9,587.15482
3.3236454,5,587.154861
12.756467,14,587.154915
8.443135,11,587.154948
2.3989275,4,587.154999
4.75931,6,588.888973
3.9590473,5,588.889077
3.9590473,5,588.889098
11.429646,15,590.519254
6.7614255,9,590.519336
6.364159,8,590.519355
8.6726885,11,590.519369
1.884241,3,593.294224
10.718148,14,593.29431
5.794133,7,593.294334
25.562029,28,595.01286
19.24625,22,595.012935
11.681073,14,595.01295
5.898934,8,596.778969
1.7649229,3,598.612846
4.162012,6,601.398938
11.839722,14,601.399024
4.644514,7,601.399048
3.9590473,5,601.399063
5.7601786,7,601.399078
1.9583726,3,601.399092
4.32548,7,603.277089
7.415314,11,603.277176
4.594417,6,603.277204
5.47262,8,603.277222
17.87469,19,603.277238
4.802364,7,603.277254
5.554622,7,605.097182
6.129636,9,605.09728
4.2004366,6,606.952062
9.076528,12,606.952182
1.6000543,3,609.617664
9.164255,13,609.617736
15.353547,18,609.61775
6.076489,7,611.485147
0.7989179,2,611.485228
17.066978,18,611.485248
7.9014874,12,611.485268
6.9719286,10,611.485284
3.5606453,5,613.215775
7.1554055,9,613.215863
1.7671529,3,613.215885
5.51725,7,615.395231
24.785513,26,618.012288
6.3642697,9,619.606308
6.9208307,8,619.606395
7.1521134,9,619.606416
26.769474,30,619.606432
5.5535507,7,619.606449
3.794167,5,619.606463
1.9602091,3,621.301618
4.27535,5,623.316179
16.356487,18,623.316265
5.849495,7,623.316288
8.043305,11,626.181461
16.56673,20,626.181789
1.7671529,3,626.185421
2.2773986,3,626.185504
6.754212,8,627.898731
11.75646,13,627.898818
10.006822,12,627.89884
3.5602462,5,627.898854
10.924557,12,629.813737
3.0803835,5,629.813826
11.160102,14,629.813848
2.8127584,5,629.813865
10.415826,14,629.81388
9.154626,11,631.622508
7.802583,10,631.622584
1.5982071,3,631.622602
1.9602091,3,634.515005
9.162371,11,636.43184
10.353068,12,636.431909
4.1985793,6,636.431923
3.9590473,5,638.29098
20.326904,26,638.291069
10.241745,13,638.291089
1.9583726,3,638.291104
2.4011905,4,638.291118
0.91561085,2,638.291132
18.244905,22,638.291147
6.9590125,8,640.282705
3.8774357,5,640.282786
18.136185,24,642.825003
26.18661,30,644.508229
6.201577,9,644.508655
1.7649229,3,644.508806
27.519766,30,644.508936
2.7591155,4,644.509057
1.7649229,3,646.084363
22.030216,29,646.084442
7.5995345,10,646.084462
12.635139,17,646.084478
10.952147,12,647.895737
11.451641,14,647.895825
3.557625,5,647.895842
7.1560802,9,650.677593
7.764827,10,650.6777
8.959012,10,650.677728
2.6853719,4,652.287337
1.7171644,3,652.287424
10.406625,13,652.287441
6.389695,8,654.108554
4.1630435,6,656.013442
2.6495705,4,656.013521
5.9534817,7,656.013538
10.357737,13,656.013551
8.987567,10,658.750427
12.648175,19,658.750514
7.7364,12,660.496364
15.612375,19,660.496449
27.78865,30,660.49647
4.555557,6,660.496486
5.754246,7,662.287011
4.754529,6,662.287108
21.886297,30,664.202536
8.802731,11,666.892656
6.402022,9,668.703533
10.559436,12,668.70362
6.5952697,8,670.619697
3.2023268,5,670.647885
6.5716333,10,672.693702
11.708007,18,674.937277
21.723059,30,674.937343
9.951364,11,674.937356
11.364087,15,674.937365
18.303196,24,676.886937
7.161357,9,676.887033
5.6008263,8,676.887057
9.959012,11,678.721134
2.2773986,3,683.230962
2.7613456,4,683.231036
4.1976533,5,683.231056
10.136544,14,684.875712
12.864843,19,684.875831
11.85792,15,686.670319
15.341194,20,686.67046
8.396405,10,688.708827
6.2933197,9,688.708897
20.743134,30,688.708916
2.398546,4,691.651653
9.010371,12,691.651964
11.606758,14,691.652148
5.600854,8,693.695222
23.338905,30,693.695313
1.6022727,3,695.614234
22.039612,30,697.501273
22.592192,30,700.215101
1.6022727,3,700.215174
22.39799,30,700.215188
21.686441,30,702.192201
16.03064,23,703.800653
10.486145,14,705.350834
21.717121,30,708.197724
15.807831,23,708.197815
1.7671529,3,710.219248
18.907774,25,710.219318
15.139061,19,710.219338
4.003446,6,712.098521
22.320263,30,712.098595
22.315956,30,713.979425
11.219377,16,716.384329
8.804958,11,716.384419
10.613632,14,716.384442
15.421493,21,718.383919
10.5910845,13,718.384018
20.361296,27,718.384041
22.85691,28,718.384059
6.444038,9,718.384075
11.566749,15,720.369794
8.530849,12,722.391285
15.709046,22,724.503515
1.9602091,3,724.503596
14.410682,18,724.503619
12.98944,14,724.503638
16.476242,24,724.503655
6.0104895,8,726.385011
14.582339,20,726.385107
3.9572065,5,726.38513
23.281765,30,726.385149
22.416063,28,726.385166
1.9602091,3,726.385182
9.048813,10,728.317147
14.052198,18,728.317233
3.983368,5,728.317254
6.5590606,8,728.31727
7.222798,10,730.016995
1.9894304,3,730.017082
16.64032,23,730.017102
19.355284,21,732.680134
6.957172,8,732.680207
13.599961,16,732.680227
6.7641068,8,734.54356
10.121548,11,734.543626
1.597429,3,734.54364
3.764141,5,736.485442
5.275345,6,736.485521
7.9590125,9,736.485537
12.369102,15,736.485551
15.561285,17,736.485564
22.560074,30,736.485576
10.561306,13,736.485588
1.9894304,3,736.4856
20.304413,23,738.223356
1.9602091,3,738.223442
13.363584,15,738.223463
1.1985551,2,740.948829
3.794167,5,740.948918
1.9875622,3,740.948941
5.9532166,7,740.948958
10.557409,12,740.948973
4.5614896,6,740.948989
4.760184,6,740.949004
5.957164,7,740.94902
7.1175847,8,740.949035
7.8485894,9,742.622213
6.9590125,8,742.622412
2.5990593,4,742.622484
21.355652,28,742.622547
10.40002,12,742.647684
4.7252054,7,742.64797
5.647567,7,744.384866
1.6000372,3,746.111393
9.201648,11,746.111675
6.9553337,8,748.875487
3.7261982,6,748.875584
13.718769,15,752.982238
5.539976,8,752.982328
6.756187,8,752.982346
4.4555335,6,752.982362
2.5034058,4,754.679609
7.394345,9,757.24809
18.407364,21,757.248153
7.0840006,9,757.248167
7.776041,10,757.248176
6.001338,7,757.248185
5.765036,8,759.385389
3.765991,5,759.385478
7.0084414,9,759.385498
13.166188,16,759.385515
4.121559,5,759.385531
6.9656734,9,759.385547
7.9713125,11,759.385561
12.270063,13,761.119762
7.8010607,10,761.120008
15.754584,17,761.120136
8.358346,10,761.120249
12.756452,14,761.120357
1.9583726,3,763.016726
7.43314,9,765.517946
11.770426,14,765.518192
1.9973788,3,765.518266
10.189904,12,765.518328
0.98938525,2,765.518391
9.714853,12,767.749572
5.244199,7,767.749868
3.9590473,5,767.750057
11.00833,13,767.75009
9.092273,12,767.75011
10.811392,13,767.750128
1.9583726,3,767.750144
10.756453,12,767.750163
1.2765543,2,769.621845
1.1962425,2,769.621937
14.395803,16,769.621961
6.758337,8,771.57518
4.5953035,6,771.575274
4.1234093,5,771.575305
6.2771945,7,771.575333
1.9602091,3,771.575357
1.795329,3,771.57538
3.9590473,5,771.5754
12.356486,14,774.349566
13.758304,15,774.350041
2.123509,3,776.332873
1.9602091,3,776.332972
7.557206,9,776.332994
5.98759,7,776.333011
7.5575085,9,778.231978
2.2773986,3,778.232054
3.7603533,5,778.232069
12.054113,13,779.852214
17.759895,20,779.868456
3.9590473,5,779.868532
1.1211282,2,779.868551
8.921669,10,779.868565
10.975254,13,779.868579
4.760184,6,779.868594
4.5592594,6,779.868608
2.9592168,4,779.868623
8.760149,10,779.868635
6.957163,8,782.949374
12.953724,14,782.949448
5.5930443,7,782.949466
6.75792,8,784.82133
6.7583,8,784.821396
2.9875925,4,784.821409
1.9251442,3,784.821419
6.9972243,8,784.821459
11.555358,13,786.687649
5.955576,7,786.687742
1.597429,3,786.687769
1.9583726,3,786.687788
1.9200126,3,786.687806
4.959018,6,786.687824
13.561285,15,788.41977
2.586801,4,788.419848
1.278391,2,788.419866
4.851763,6,791.13333
7.558193,9,791.134088
8.756068,10,793.119588
3.555776,5,793.119656
6.955326,8,793.119669
9.119694,10,793.119678
2.275553,3,793.119687
9.5574045,11,794.996716
5.955059,7,794.996801
6.119433,7,794.996824
2.9592168,4,794.996842
3.4540796,5,796.787322
6.6467214,8,796.787411
4.856616,6,796.787428
6.15625,8,799.806266
3.1960056,5,799.806348
8.560315,11,799.806366
6.6523385,8,801.732583
11.003634,13,801.732662
8.8599205,11,801.732683
17.649624,20,801.732701
9.054113,10,801.732716
2.398546,4,803.672223
7.7584643,9,803.672309
0.91821903,2,803.672331
6.5564337,8,805.516409
8.121556,9,805.516489
6.043114,8,805.51651
6.1922836,8,808.222533
1.9602091,3,808.222611
17.400845,19,808.222627
19.55785,21,808.222639
11.555341,13,808.22265
5.123407,6,810.222936
9.95374,11,810.223005
7.757919,9,812.110626
14.054113,15,812.110913
7.1234064,8,812.110945
6.4068556,9,813.898951
6.5564337,8,813.899045
1.597429,3,813.899065
7.357564,9,813.899082
4.003446,6,813.899097
6.9590125,8,816.522981
3.197027,5,816.523054
11.055089,15,816.523068
4.801955,7,816.523078
7.765956,9,820.20919
11.476869,14,821.902958
13.121557,14,821.903046
2.3993287,4,824.79941
4.5547743,6,824.799495
5.599013,8,824.799515
4.8508067,7,826.422848
4.959018,6,826.422915
4.760184,6,826.422928
16.520885,19,826.422939
8.000204,11,828.254554
14.25579,17,828.254631
1.6000372,3,828.254649
1.9583726,3,830.077166
1.597429,3,834.419653
11.167039,14,834.419728
2.3959103,4,834.419749
11.358985,13,834.419764
12.156039,14,836.470458
2.403409,4,836.470563
12.389412,14,838.41222
21.959011,23,838.412296
8.808419,12,841.078503
9.611401,13,841.078602
4.003446,6,843.087359
13.757918,15,844.955117
26.02269,30,844.955193
12.952931,14,844.95521
7.2102275,10,849.599302
5.7653165,8,851.315413
11.676242,18,851.316812
6.0803466,8,851.31689
11.215908,15,851.316955
6.4068556,9,853.407719
2.5634325,4,853.407792
9.964055,13,853.407806
14.994298,22,853.407816
6.760328,9,853.407825
5.96847,8,855.403319
6.8611727,9,855.403399
24.58059,30,855.403418
7.1958385,9,855.40343
18.973242,25,855.403442
12.018317,17,858.248115
21.85944,28,858.248194
6.675746,8,858.248213
0.98938525,2,860.103927
1.8003644,3,860.104012
22.36046,30,860.104031
21.181168,27,860.104045
2.3959103,4,860.10406
13.962859,17,861.913898
23.353285,30,863.815761
17.048248,23,863.815824
5.7650595,8,866.822968
22.91051,30,866.823038
1.9602091,3,866.823054
4.3561063,6,866.823068
19.493988,27,866.823079
4.3561063,6,866.823091
6.9590125,8,868.741433
16.962858,20,868.741504
1.7649229,3,872.433202
10.959831,13,872.433287
6.5564337,8,872.433311
5.9571724,7,875.308318
13.60501,16,875.308575
23.880104,30,875.308713
2.9592168,4,875.308826
2.5824723,4,875.308943
3.555776,5,877.291592
20.020298,25,877.29167
19.662361,25,877.291692
4.851171,6,877.291707
10.757918,12,877.291721
7.794132,9,877.291735
5.1187043,6,879.114153
4.761147,6,879.11424
1.9583726,3,880.817743
2.9195397,4,880.817822
18.161322,20,880.817838
8.790901,10,880.81785
8.718972,10,880.817862
11.357734,13,880.817872
16.360355,18,883.804011
2.9894383,4,883.804083
11.552739,13,883.8041
5.955059,7,883.804113
3.9590473,5,883.804125
8.606834,11,883.804136
6.3660297,8,885.603211
18.555998,20,885.603295
2.8511958,4,887.305383
14.75263,16,887.305463
4.9553313,6,887.305485
3.6523378,5,887.305501
12.357269,14,887.305514
5.5876064,7,889.08773
10.561483,12,889.087821
5.765957,7,889.087847
3.794167,5,891.891267
4.8863378,7,891.891364
6.9571624,8,893.688272
3.9590473,5,893.688361
2.2773986,3,893.688381
4.726193,6,893.688397
18.872183,21,895.611701
2.7613456,4,895.611792
6.195803,7,895.611811
5.123407,6,895.611826
1.9602091,3,897.470617
6.9590125,8,897.471126
9.55944,11,900.222987
1.9602091,3,900.247653
1.0508548,2,900.247686
3.0541215,4,902.018719
1.9194621,3,902.018788
3.121578,4,904.071853
6.0541134,7,904.072026
1.9583726,3,904.072103
4.8554835,6,905.899138
9.557848,11,905.899216
7.4079847,9,905.899239
11.758299,13,908.678618
2.7591155,4,908.679126
22.610985,25,908.679325
8.010185,10,908.679496
3.2753794,4,910.801392
11.355827,13,910.801473
10.758299,12,912.72494
11.66108,14,912.725162
7.195799,8,912.725254
14.6606865,17,912.725333
12.922313,14,912.72541
24.346182,26,912.725487
3.9590473,5,914.533752
12.360193,14,914.533819
1.9602091,3,914.533838
5.9590135,7,914.533853
10.959012,12,914.533866
18.186205,20,914.533879
4.9571724,6,917.52901
7.7582994,9,919.405897
29.75249,30,919.406019
11.760149,13,919.406046
10.955313,12,919.406065
3.9590473,5,919.406082
1.278391,2,921.242967
19.758305,21,921.243039
1.9602091,3,921.243058
5.9590135,7,921.243071
18.388767,20,921.243084
7.9590125,9,921.243095
9.20912,11,921.243106
2.9573765,4,922.873072
3.9590473,5,922.873157
7.9571667,9,922.873177
28.873058,30,925.449039
5.9590135,7,925.449147
17.392315,19,925.449178
15.7583,17,925.449202
4.957168,6,927.250561
4.957168,6,927.250811
8.43656,10,927.250922
3.40935,5,928.868711
1.9894304,3,928.868836
4.210486,6,930.590966
6.9590125,8,930.591058
4.2082677,6,930.591079
4.2772,5,930.591095
0.96601653,2,930.59111
22.450304,24,930.591128
1.9602091,3,930.591143
0.96601653,2,933.202624
10.959012,12,933.210198
3.9590473,5,933.210264
5.7583084,7,935.069756
3.9590473,5,935.069925
10.95137,12,937.068874
13.723446,15,937.069397
1.9602091,3,937.069661
7.760149,9,939.098777
7.4061346,9,939.098861
3.7581232,5,941.593441
9.992973,11,941.593526
3.9590473,5,941.593545
3.9590473,5,941.593561
14.275344,15,943.553641
13.955048,15,943.553739
9.756078,11,943.553763
3.9590473,5,943.553782
9.052249,10,945.292056
13.555339,15,945.292147
5.9571633,7,945.292168
11.07425,12,945.292184
4.98944,6,945.2922
8.959012,10,945.292216
7.758299,9,947.117447
1.9602091,3,947.117533
12.35834,14,947.117556
4.959018,6,949.851564
6.9590125,8,949.851635
18.95716,20,949.851661
17.161324,19,949.851676
3.7581232,5,951.720069
1.9602091,3,951.720152
10.955317,12,955.606229
1.597429,3,955.606308
19.95716,21,955.606325
6.9590125,8,955.606339
10.957162,12,955.606352
1.9602091,3,958.324277
4.5566325,6,958.324361
7.9590125,9,958.324384
20.35466,22,958.324401
2.7591155,4,958.324419
5.957164,7,958.324435
9.955312,11,960.279176
14.98389,16,960.279256
5.556463,7,960.279279
6.9590125,8,960.279295
17.756077,19,960.279312
6.7542114,8,960.279328
5.9553266,7,960.279342
11.953207,13,962.221036
6.2771945,7,962.221121
17.9553,19,962.221141
2.5634325,4,964.19453
6.9571624,8,964.194617
6.9590125,8,964.194634
1.9602091,3,966.920918
9.98944,11,966.921005
17.957167,19,966.921027
1.9583726,3,966.921045
3.9571974,5,968.894845
9.953454,11,968.894941
2.6800952,4,968.894964
12.554578,14,970.821039
1.9602091,3,970.821136
5.7560744,7,972.668931
15.955048,17,972.669431
4.9571686,6,972.669499
9.957162,11,972.669545
1.5982071,3,975.238609
4.5566325,6,975.238669
6.5564337,8,975.238681
1.9602091,3,975.238689
7.754228,9,975.238697
4.1166606,5,977.282796
7.7560687,9,977.28289
3.1974342,5,977.282911
6.9555836,8,977.282927
4.110474,5,979.148363
7.756061,9,979.148442
9.955575,11,979.148458
8.756068,10,979.14847
7.3530746,9,981.091289
2.5152087,4,981.091389
20.752377,22,981.091409
1.7649229,3,981.091426
1.7649229,3,981.09144
13.959012,15,983.642428
15.271907,16,983.642513
9.195055,11,983.642534
2.757267,4,983.642549
6.601212,8,983.642563
11.98944,13,983.642575
18.95716,20,983.642587
1.9602091,3,985.515418
1.9602091,3,985.515497
7.403205,9,985.515516
3.2000465,5,985.51553
4.8045826,7,987.486869
1.7671529,3,987.48695
12.364321,15,987.491134
4.050159,5,987.491187
8.003845,11,987.491222
6.3979225,9,989.371032
13.988406,16,992.218259
7.6757407,9,992.218332
2.5152283,4,992.218346
3.200465,5,994.207536
4.801955,7,994.207616
1.6000372,3,994.207637
3.1970465,5,994.207653
4.003446,6,996.226153
7.9571667,9,996.226419
3.197027,5,996.226531
8.959012,10,998.083763
22.206146,25,998.083853
1.6000372,3,1000.586917
1.597429,3,1002.280064
8.009129,11,1004.069575
9.98944,11,1004.069695
19.583418,21,1005.896475
10.756061,12,1005.896569
7.207992,10,1005.896592
14.273757,15,1005.89661
7.207992,10,1008.890636
8.062159,11,1010.82674
8.810265,12,1010.82682
11.215908,15,1010.82684
2.398546,4,1010.826854
9.606956,13,1010.826867
7.202709,10,1012.714802
4.801955,7,1012.714893
1.7140921,3,1012.71492
2.5152087,4,1014.415454
22.328772,25,1017.178996
8.804981,12,1017.179116
9.611401,13,1019.026517
16.233772,24,1020.880464
3.316735,5,1020.880551
12.533419,16,1020.880572
1.597429,3,1025.586547
14.368957,18,1025.586643
19.756712,21,1025.586668
15.973856,20,1025.586686
12.014809,16,1027.451139
12.368105,15,1029.219628
5.892061,9,1029.219821
6.8042746,9,1031.126256
8.803966,12,1031.126344
9.609555,13,1031.126365
7.2020817,10,1033.898685
5.605719,8,1033.898778
18.570414,22,1035.797717
13.195812,15,1035.797807
6.960036,9,1035.79783
9.776281,13,1035.797846
5.1979275,7,1035.797862
3.1960104,5,1035.797878
22.9507,30,1035.797894
20.3226,29,1037.809468
1.9602091,3,1039.679291
16.569592,21,1039.679558
4.884284,7,1039.679693
10.771375,15,1042.730277
11.258389,14,1042.730728
4.959018,6,1044.668851
2.7591155,4,1044.668946
4.3561063,6,1044.668971
5.7601547,7,1044.668988
0.98509765,2,1044.669005
23.670265,30,1046.522813
4.5194063,6,1046.522878
4.1234093,5,1046.522892
4.076135,5,1046.522901
25.205349,29,1046.52291
18.39014,23,1048.277516
4.959018,6,1051.193722
1.597429,3,1051.19381
5.556463,7,1051.193834
3.557625,5,1051.193848
4.5566325,6,1053.222338
22.182833,28,1053.222599
1.9602091,3,1053.222743
9.354909,11,1053.222878
11.360186,13,1053.22301
1.7882915,3,1053.223141
1.783965,3,1053.22327
17.406443,22,1053.223399
3.0541215,4,1053.223518
10.15423,12,1053.223536
24.197432,27,1053.223553
3.7581232,5,1055.218657
22.64708,29,1055.218718
17.93553,22,1057.019784
5.9590135,7,1057.019855
1.9602091,3,1057.01987
17.771135,22,1057.01988
1.9974614,3,1059.937224
6.0541134,7,1059.937314
1.7649229,3,1059.940904
9.85302,11,1059.940939
15.957176,18,1059.940959
11.354909,13,1059.940975
11.123406,12,1061.930443
18.268806,22,1061.930524
3.9590473,5,1063.889011
4.054115,5,1063.889098
1.9602091,3,1063.889122
12.757918,14,1065.698123
18.995121,21,1065.698212
1.9894304,3,1065.698241
5.9590135,7,1065.698259
3.9590473,5,1068.538713
6.0541134,7,1068.538795
18.56371,21,1070.294601
1.9602091,3,1071.972761
10.959012,12,1071.972931
5.277195,6,1071.973001
7.9590125,9,1071.973061
8.959012,10,1071.973116
5.9590135,7,1071.97317
4.05059,5,1071.973223
6.9590125,8,1073.783733
1.9602091,3,1073.783832
5.9590135,7,1073.783856
11.277194,12,1073.783874
10.959012,12,1076.818934
6.999537,8,1076.819024
2.9224153,4,1078.769747
10.855289,12,1078.76985
1.9602091,3,1078.769897
5.9571633,7,1078.76992
10.790574,12,1080.792666
14.959012,16,1080.792746
18.195797,19,1082.782116
16.760178,18,1082.78222
3.9590473,5,1082.782249
6.2753487,7,1082.78227
3.9590473,5,1085.311418
7.9590125,9,1085.311591
4.959018,6,1085.311638
14.554578,16,1087.111354
0.96601653,2,1087.111434
5.123407,6,1088.985657
5.9590135,7,1088.985744
13.957162,15,1090.691171
7.9590125,9,1090.691264
11.959012,13,1093.678954
13.957162,15,1093.679064
6.1234064,7,1093.679098
3.9590473,5,1093.679126
19.123405,20,1095.512467
15.758299,17,1095.512544
18.95716,20,1097.342208
7.9571624,9,1097.342329
7.9590125,9,1099.271463
8.959012,10,1099.27159
20.959011,22,1099.271638
14.957163,16,1099.271677
15.98944,17,1099.271714
21.757917,23,1101.792923
5.9590135,7,1101.793168
6.98944,8,1101.793307
13.959012,15,1103.693532
8.959012,10,1103.693628
4.054115,5,1103.702025
17.95716,19,1103.702093
10.054113,11,1103.702117
12.957162,14,1105.627166
12.123406,13,1105.62725
3.9571974,5,1105.627274
2.9592168,4,1107.483029
15.959012,17,1107.483114
5.9590135,7,1107.483139
3.9590473,5,1110.182477
16.191633,17,1110.182555
11.955048,13,1110.182575
17.120531,18,1110.182589
4.959018,6,1112.106346
11.987567,13,1112.106415
1.1985551,2,1112.106429
1.9583726,3,1112.106438
1.278391,2,1112.106447
10.959012,12,1114.209613
3.9590473,5,1114.209683
3.9590473,5,1114.209698
5.9590135,7,1116.069234
7.9590125,9,1116.069338
12.959012,14,1116.078023
1.597429,3,1116.078094
10.193684,11,1116.078116
6.952932,8,1116.078134
1.9229141,3,1116.07815
11.957162,13,1116.078166
6.9590125,8,1119.069138
1.9583726,3,1119.069461
9.957162,11,1119.069648
1.597429,3,1119.069815
5.9590135,7,1119.070026
3.9572065,5,1121.032865
9.197648,10,1121.032937
20.95531,22,1121.032956
3.1976752,4,1122.912981
10.959012,12,1122.913056
1.597429,3,1122.913072
0.96601653,2,1122.913083
5.9571633,7,1122.913093
6.119443,7,1124.733872
14.955048,16,1124.733953
1.597429,3,1124.734013
14.953461,16,1124.73403
2.3959103,4,1124.734045
5.9590135,7,1127.387129
9.957162,11,1127.387219
0.8011364,2,1127.387237
8.959012,10,1127.387251
9.957162,11,1127.387264
3.2023098,5,1127.387278
19.95716,21,1129.38402
1.597429,3,1129.38411
7.9590125,9,1133.023563
2.4011736,4,1133.023643
5.9590135,7,1133.023665
1.597429,3,1133.023681
17.95345,19,1133.023697
13.955312,15,1133.023715
3.316345,5,1135.799409
7.202709,10,1135.799502
8.807637,12,1137.721864
4.801955,7,1141.027169
7.2610226,10,1141.02727
5.605719,8,1141.02729
17.275343,18,1143.731222
8.011364,11,1143.731318
9.613636,13,1143.747632
3.2023098,5,1143.747706
2.4011905,4,1145.789673
14.753951,16,1145.789753
6.399354,9,1145.789772
10.409909,14,1145.789787
1.9583726,3,1147.424092
12.565334,16,1149.318823
7.207992,10,1149.318896
6.4027753,9,1152.115227
12.0054455,16,1153.904087
2.403409,4,1153.904193
6.4015727,9,1153.914032
2.398546,4,1153.914114
3.1996822,5,1155.882027
14.416372,19,1155.882115
3.9981632,6,1155.882138
11.55945,14,1155.882154
1.6471453,3,1160.61193
1.597429,3,1160.612195
13.6077175,18,1160.612222
4.0008187,6,1162.515469
13.158695,15,1164.511479
15.214069,20,1164.511571
2.398546,4,1164.516923
1.597429,3,1166.415569
12.012181,16,1166.415656
8.006501,11,1166.415682
8.8125,12,1169.236618
8.8125,12,1169.236815
1.597429,3,1171.183971
6.409091,9,1173.005067
17.744314,23,1173.005161
4.0056815,6,1173.005185
16.82386,22,1179.295272
21.878841,30,1179.295372
24.031849,30,1181.010891
7.2053647,10,1181.01098
21.852377,30,1181.011002
12.141736,16,1181.011018
9.659147,13,1182.876913
3.2000933,5,1182.877006
6.5691085,9,1182.877028
6.4015727,9,1185.778251
10.694108,14,1185.778359
19.227268,25,1185.786111
21.611506,30,1185.786183
16.986506,22,1187.522952
1.7649229,3,1187.523047
1.7649229,3,1187.523065
7.463486,10,1187.523078
22.955006,30,1187.52309
21.95734,30,1189.220175
21.962643,30,1189.220265
14.77839,19,1189.220286
1.597429,3,1189.220303
7.800895,10,1189.220319
21.962004,30,1191.069553
13.373989,17,1191.078028
14.567792,18,1191.078104
1.5982071,3,1191.078137
20.192383,28,1194.012748
17.704493,23,1194.012813
9.560289,12,1194.012828
5.3879843,7,1195.917091
4.9571686,6,1195.917168
1.9602091,3,1197.87485
4.756096,6,1197.874963
2.7591155,4,1197.875
3.9988117,5,1197.875034
5.356678,7,1199.668862
4.7579536,6,1199.669305
8.387992,10,1199.669603
11.089706,14,1199.669882
4.790576,6,1199.670202
4.7579536,6,1202.269203
6.0541134,7,1202.269363
0.96601653,2,1204.017572
25.978298,30,1204.017652
1.9602091,3,1204.017675
5.9590135,7,1205.715615
22.460585,26,1205.715696
9.959012,11,1207.485272
3.9572065,5,1207.485356
2.9573765,4,1207.485379
19.389557,23,1210.393139
4.761147,6,1212.116101
5.9571633,7,1212.11616
7.7611413,9,1212.116174
14.559435,16,1212.116184
16.487404,19,1212.116192
1.9602091,3,1214.01824
10.85302,12,1214.018335
10.121556,11,1214.018354
8.052263,9,1214.018369
10.957162,12,1214.018383
21.199667,24,1214.018396
1.9602091,3,1215.935402
4.760184,6,1215.935485
15.554578,17,1215.93551
5.9590135,7,1215.935527
12.406134,14,1215.935545
4.959018,6,1218.785277
12.959012,14,1218.785358
15.877237,17,1218.785378
12.76015,14,1220.606539
1.1985551,2,1220.606602
1.9602091,3,1220.606615
1.1985551,2,1222.502486
3.9590473,5,1224.396316
10.277194,11,1224.396597
26.565117,29,1226.784713
14.197648,15,1226.784801
14.76015,16,1226.784819
4.1234093,5,1226.784833
4.959018,6,1226.784847
23.791395,26,1226.78486
9.197648,10,1228.783826
6.9590125,8,1228.784184
11.760149,13,1230.755203
16.760149,18,1230.7553
6.9590125,8,1230.755326
13.078331,14,1232.57981
6.9590125,8,1232.579885
15.959012,17,1232.579907
9.123406,10,1232.579921
2.9592168,4,1235.469287
1.1240078,2,1235.469691
11.959012,13,1235.469846
9.197648,10,1235.470024
6.9590125,8,1235.470172
10.959012,12,1237.428168
6.9590125,8,1237.428255
4.2772,5,1237.428276
7.9590125,9,1237.428292
9.959012,11,1239.327012
3.9590473,5,1239.327096
5.277195,6,1239.32712
7.1234064,8,1239.327138
17.989439,19,1239.327154
8.959012,10,1241.084181
18.959011,20,1241.084254
6.9590125,8,1243.969615
11.98944,13,1243.969695
12.959012,14,1243.969712
13.959012,15,1243.969726
8.123406,9,1245.781015
3.9590473,5,1245.781101
2.9592168,4,1245.781124
5.1976495,6,1245.781143
7.9590125,9,1247.89414
9.959012,11,1247.89424
18.959011,20,1247.894259
11.123406,12,1249.913358
7.9590125,9,1249.91345
4.2772,5,1249.913475
6.9590125,8,1249.913492
6.98944,8,1252.62035
8.277194,9,1252.620441
5.9590135,7,1252.620463
10.959012,12,1252.62048
5.9590135,7,1252.620496
1.9602091,3,1252.620511
17.959011,19,1252.620525
1.9602091,3,1254.682626
10.054113,11,1254.682716
4.2772,5,1254.682739
7.1976485,8,1256.503801
3.9590473,5,1256.503888
2.9592168,4,1258.418081
3.9590473,5,1258.418154
17.054111,18,1258.418169
1.1985551,2,1258.418179
4.98944,6,1258.418188
1.9602091,3,1258.418198
1.9602091,3,1258.418207
7.9590125,9,1261.022082
6.98944,8,1261.022155
5.9590135,7,1261.022172
10.959012,12,1261.022183
3.9590473,5,1263.109501
3.1976752,4,1264.806892
0.96601653,2,1266.782645
1.9602091,3,1266.782739
4.959018,6,1269.374883
4.0841436,5,1269.374979
12.959012,14,1269.375002
13.959012,15,1269.37502
16.275343,17,1269.375036
6.9590125,8,1269.375051
16.121555,17,1271.397377
5.98944,7,1273.300421
9.924627,11,1273.300521
6.197649,7,1273.306197
10.761141,12,1273.306366
8.959012,10,1273.306497
13.959012,15,1273.306621
14.957162,16,1273.306747
1.1240078,2,1273.306874
1.9602091,3,1275.168873
8.760319,10,1275.16901
10.959012,12,1275.169105
13.760318,15,1275.169135
16.959011,18,1277.888921
1.0543947,2,1277.889216
10.959012,12,1277.889357
8.985717,10,1279.958162
2.2773986,3,1279.958225
3.9590473,5,1279.958237
8.959012,10,1281.872113
1.9894304,3,1281.872208
1.1240078,2,1283.98698
11.197648,12,1283.987431
7.9590125,9,1286.782243
1.2765543,2,1286.782324
10.959012,12,1286.78234
4.959018,6,1286.782354
6.9590125,8,1286.782367
5.120533,6,1286.78238
15.760149,17,1286.782393
1.0508548,2,1286.782406
3.9590473,5,1286.782418
4.9571776,6,1288.58665
9.644766,11,1288.586749
3.9572065,5,1288.586771
15.957171,17,1288.586787
12.98944,14,1288.586804
1.8816142,3,1290.552859
4.9571776,6,1290.553139
7.9590125,9,1292.356272
7.9590125,9,1292.356367
26.117592,27,1292.356387
8.275344,9,1292.356398
2.5824723,4,1295.105127
0.96601653,2,1295.105214
2.5634325,4,1295.105237
1.7649229,3,1295.105254
2.9851782,4,1295.105271
15.951346,17,1295.105288
2.757267,4,1296.957352
6.957172,8,1296.957581
19.117592,20,1296.957717
24.07648,25,1296.957758
5.554613,7,1298.818964
8.957162,10,1298.819046
4.5566325,6,1298.819064
11.957162,13,1298.819079
13.959012,15,1298.819093
1.597429,3,1298.819107
12.985476,14,1298.81912
12.953185,14,1298.819133
5.9590135,7,1300.622356
2.5152087,4,1300.622421
2.3974714,4,1303.283418
5.9537463,7,1303.283504
1.5982071,3,1303.283529
5.985982,7,1303.283545
3.2000465,5,1305.178795
13.952922,15,1305.178885
3.9590473,5,1307.006749
7.7507753,9,1307.006839
4.9571724,6,1308.990515
13.951887,15,1311.101597
14.806818,17,1311.101682
12.197648,13,1313.239236
2.403409,4,1313.239303
10.324689,13,1313.239316
4.801955,7,1313.239327
2.3959103,4,1315.155032
4.0056815,6,1315.155126
12.955304,14,1315.155155
2.4011736,4,1316.84859
9.054113,10,1316.848956
8.011364,11,1320.877095
6.404228,9,1320.877197
16.052263,17,1320.877226
2.4011736,4,1320.877249
3.2023098,5,1320.877322
4.7992997,7,1320.877347
27.959011,29,1320.877368
1.597429,3,1322.988372
6.404228,9,1322.988457
7.202709,10,1322.988478
4.801955,7,1324.972224
9.608773,13,1324.974551
0.91561085,2,1324.974617
1.6000372,3,1327.322011
10.409909,14,1327.322086
13.617081,18,1327.322101
10.53409,14,1327.32211
4.8045826,7,1329.283836
13.617081,18,1331.185879
14.420452,19,1331.186001
1.6000372,3,1331.186029
2.4515762,4,1333.196126
7.207992,10,1333.196409
4.0008187,6,1333.196541
4.801955,7,1336.049139
3.2045453,5,1338.185863
2.398546,4,1338.185949
3.2023098,5,1338.185998
3.2045453,5,1338.186018
16.018644,21,1338.186032
2.5660536,4,1340.118716
14.934171,19,1342.118118
16.013796,21,1342.11819
8.559653,11,1344.436308
5.5963836,8,1344.447551
17.374807,22,1344.44761
11.134788,14,1344.447627
1.597429,3,1344.447638
1.597429,3,1344.447649
12.012964,16,1346.248335
7.202709,10,1346.248414
2.3959103,4,1346.248433
4.0008187,6,1346.248447
18.735205,23,1348.405066
2.4489145,4,1350.347842
10.606127,14,1353.074756
1.597429,3,1353.074849
13.562104,16,1355.106846
21.056904,30,1355.106921
8.171381,11,1355.10694
3.3694255,5,1355.106956
2.7591155,4,1356.948164
4.361383,6,1356.948267
21.24675,30,1356.948295
6.7670274,9,1356.948318
15.312588,21,1356.948349
22.840904,30,1356.94837
7.2990074,11,1356.948391
5.673126,7,1358.894403
4.554792,6,1358.894491
1.9602091,3,1358.89451
15.771082,20,1358.894525
13.171255,17,1358.894538
22.209188,28,1358.894552
10.169444,13,1358.894565
8.559653,11,1358.894577
1.597429,3,1361.409095
23.983372,30,1361.40915
1.597429,3,1361.409164
1.1240078,2,1361.409174
16.945925,22,1361.409183
13.291427,18,1361.409192
15.092364,20,1363.497795
8.39996,10,1363.497884
10.004468,12,1363.497908
1.9602091,3,1365.302627
1.9602091,3,1365.302712
2.123509,3,1365.302734
2.123509,3,1365.302753
9.601057,11,1367.283083
6.5564337,8,1367.283176
5.98944,7,1370.03204
1.1240078,2,1370.032123
3.9590473,5,1370.037735
15.760149,17,1370.037771
6.197649,7,1372.17147
4.959018,6,1374.016954
11.354909,13,1374.017024
7.9590125,9,1375.807789
6.9590125,8,1378.282203
3.9590473,5,1378.282284
5.9590135,7,1378.282306
4.27535,5,1379.889029
9.195798,10,1381.783588
1.8555311,3,1381.783682
7.9590125,9,1381.783709
1.9602091,3,1383.725769
11.756068,13,1383.725845
18.964693,21,1383.725868
11.757918,13,1383.725885
17.362421,19,1383.725901
8.275344,9,1383.725915
10.959012,12,1383.725931
11.754481,13,1386.587006
7.98944,9,1386.58709
13.959012,15,1386.59401
4.959018,6,1386.594066
10.760178,12,1388.392632
8.197649,9,1388.392758
14.922313,16,1390.269828
12.957162,14,1390.269956
9.197648,10,1390.270056
20.362421,22,1390.270089
1.9602091,3,1390.270118
21.561285,23,1394.81714
16.959011,18,1394.817203
4.959018,6,1394.817217
4.959018,6,1396.706637
7.9590125,9,1396.706716
20.197647,21,1396.706736
3.277229,4,1398.698505
11.98944,13,1398.698589
8.123406,9,1400.718102
7.9590125,9,1400.718194
18.95716,20,1400.718216
11.98944,13,1400.718233
6.9590125,8,1400.718252
18.07648,19,1405.325523
7.9590125,9,1405.325615
19.959011,21,1405.325639
5.9590135,7,1405.325657
4.1976533,5,1407.115748
10.275344,11,1407.116011
1.9602091,3,1407.116151
11.959012,13,1407.116275
10.197648,11,1407.11639
9.959012,11,1407.116412
21.959011,23,1408.905768
5.9590135,7,1408.905849
3.9590473,5,1408.905866
1.278391,2,1408.90588
8.195799,9,1408.905893
2.9592168,4,1408.905905
7.9590125,9,1408.905918
4.959018,6,1408.905931
5.9571724,7,1411.645025
20.955582,22,1411.645095
11.98944,13,1411.645112
3.794167,5,1411.645125
10.955058,12,1413.212403
11.953712,13,1413.212496
1.7649229,3,1413.212518
1.7649229,3,1413.212536
11.957162,13,1413.212551
21.119123,22,1415.023673
9.953473,11,1416.949343
1.7905216,3,1416.949579
4.9571686,6,1419.916983
1.597429,3,1419.917072
3.5852034,5,1419.917092
1.7649229,3,1419.917111
1.9602091,3,1419.917127
5.0742655,6,1419.917142
3.7603533,5,1421.749933
6.758478,8,1421.750118
9.56146,11,1421.750139
3.9553487,5,1421.750154
15.959012,17,1421.750167
8.951873,10,1421.75018
6.9553285,8,1421.750192
15.7583275,17,1423.7135
5.955059,7,1423.713585
9.760179,11,1423.713607
6.791293,9,1425.549176
7.2072763,9,1425.549284
6.9590125,8,1425.549313
22.756449,24,1428.232635
2.957371,4,1428.232698
17.193947,18,1428.232711
10.273499,11,1428.232721
1.597429,3,1428.232729
6.953697,9,1428.232738
7.9590125,9,1428.232746
2.7591155,4,1428.232755
7.406135,9,1430.026373
7.277194,8,1430.047686
5.957164,7,1430.047836
2.3959103,4,1432.170392
3.9590473,5,1432.170491
16.9484,18,1432.17052
3.9572015,5,1432.170543
1.6022727,3,1434.069045
5.556463,7,1434.069112
1.597429,3,1434.069124
4.98944,6,1434.069134
11.957162,13,1436.378918
11.957162,13,1436.378999
8.959012,10,1438.183041
3.2023098,5,1438.183127
12.957163,14,1442.069572
14.951348,16,1442.06967
8.957163,10,1442.069698
3.321628,5,1444.990778
7.207992,10,1444.990866
4.0056815,6,1444.990885
11.757918,13,1446.749069
7.98944,9,1446.749168
12.85117,14,1449.08543
8.009129,11,1450.921044
15.959012,17,1453.472759
10.414772,14,1455.115095
12.012181,16,1455.115189
8.86553,12,1455.11521
8.807637,12,1455.115228
4.0008187,6,1455.115243
8.810265,12,1458.882972
17.959011,19,1458.883069
2.398546,4,1463.721485
9.661803,13,1465.769333
3.1996822,5,1465.769455
12.014809,16,1467.920495
13.619316,18,1470.273653
8.003845,11,1470.273759
12.815945,17,1470.273796
17.739452,23,1470.273827
15.221588,20,1470.273856
14.412933,19,1470.273885
6.4068556,9,1470.273912
2.3959103,4,1474.121906
6.4015727,9,1474.122032
12.012181,16,1476.07055
8.003845,11,1476.070799
1.597429,3,1476.070881
3.9981632,6,1476.070934
19.222406,25,1478.789314
18.418613,24,1478.789401
24.357557,26,1478.789422
1.6022727,3,1480.606781
20.020885,26,1480.606869
5.6030917,8,1484.405738
1.597429,3,1484.405831
17.67579,23,1484.405853
4.857613,7,1484.405871
9.606117,13,1487.269603
4.117481,6,1489.415239
21.28143,27,1489.415327
11.208389,15,1491.488313
24.031849,30,1491.488418
17.620134,23,1491.488439
4.85233,7,1493.431692
13.617081,18,1493.468153
2.403409,4,1493.468328
20.827305,27,1496.014705
23.228086,30,1496.014771
16.816341,22,1496.014784
8.003845,11,1499.921067
6.409091,9,1499.921138
23.22543,30,1499.921152
6.528409,9,1499.921162
11.213673,15,1501.821196
4.003446,6,1501.821265
20.026169,26,1501.821281
8.810265,12,1501.821294
21.676188,28,1504.099156
23.228086,30,1508.048922
5.6079545,8,1508.049028
24.031849,30,1508.049056
8.8125,12,1509.8174
14.420452,19,1509.817479
14.420452,19,1509.817497
2.403409,4,1509.817509
12.813317,17,1509.817522
8.009129,11,1509.817533
20.023542,26,1509.817544
16.215782,21,1514.130105
11.573846,15,1516.069193
7.766035,10,1516.069314
7.256814,9,1517.994495
15.807619,20,1517.994591
8.56494,11,1517.994611
7.4109454,10,1520.631047
10.794414,13,1522.332803
9.163559,11,1522.33288
8.325722,10,1522.3329
11.062608,15,1524.509516
5.6587496,8,1526.323799
4.591711,6,1526.323922
10.360576,12,1526.323943
6.962663,9,1526.323958
21.988613,28,1528.930319
23.395594,30,1528.930397
3.9590473,5,1528.930417
16.368103,19,1530.71081
1.0508548,2,1532.613516
10.267134,15,1532.613594
10.768629,14,1532.613616
5.9590135,7,1532.613632
1.9602091,3,1532.613647
18.981941,24,1534.669279
15.937523,20,1534.669425
9.366468,12,1534.669477
17.407661,22,1534.669526
5.0541134,6,1534.66957
16.572649,20,1534.669609
3.1976752,4,1534.669648
10.214836,13,1534.669686
6.7940183,9,1534.669724
1.9602091,3,1534.66976
22.413336,28,1537.384335
3.9590473,5,1537.384412
10.168065,13,1537.38443
5.360396,7,1537.384443
13.956293,19,1539.413706
1.9602091,3,1539.413797
20.169239,23,1539.413822
1.1240078,2,1539.41384
1.9602091,3,1541.285028
8.524957,10,1541.28511
0.96601653,2,1543.202482
11.855508,16,1543.20257
4.054115,5,1543.202589
8.360192,10,1543.202603
12.36828,16,1543.202617
4.1976533,5,1543.202631
13.810071,17,1543.202645
3.9590473,5,1545.791426
3.9590473,5,1545.791909
9.959012,11,1547.620002
4.959018,6,1547.620085
15.366259,18,1547.620108
1.9602091,3,1547.620125
1.9602091,3,1549.380248
2.1978035,3,1549.380326
13.959012,15,1549.380344
1.9602091,3,1549.38036
1.1240078,2,1551.414412
7.0505886,8,1554.220929
1.9851663,3,1554.220998
7.9571624,9,1556.089921
8.959012,10,1556.090046
7.9590125,9,1556.09007
5.9590135,7,1556.090087
1.278391,2,1556.090103
7.9590125,9,1558.17054
1.0543947,2,1558.170667
3.919456,5,1560.204906
9.959012,11,1560.205003
10.957162,12,1560.205026
10.959012,12,1560.205044
7.9571714,9,1562.609406
6.9571624,8,1562.60947
7.9590125,9,1562.609483
15.959012,17,1562.609493
1.9602091,3,1562.609503
5.2735085,6,1562.609512
22.005123,26,1564.311078
6.2753534,7,1564.311157
14.765956,16,1566.490575
11.959012,13,1566.490663
14.959012,16,1566.490684
15.765956,17,1566.490699
7.9571624,9,1566.490716
3.9571974,5,1566.490732
14.957162,16,1568.422179
5.9590135,7,1568.422393
3.5602517,5,1570.840522
23.961256,26,1570.840791
0.96601653,2,1570.84637
4.98944,6,1570.846517
4.2772,5,1572.615796
4.7561126,6,1572.615883
1.597429,3,1572.615906
7.9571624,9,1574.608233
15.788725,17,1574.60832
21.054111,22,1574.608341
2.2773986,3,1574.608357
5.9590135,7,1576.717911
19.27323,20,1576.718026
13.953461,15,1576.71805
6.195799,7,1576.718067
3.9571974,5,1576.718083
16.117867,17,1579.415276
6.9590125,8,1579.415354
9.957162,11,1579.415375
13.957171,15,1579.41539
8.959012,10,1581.569555
7.98759,9,1581.577795
9.955299,11,1581.577858
5.519321,7,1583.481316
8.959012,10,1583.481398
2.586801,4,1583.481421
3.9571974,5,1583.48144
17.959011,19,1583.481457
2.7591155,4,1585.255829
5.753961,7,1585.255907
7.953202,9,1585.255928
4.959018,6,1585.255943
15.652304,17,1585.255958
8.385337,10,1587.9179
2.7591155,4,1587.918029
1.9583726,3,1587.918055
5.1958036,6,1587.918072
1.9583726,3,1587.918087
13.953724,15,1587.918103
1.597429,3,1589.914243
1.597429,3,1589.91431
7.955312,9,1589.914329
7.9590125,9,1589.914344
5.355114,7,1589.914358
2.6518106,4,1591.780733
12.985741,14,1593.791135
12.957162,14,1593.791219
3.3619134,5,1596.411212
2.3959103,4,1596.411305
2.3959103,4,1598.450598
6.7560697,8,1598.450663
3.197027,5,1598.450676
9.07425,10,1598.450687
5.355114,7,1600.449267
4.5566325,6,1600.449365
11.957162,13,1600.449392
6.404228,9,1602.435239
10.651529,12,1602.435334
10.959012,12,1602.43536
2.3959103,4,1602.435379
17.193935,18,1604.948878
6.75792,8,1604.94917
11.561285,13,1604.949324
20.754206,22,1607.009023
11.55457,13,1607.009112
6.4015727,9,1607.009137
9.680603,11,1608.930712
10.959012,12,1608.930787
6.4015727,9,1608.930809
6.528409,9,1610.903789
5.9590135,7,1610.903872
15.519303,17,1610.903897
11.123406,12,1613.415174
8.006501,11,1613.415256
1.9602091,3,1613.415276
14.957163,16,1613.415293
14.757918,16,1613.415308
8.123406,9,1613.415339
20.277193,21,1615.698993
4.8549857,7,1615.699232
12.98944,14,1615.699343
6.75792,8,1615.699453
10.360186,12,1615.69956
2.398546,4,1615.699666
11.757918,13,1617.592349
7.5868554,9,1617.592429
5.605719,8,1617.592452
7.959866,10,1619.421174
7.354915,9,1621.749003
6.4068556,9,1621.749072
8.98759,10,1621.749088
7.2102275,10,1624.013483
8.125819,11,1626.037713
3.2023098,5,1626.03778
8.003845,11,1627.826457
6.404228,9,1627.826523
4.924546,6,1630.071891
6.406855,9,1630.078119
2.403409,4,1630.078184
2.398546,4,1630.078213
4.801955,7,1630.078239
7.5935464,9,1632.195923
8.169146,11,1632.196019
5.123407,6,1632.196042
6.5739713,9,1632.196059
6.360226,8,1634.326485
8.176244,11,1634.326555
10.959012,12,1634.326569
8.169116,11,1634.326578
3.2045453,5,1634.326586
7.202709,10,1636.321284
8.807637,12,1638.782826
8.559653,11,1638.783136
7.9572105,10,1638.783279
14.412933,19,1638.783409
1.7649229,3,1638.783534
4.7641163,6,1642.689403
12.959012,14,1642.689489
10.770432,14,1642.689507
6.7583036,8,1642.689523
4.163498,6,1642.689537
8.457522,10,1642.689556
13.464304,18,1642.689569
3.1960104,5,1644.381193
13.9709635,18,1644.381275
1.9229141,3,1644.381294
5.0067787,7,1647.211702
22.631756,29,1647.211787
18.630938,24,1647.211805
4.884284,7,1649.337231
16.77093,21,1649.337299
0.96601653,2,1649.337317
5.9590135,7,1649.33733
12.764029,16,1649.337342
3.9590473,5,1649.337355
5.7579246,7,1653.326778
3.9590473,5,1653.326862
7.9571667,9,1653.326887
5.9590135,7,1653.326905
4.959018,6,1656.0716
13.323461,15,1657.935999
5.9590135,7,1657.936067
8.123406,9,1657.936084
12.717375,14,1657.936097
6.197649,7,1657.93611
10.797686,12,1659.929104
4.19534,5,1659.929296
19.218248,23,1661.816768
12.760148,14,1661.816845
13.757918,15,1661.816863
12.561285,14,1661.816875
13.154228,15,1661.816886
8.98759,10,1666.739695
0.96601653,2,1666.739773
9.996554,11,1666.739791
6.9590125,8,1666.739803
6.75792,8,1666.739815
9.957162,11,1666.739826
4.959018,6,1666.739837
7.9590125,9,1668.591119
1.9602091,3,1668.5912
8.005048,11,1670.532789
15.438412,17,1673.407421
1.9602091,3,1673.407499
2.0541613,3,1673.407518
6.9590125,8,1675.38434
10.955312,12,1675.384438
8.959012,10,1675.384471
6.9590125,8,1675.384496
18.806528,21,1675.38452
3.0541215,4,1675.384544
7.9590125,9,1677.219007
0.96601653,2,1677.219229
14.959012,16,1677.219254
13.959012,15,1679.215554
10.957162,12,1679.215639
22.959011,24,1679.215663
26.799711,30,1679.215682
6.9590125,8,1679.215699
1.9602091,3,1679.215716
10.959012,12,1682.2697
1.9602091,3,1682.270125
8.197649,9,1682.270211
6.0541134,7,1682.270247
14.951347,16,1684.287948
13.116842,14,1684.288046
4.959018,6,1684.288069
6.195336,7,1684.288085
8.011364,11,1686.179389
3.9590473,5,1686.179475
7.9571624,9,1686.179497
5.56132,7,1690.821836
12.959012,14,1690.821919
4.959018,6,1690.821942
5.9590135,7,1690.821959
10.414772,14,1690.822036
5.9590135,7,1692.811472
5.9590135,7,1692.811562
10.957171,12,1692.815898
15.195798,16,1692.815968
21.121555,22,1692.816046
1.0543947,2,1694.738056
5.957164,7,1694.73832
2.123509,3,1696.519631
6.409091,9,1699.004345
6.9590125,8,1699.004442
7.985181,9,1699.004464
3.195362,4,1699.00448
1.9602091,3,1700.811531
3.9590473,5,1700.811624
10.957162,12,1700.811649
5.9590135,7,1700.811669
19.953197,21,1702.616281
10.052263,11,1702.616522
10.054113,11,1702.616645
1.0543947,2,1702.616757
7.2102275,10,1702.616868
25.989439,27,1704.578188
4.959018,6,1704.578276
7.2102275,10,1704.578299
11.215908,15,1707.195553
1.9602091,3,1707.195637
7.1976485,8,1707.195657
3.9851804,5,1707.195673
9.955048,11,1707.195687
6.195795,7,1708.942809
9.613636,13,1708.942893
12.955311,14,1708.942915
4.959018,6,1710.891166
2.957371,4,1710.891409
13.617081,18,1710.891539
7.9590125,9,1710.891665
0.8541667,2,1710.891785
19.193947,20,1710.891903
14.275344,15,1712.730028
4.957168,6,1712.730113
6.195799,7,1715.587388
12.957162,14,1715.587481
2.9894383,4,1715.587505
3.2023098,5,1715.587523
13.957162,15,1715.587538
3.1194592,4,1715.587569
1.9583726,3,1717.494274
2.9592168,4,1719.280504
11.957171,13,1719.280594
13.619316,18,1721.089351
3.9572015,5,1721.089438
8.953208,10,1721.08946
13.123406,14,1721.089476
16.949507,18,1724.09273
5.605719,8,1724.092811
4.806818,7,1724.092827
5.598202,8,1724.092839
2.403409,4,1724.092852
4.801955,7,1724.092863
2.403409,4,1724.092874
5.600873,8,1726.031166
3.2023098,5,1726.031235
6.9590125,8,1727.719507
3.9986045,6,1727.719582
4.8552513,6,1727.719598
5.6057186,8,1729.617482
24.026567,30,1729.617554
2.403409,4,1732.26905
1.6022727,3,1732.269166
2.398546,4,1732.2692
4.806818,7,1732.269225
3.2045453,5,1732.269247
12.808428,17,1734.241314
11.208391,15,1734.241385
3.9981632,6,1736.223069
13.957162,15,1736.223404
9.603881,13,1737.911584
5.767972,8,1740.66939
4.0034633,6,1740.669486
6.4019923,9,1742.535071
14.770873,19,1742.535146
14.770873,19,1742.535166
3.7562654,5,1744.623267
7.922724,10,1744.623358
8.564936,11,1744.623379
7.53409,11,1746.417752
9.604301,13,1746.417844
5.5986204,8,1746.41787
2.398546,4,1749.183457
4.802364,7,1749.18355
1.6000372,3,1749.18357
13.774445,18,1749.183587
20.955057,22,1749.183606
19.371954,24,1749.183622
8.293234,12,1751.018466
7.5606456,10,1751.018548
24.026567,30,1754.58699
10.39406,13,1754.587083
5.877237,7,1754.587107
12.8115,17,1754.587125
6.745033,10,1757.619376
5.9590135,7,1759.696925
18.48863,22,1761.611655
5.6079545,8,1766.170524
22.236797,30,1768.014862
14.418217,19,1768.014955
9.613636,13,1774.728942
21.767042,30,1776.676861
6.4621215,9,1776.67695
8.8125,12,1780.321243
11.215908,15,1783.021657
8.810282,12,1784.996096
23.150389,30,1784.996193
21.282251,30,1784.996221
12.866733,17,1784.99624
9.368308,12,1787.119212
7.995121,10,1788.82205
21.234907,28,1791.602192
12.815945,17,1791.60227
14.869411,20,1793.526733
18.23571,26,1793.526837
16.18537,21,1793.526869
21.794554,30,1795.484324
21.36605,30,1795.484419
6.7387314,10,1795.484443
21.843323,30,1795.484463
23.75242,30,1795.484481
15.274618,20,1797.323326
14.630748,20,1797.323419
5.56132,7,1800.123964
20.929579,30,1800.124025
5.559084,7,1800.124039
11.134178,15,1800.12405
5.913451,7,1801.978561
19.673704,27,1801.978668
6.5612907,8,1801.978705
21.14163,27,1803.624549
9.6621685,13,1803.624622
21.143078,27,1805.611095
22.832546,30,1805.611344
22.838476,30,1805.611559
15.935075,20,1808.469483
22.342314,28,1808.469584
22.808443,28,1808.469613
3.790568,5,1808.469635
23.03365,30,1808.469655
4.75401,6,1808.469675
6.9590125,8,1808.469696
24.944626,30,1810.081325
6.957163,8,1812.121914
5.98944,7,1812.122041
12.958799,15,1812.122066
7.953466,9,1812.122083
5.9245434,7,1814.091745
8.760154,10,1814.091836
3.9590473,5,1814.091857
1.9583726,3,1814.091874
15.245726,18,1814.09189
4.052269,5,1814.091905
14.360571,16,1816.520427
8.957162,10,1816.520517
9.99509,11,1816.520541
3.9590473,5,1818.580791
14.557585,16,1818.580882
11.760149,13,1818.580913
4.959018,6,1820.548105
4.959018,6,1820.548195
6.4621215,9,1820.548221
7.9590125,9,1820.548242
4.2772,5,1822.680338
9.756078,11,1822.680422
7.1215568,8,1822.680446
3.9590473,5,1825.286743
11.123406,12,1827.284489
5.9590135,7,1829.117022
6.9590125,8,1829.117097
4.959018,6,1831.113918
15.957162,17,1831.114194
1.9602091,3,1833.789451
5.9590135,7,1833.789558
14.756068,16,1833.789594
11.959012,13,1833.789613
3.9894397,5,1835.519536
10.957162,12,1839.220837
12.333634,15,1839.220931
6.157774,8,1839.220956
2.7943366,4,1841.719202
12.017044,16,1841.719286
15.43748,23,1843.602649
12.983061,17,1843.60273
12.017044,16,1847.384231
13.3992405,15,1847.384313
15.957162,17,1847.384335
11.332991,15,1850.447912
22.427732,29,1850.447986
20.178371,25,1852.312019
15.074894,16,1856.307142
23.435259,30,1869.275183
22.602268,30,1872.828671
20.066856,27,1872.828756
23.430492,30,1875.521727
22.33526,30,1877.585607
23.11231,30,1877.585692
22.794128,30,1879.533015
21.435272,29,1881.449496
23.31594,30,1884.078652
22.157766,30,1884.078789
22.602268,30,1884.078841
21.526188,30,1886.01996
1.6022727,3,1889.807061
20.886234,30,1892.503446
2.403409,4,1892.503541
22.47887,30,1892.50357
15.470374,22,1894.428084
20.454542,30,1894.428198
21.406853,30,1894.428235
21.839588,30,1896.270781
21.839588,30,1896.270868
20.540047,30,1896.27089
23.032764,30,1898.080422
20.571642,30,1902.695368
10.414772,14,1902.695451
24.031849,30,1902.695475
20.931814,30,1902.695494
20.454542,30,1904.587333
22.322645,30,1904.587432
20.454542,30,1906.384109
20.778513,30,1906.38419
20.454542,30,1911.118879
22.6806,30,1911.119133
10.414772,14,1911.119266
20.454542,30,1912.985479
20.454542,30,1912.985569
20.454542,30,1914.92425
12.81818,17,1914.924324
4.806818,7,1917.370216
12.017044,16,1917.370375
3.2045453,5,1917.370437
20.539877,30,1919.324576
4.003446,6,1923.079537
10.414772,14,1923.079629
4.0056815,6,1923.079651
2.4011736,4,1925.892136
3.2045453,5,1925.892214
11.215908,15,1925.892232
4.802362,7,1927.910229
20.454542,30,1931.668836
14.413355,19,1931.668918
10.4103,14,1931.668946
6.4598856,9,1931.668966
2.398546,4,1934.312842
17.62276,23,1934.312948
9.608773,13,1934.320503
13.670111,18,1934.320572
11.215908,15,1936.171748
16.022724,21,1936.171928
20.454542,30,1936.172
16.81939,22,1936.174034
3.2023098,5,1937.881943
20.454542,30,1937.882098
20.454542,30,1939.616263
5.6030917,8,1939.616351
20.454542,30,1939.616373
17.620134,23,1939.616391
16.020489,21,1942.491704
1.597429,3,1942.491787
1.597429,3,1942.491809
2.3959103,4,1942.491826
3.1996822,5,1944.420705
1.597429,3,1946.323755
2.5152087,4,1946.323848
10.412537,14,1946.323874
17.624996,23,1951.007332
5.600436,8,1951.007424
16.82386,22,1951.007443
6.4068556,9,1951.007458
14.415588,19,1951.007471
10.409909,14,1953.223416
9.611401,13,1953.223498
13.731535,18,1953.223516
20.82954,27,1953.223531
4.0511937,6,1953.223546
4.117481,6,1955.169258
2.4564393,4,1955.169845
24.031849,30,1956.814162
5.6079545,8,1956.814251
4.801955,7,1956.814273
24.034084,30,1959.398832
20.880335,27,1959.398913
15.221588,20,1961.411156
2.5634325,4,1961.41616
13.820034,18,1961.416226
8.804981,12,1963.412563
6.404228,9,1965.282606
3.2045453,5,1965.282702
18.173676,23,1965.282724
12.81818,17,1967.819438
13.7321825,17,1967.819517
1.9602091,3,1967.819535
4.7579536,6,1967.819547
9.559484,12,1967.819558
0.96601653,2,1969.903653
12.014809,16,1969.903739
7.357564,9,1969.903761
4.1976533,5,1969.90378
2.9573765,4,1969.903797
12.968147,16,1969.903815
4.959018,6,1971.869044
7.2053647,10,1971.869155
8.87461,10,1973.840421
2.0541613,3,1973.840488
1.9583726,3,1973.840503
6.9590125,8,1973.840513
9.526814,11,1973.840521
9.455286,11,1973.84053
1.9583726,3,1976.423943
1.9583726,3,1976.424004
3.9550917,5,1976.424016
9.556428,11,1976.424026
12.765831,15,1976.424035
2.957371,4,1978.317164
14.564732,17,1978.317257
1.0018555,2,1978.317274
15.368104,18,1978.317284
1.9583726,3,1978.317295
2.3959103,4,1978.317307
7.7883463,9,1980.092595
3.8506887,6,1980.09269
12.354909,14,1980.092709
11.720822,13,1980.092726
5.357763,7,1982.019531
0.96601653,2,1982.019616
7.953976,9,1984.470384
4.0765247,5,1984.470518
1.9602091,3,1986.525341
7.955057,9,1986.525425
14.360215,16,1986.525448
7.9553256,9,1988.205124
13.758304,15,1988.205206
6.1234064,7,1988.205224
4.959018,6,1988.205238
23.19134,30,1988.205251
5.9590135,7,1988.205263
22.799322,27,1988.205275
8.561285,10,1990.514493
4.806818,7,1992.852626
5.6079545,8,1992.852688
9.757918,11,1994.890321
17.277193,18,1994.890421
1.6504337,3,1994.890442
1.6504337,3,1994.890457
4.003446,6,1994.890472
8.197649,9,1996.890412
4.806818,7,1996.890521
5.6030917,8,1996.890538
7.9590125,9,1996.890553
25.778011,30,1996.890567
6.523546,9,1998.669416
0.7989179,2,1998.669501
1.6504337,3,1998.669528
11.277194,12,2001.024466
5.6030917,8,2001.024551
9.666666,13,2002.769551
18.054111,19,2002.769696
2.4011905,4,2004.804362
7.202709,10,2006.615376
3.2045453,5,2006.615469
4.801955,7,2009.700412
24.022125,30,2009.700491
13.959012,15,2009.700509
7.2102275,10,2009.70054
12.932635,17,2015.112551
15.221588,20,2015.112641
5.605719,8,2015.112661
14.415589,19,2017.903152
11.213673,15,2017.906023
8.807637,12,2019.491588
5.600436,8,2019.496505
5.600436,8,2019.49668
4.0056815,6,2021.430058
8.807637,12,2021.430157
12.810661,17,2021.430176
1.652549,3,2021.43019
11.213673,15,2023.286407
6.4020095,9,2023.286499
18.423897,24,2025.688751
6.4027896,9,2025.689074
13.611797,18,2027.578828
2.403409,4,2027.578912
15.216725,20,2029.648979
11.970411,15,2029.649056
16.818998,22,2029.649073
2.403409,4,2029.649086
12.81818,17,2031.709728
9.760974,12,2031.709824
12.16701,15,2031.709844
13.161723,16,2033.823812
5.9571676,7,2033.826016
24.034084,30,2035.770154
6.528409,9,2039.831824
19.280298,25,2039.831887
4.926136,7,2039.831901
8.810265,12,2042.114377
3.2045453,5,2042.114573
8.863295,12,2044.048087
15.962844,18,2045.819871
21.986378,28,2045.819952
9.606767,12,2047.770908
8.209235,11,2047.771007
22.242079,30,2050.449002
15.561285,17,2050.449211
5.6931815,9,2054.302849
21.88636,30,2056.468105
23.07954,30,2056.468201
23.433414,30,2059.048651
23.318176,30,2060.910812
21.662937,30,2070.615463
23.11592,30,2070.615529
22.557465,30,2077.32025
20.57386,30,2079.204093
22.005678,30,2084.001031
22.088778,30,2084.001119
21.611523,30,2085.822424
21.17045,30,2089.697239
21.255785,30,2089.697332
21.136467,30,2092.280081
21.17045,30,2092.280174
21.168232,30,2092.280197
22.010305,30,2092.280214
21.017149,30,2094.154916
21.051132,30,2094.154995
21.102484,30,2096.049046
21.37287,30,2096.049119
20.656977,30,2102.619944
20.571642,30,2102.62003
20.539877,30,2102.620048
20.539877,30,2104.357395
20.625212,30,2104.357463
20.539877,30,2106.475022
20.454542,30,2109.205829
20.539877,30,2109.205915
20.454542,30,2110.994178
20.539877,30,2110.994274
20.454542,30,2112.810461
20.539877,30,2112.810547
20.539877,30,2117.819221
20.454542,30,2119.882294
20.96477,30,2119.882377
20.454542,30,2121.694277
20.539877,30,2123.178728
6.818181,11,2126.11835
1.9602091,3,2127.600039
6.409091,9,2127.60013
6.409091,9,2129.395868
15.436318,23,2131.32324
20.890862,30,2134.002384
1.655303,3,2134.002467
20.454542,30,2134.002484
9.203331,11,2134.0025
20.454542,30,2139.625057
20.454542,30,2141.944442
11.213673,15,2143.731343
4.0056815,6,2143.731424
21.606737,30,2145.582995
10.011364,13,2145.58309
18.434048,26,2147.388414
21.726055,30,2147.388499
8.011364,11,2150.257054
17.163557,19,2152.191818
22.203327,30,2152.19232
20.454542,30,2152.202255
7.2102275,10,2154.113343
20.454542,30,2154.113407
20.454542,30,2154.11342
20.454542,30,2154.113431
20.454542,30,2154.113439
12.014809,16,2155.984965
20.454542,30,2155.985062
22.322645,30,2158.876951
20.454542,30,2158.877043
20.193285,26,2162.812065
1.0543947,2,2162.817518
21.44667,30,2164.795719
20.454542,30,2164.795806
1.9602091,3,2164.795829
20.539877,30,2167.480314
22.964798,30,2167.480408
7.1635923,9,2167.480438
4.760184,6,2167.48046
0.96601653,2,2169.408731
22.236212,30,2169.408824
8.8125,12,2169.408846
9.163559,11,2171.303319
5.965891,8,2171.303399
13.977254,18,2171.303416
2.7613456,4,2171.30343
8.725678,10,2173.021791
5.605736,8,2173.021889
14.9744215,19,2173.021915
4.758334,6,2176.086194
10.977272,15,2176.08628
13.4137125,17,2176.086305
2.7572908,4,2178.091883
10.5269,12,2178.091959
3.9572065,5,2178.091981
2.7591155,4,2178.091997
14.57282,18,2179.81201
4.9532304,6,2179.812099
13.167392,16,2179.81212
21.60045,30,2179.812136
10.96073,13,2181.700116
11.765831,14,2181.700234
21.964693,30,2181.70026
14.565126,17,2186.491199
22.582687,29,2186.491288
4.9571776,6,2186.49131
7.7539754,9,2188.290674
6.9571667,8,2188.290756
10.955048,12,2190.10038
10.952921,12,2192.817487
15.163558,17,2192.817586
24.030005,30,2192.817617
8.98944,10,2192.817641
8.957167,10,2192.817661
5.605719,8,2194.886657
22.979399,29,2194.886738
4.0008187,6,2194.886757
10.606115,14,2196.724179
13.955048,15,2196.724269
3.2023098,5,2196.73297
2.398546,4,2196.733028
8.006501,11,2201.150736
9.117315,10,2203.121128
9.983359,11,2203.121201
3.1996822,5,2205.01293
8.810265,12,2205.013014
6.404228,9,2206.949009
22.48295,30,2209.922547
13.736399,18,2211.833168
4.7992997,7,2211.83323
13.952923,15,2213.721231
6.4068556,9,2215.518843
21.28977,30,2217.819948
13.614453,18,2217.820032
21.28977,30,2217.820051
9.606117,13,2219.754603
8.863295,12,2219.754673
12.012181,16,2219.754686
17.624996,23,2221.652531
1.6000372,3,2223.519811
9.608773,13,2223.519888
4.8045826,7,2223.519907
10.405035,14,2226.133076
12.179689,16,2226.133163
7.731464,10,2228.091624
6.4068556,9,2229.928773
14.420452,19,2231.832931
20.824678,27,2231.833016
8.158701,10,2234.570862
22.243101,30,2234.570952
23.07954,30,2238.48284
14.164377,17,2238.482952
24.030005,30,2238.482989
17.37155,21,2238.483023
24.022486,30,2240.294882
22.957987,30,2240.294962
5.6079545,8,2240.294981
18.423897,24,2243.118611
22.840904,30,2243.11869
6.4068556,9,2243.126044
1.6000543,3,2245.227775
21.622143,28,2245.227864
8.004285,11,2247.106882
8.001629,11,2249.030464
22.416777,29,2251.683984
12.009947,16,2253.615715
24.024332,30,2255.589403
5.6030917,8,2261.687071
4.0056815,6,2261.687161
20.454542,30,2263.580013
3.2045453,5,2263.580119
7.207992,10,2265.525512
24.026567,30,2265.525597
17.61748,23,2265.52562
24.026985,30,2268.5032
4.058712,6,2268.503289
20.571642,30,2268.50331
10.412536,14,2270.306494
11.211045,15,2274.194302
3.2575755,5,2274.194395
20.539883,30,2274.194418
3.2045453,5,2276.97143
20.454542,30,2279.082207
20.771713,30,2281.111246
19.225033,25,2282.88382
20.454542,30,2282.88392
20.454542,30,2282.88395
20.57386,30,2285.627001
9.613636,13,2289.5155
10.765832,13,2289.515564
20.454542,30,2289.515578
4.0056815,6,2289.515589
18.521511,27,2291.574157
17.157875,25,2291.574265
8.130682,11,2291.574303
20.454542,30,2291.57433
20.454542,30,2296.015128
12.163558,14,2296.015193
21.606737,30,2296.015207
19.561283,28,2297.932297
10.412537,14,2297.932367
20.454542,30,2297.932384
20.021307,26,2297.932397
3.2045453,5,2299.899369
7.2102275,10,2299.899455
4.0056815,6,2302.524293
20.454542,30,2302.568347
7.263258,10,2302.56872
24.034084,30,2304.432866
22.361397,30,2304.432931
2.403409,4,2304.432945
22.239452,30,2306.010334
4.806818,7,2306.010424
8.8125,12,2307.910738
22.429577,29,2307.910988
0.96601653,2,2310.523078
1.7905216,3,2310.523154
1.9602091,3,2312.61738
21.767042,30,2314.489033
5.362626,7,2314.489114
12.017044,16,2316.314353
7.1617465,9,2316.314427
11.36811,14,2318.792629
20.379465,25,2320.83214
18.898916,24,2320.832205
2.5227273,4,2322.612512
23.433023,30,2327.223282
26.178366,30,2329.283991
18.474567,23,2333.119376
12.81818,17,2333.11947
14.585333,19,2335.441744
21.917921,30,2337.182557
21.599773,30,2337.182668
20.454542,30,2337.1827
21.767042,30,2345.693398
11.256662,13,2347.713532
23.777193,28,2349.568836
22.363632,30,2352.321754
22.363632,30,2354.028253
21.28977,30,2354.028351
21.051132,30,2357.707486
16.636362,24,2357.707574
22.077045,30,2360.500502
22.003443,30,2360.500597
27.170088,30,2362.338787
20.693178,30,2364.321411
21.764807,30,2364.321492
21.28977,30,2364.32151
20.57386,30,2366.049598
21.645489,30,2366.049668
20.931814,30,2370.781154
20.812496,30,2372.670536
22.67258,30,2372.670655
22.32288,30,2374.635039
22.431318,30,2377.511681
20.454542,30,2379.404819
22.835249,30,2379.404911
22.197544,30,2381.222341
20.693178,30,2383.133887
20.454542,30,2386.006916
20.454542,30,2389.579628
20.454542,30,2391.469619
2.5227273,4,2391.469752
20.454542,30,2396.005286
20.454542,30,2396.005372
20.454542,30,2397.808968
20.454542,30,2399.668771
20.454542,30,2399.668863
20.454542,30,2399.668893
20.653387,30,2408.619464
20.454542,30,2411.307262
20.454542,30,2413.182893
20.890862,30,2415.146169
20.454542,30,2417.031308
20.454542,30,2417.031558
20.454542,30,2421.61809
20.454542,30,2421.618188
20.539877,30,2423.476237
20.454542,30,2423.478068
20.454542,30,2425.499897
20.454542,30,2428.021059
20.539877,30,2428.021142
20.454542,30,2428.021162
20.454542,30,2429.887851
20.454542,30,2429.887944
20.454542,30,2433.979077
20.454542,30,2436.423651
20.454542,30,2436.423721
20.454542,30,2438.320452
20.454542,30,2440.221517
20.539877,30,2442.127151
20.454542,30,2442.127569
20.454542,30,2444.742392
20.454542,30,2448.702875
20.545685,30,2452.903349
20.57386,30,2454.783946
20.571642,30,2454.784039
20.454542,30,2458.787518
20.454542,30,2458.787615
20.454542,30,2461.222272
20.454542,30,2463.387124
20.454542,30,2463.387215
20.454542,30,2463.387238
20.454542,30,2471.317142
20.454542,30,2473.210645
20.454542,30,2475.108037
20.454542,30,2477.768236
20.454542,30,2479.530711
20.454542,30,2479.530799
20.454542,30,2483.419064
20.454542,30,2483.419139
20.454542,30,2486.348701
20.454542,30,2486.348797
20.454542,30,2488.078687
20.454542,30,2490.083412
20.454542,30,2490.083514
20.454542,30,2490.083539
20.454542,30,2491.706626
20.454542,30,2491.706709
20.454542,30,2496.500599
20.454542,30,2498.620097
20.454542,30,2498.620181
20.539877,30,2500.323112
20.454542,30,2503.029234
20.454542,30,2504.999446
20.454542,30,2504.999536
20.454542,30,2506.917026
20.454542,30,2511.149893
20.454542,30,2514.81181
20.454542,30,2516.778387
20.454542,30,2516.778483
20.454542,30,2521.373476
20.454542,30,2521.373584
20.539877,30,2523.318838
20.454542,30,2525.316698
20.539877,30,2525.316779
20.454542,30,2525.3168
2.4011736,4,2533.386667
6.409091,9,2533.386761
20.454542,30,2533.386783
20.653387,30,2536.214007
20.454542,30,2537.994319
4.0034633,6,2537.9944
1.597429,3,2539.880408
20.454542,30,2539.880484
13.386236,20,2539.880502
1.597429,3,2539.880516
20.454542,30,2542.011455
1.597429,3,2542.011535
20.454542,30,2542.011558
20.454542,30,2546.623051
20.454542,30,2546.623141
3.2045453,5,2548.579071
20.454542,30,2548.579157
20.454542,30,2548.579183
11.20839,15,2548.579202
2.3959103,4,2550.382788
20.454542,30,2550.382882
20.454542,30,2553.504093
4.053849,6,2553.504187
20.454542,30,2553.504211
20.539906,30,2553.504229
7.322027,10,2555.382981
20.454542,30,2555.383066
20.454542,30,2555.383091
1.597429,3,2555.383107
3.2045453,5,2559.071084
13.614452,18,2559.071172
20.454542,30,2559.071658
13.617081,18,2561.709615
20.454542,30,2561.709694
16.01786,21,2561.709719
20.454542,30,2563.953207
20.454542,30,2565.908428
20.454542,30,2567.474669
20.454542,30,2567.474757
20.539877,30,2570.003344
9.148878,13,2570.003413
20.454542,30,2573.886384
23.196623,30,2584.495466
22.363632,30,2589.114495
21.640205,30,2601.421383
17.753843,26,2601.421462
21.528406,30,2604.404986
21.528406,30,2604.405071
21.52617,30,2604.405095
21.878841,30,2606.319701
21.165588,30,2610.303277
21.048897,30,2613.217604
21.52617,30,2613.217685
20.924295,30,2615.30862
20.931814,30,2615.308684
20.807634,30,2617.288973
20.924295,30,2617.289055
20.812496,30,2617.289072
20.81026,30,2617.289086
20.773699,30,2619.218547
20.690943,30,2619.218637
20.778542,30,2619.218658
20.688335,30,2619.218676
20.454542,30,2623.916733
20.454542,30,2623.916826
20.454542,30,2623.916849
20.454542,30,2625.791676
20.454542,30,2625.791772
20.454542,30,2625.791796
20.454542,30,2627.701536
20.454542,30,2630.395299
20.571642,30,2632.28757
20.57386,30,2632.28766
20.454542,30,2634.074491
20.454542,30,2634.074575
20.454542,30,2638.879236
20.454542,30,2649.231568
20.454542,30,2652.927576
13.721697,21,2657.481458
20.539877,30,2665.923309
20.454542,30,2665.923381
20.454542,30,2667.769928
20.539877,30,2667.770131
20.454542,30,2667.770178
20.454542,30,2669.621856
20.454542,30,2674.082765
20.653387,30,2675.971908
20.454542,30,2677.803455
20.890862,30,2677.80354
20.454542,30,2680.469151
20.539883,30,2680.469239
20.539877,30,2680.469261
20.454542,30,2680.469274
20.539906,30,2682.437361
20.454542,30,2682.43744
20.539906,30,2682.437455
20.454542,30,2682.437464
20.454542,30,2686.138369
20.454542,30,2686.138436
20.454542,30,2686.13845
20.63102,30,2689.020563
20.545685,30,2689.02065
20.454542,30,2689.020675
20.571642,30,2690.979829
20.539877,30,2692.795747
20.454542,30,2694.506868
20.454542,30,2694.506946
20.454542,30,2697.208477
20.539877,30,2697.208558
20.454542,30,2701.013267
20.454542,30,2711.702759
20.454542,30,2716.214506
20.454542,30,2719.82536
20.454542,30,2728.214316
20.454542,30,2728.214414
20.454542,30,2730.887658
20.454542,30,2730.887743
20.454542,30,2730.887767
20.454542,30,2733.112996
20.454542,30,2736.911245
20.454542,30,2739.306565
20.454542,30,2741.312665
20.539877,30,2741.312744
20.454542,30,2743.270764
20.539877,30,2743.270902
20.454542,30,2743.270946
20.454542,30,2743.270979
20.454542,30,2745.131471
20.454542,30,2745.13155
20.454542,30,2745.131573
20.454542,30,2745.131589
20.539877,30,2749.498535
20.454542,30,2749.498662
20.454542,30,2749.498692
3.1589653,5,2749.49871
20.454542,30,2751.40254
20.539877,30,2751.402622
20.454542,30,2751.402646
20.454542,30,2753.298641
20.454542,30,2755.922887
20.539877,30,2757.782531
20.454542,30,2757.782657
20.454542,30,2759.722003
20.454542,30,2759.7221
20.454542,30,2764.291193
20.539877,30,2774.782295
20.539877,30,2778.330077
20.539877,30,2782.932358
21.010149,30,2791.231999
20.539877,30,2791.232073
21.544579,30,2793.312449
21.01015,30,2793.312511
20.454542,30,2793.312526
20.454542,30,2795.051716
20.454542,30,2799.309891
20.653387,30,2803.194801
20.71553,30,2803.194884
21.09648,30,2805.779567
20.539877,30,2805.779642
20.454542,30,2805.779659
20.454542,30,2805.779671
20.454542,30,2807.611324
20.63102,30,2807.611407
20.454542,30,2807.611425
20.454542,30,2807.611439
20.454542,30,2811.695482
20.454542,30,2811.695574
20.454542,30,2811.695594
20.454542,30,2811.695611
20.539877,30,2814.273935
20.454542,30,2814.274056
20.454542,30,2814.274081
20.454542,30,2816.148426
20.539877,30,2817.895298
20.454542,30,2819.606782
20.454542,30,2819.606868
20.454542,30,2822.507576
20.454542,30,2822.507657
20.454542,30,2826.448757
5.689116,9,2832.726505
20.63102,30,2836.620907
21.28977,30,2841.171761
20.693178,30,2845.000482
20.454542,30,2853.436166
20.539877,30,2853.43623
20.454542,30,2856.284478
20.454542,30,2856.284565
20.454542,30,2856.28459
20.454542,30,2858.129605
20.539877,30,2862.300987
20.454542,30,2866.796317
20.651178,30,2866.796413
20.454542,30,2868.779719
20.53986,30,2868.779817
20.454542,30,2868.779841
20.454542,30,2868.779858
20.454542,30,2870.905745
20.539883,30,2870.905828
20.539906,30,2870.905855
20.454542,30,2870.905873
20.454542,30,2875.370379
20.454542,30,2875.371043
20.454542,30,2875.378118
20.626204,30,2875.378201
20.57386,30,2877.414277
21.005552,30,2877.414365
20.571642,30,2879.491559
20.454542,30,2881.734942
20.454542,30,2883.748102
20.454542,30,2883.748203
20.454542,30,2885.700109
20.454542,30,2885.700333
20.539877,30,2890.448371
20.539906,30,2896.048381
20.540869,30,2900.779149
20.57386,30,2904.690459
20.454542,30,2909.04922
6.9630585,9,2915.606152
20.454542,30,2917.44696
21.01015,30,2917.447101
20.771713,30,2919.320724
20.454542,30,2919.320807
20.653387,30,2919.320832
17.481771,26,2921.157028
21.01015,30,2921.157104
5.8124995,9,2923.587641
13.4549675,16,2923.587723
20.454542,30,2925.550419
21.363647,30,2929.623896
21.129465,30,2932.247874
21.01015,30,2932.248072
20.653387,30,2932.248154
21.719086,30,2932.248168
20.454542,30,2934.210077
21.680477,30,2934.210161
20.539877,30,2934.210177
20.653387,30,2934.210187
20.454542,30,2938.180141
21.010153,30,2938.180238
20.454542,30,2938.180267
20.454542,30,2938.18029
20.454542,30,2940.889668
20.653387,30,2940.889774
20.539877,30,2942.594434
21.129465,30,2944.447842
20.454542,30,2946.514295
20.454542,30,2946.514507
20.454542,30,2949.342452
20.454542,30,2949.342523
21.136473,30,2963.409076
21.285315,30,2971.891252
20.539877,30,2978.311073
20.454542,30,2980.282764
20.810278,30,2980.282861
20.69096,30,2983.315755
20.454542,30,2983.320781
20.454542,30,2983.320834
20.57386,30,2985.082892
20.454542,30,2985.082977
20.454542,30,2987.003628
20.454542,30,2987.003715
20.454542,30,2988.791982
20.454542,30,2993.092559
20.454542,30,2995.215318
20.454542,30,2995.215404
20.539906,30,2995.215419
20.454542,30,2995.215429
20.454542,30,2997.048592
20.454542,30,2997.048714
20.454542,30,2997.048745
20.454542,30,2997.048779
20.454542,30,3001.384097
20.545685,30,3001.384189
20.454542,30,3001.384213
20.454542,30,3001.384231
20.454542,30,3003.312926
20.57386,30,3003.313013
20.454542,30,3005.251179
20.454542,30,3007.752665
20.454542,30,3009.680093
20.454542,30,3009.680193
20.454542,30,3011.715148
1.6022727,3,3011.747609
20.454542,30,3011.747688
1.7905216,3,3016.201299
1.278391,2,3016.201386
1.6022727,3,3021.769098
5.7326465,8,3024.579503
20.454542,30,3026.278111
5.6079545,8,3028.521812
20.454542,30,3035.416012
21.485184,30,3042.039296
20.454542,30,3044.183544
20.890862,30,3044.183634
21.127247,30,3045.912844
20.454542,30,3045.912944
20.539877,30,3045.918068
20.454542,30,3047.807905
20.818268,30,3047.807995
21.48742,30,3050.44862
20.539877,30,3050.448708
20.454542,30,3052.699666
20.454542,30,3056.614355
20.539877,30,3059.212822
20.454542,30,3059.212912
21.68405,30,3059.212926
20.454542,30,3059.212938
21.375082,30,3061.329832
20.976198,30,3061.329924
21.28977,30,3061.329947
20.454542,30,3061.329965
20.454542,30,3065.239668
21.572794,30,3065.239734
20.454542,30,3065.239748
20.454542,30,3065.239757
20.931814,30,3068.068822
21.528406,30,3068.068912
21.20682,30,3074.087712
21.72239,30,3076.725102
21.287535,30,3080.94778
21.839588,30,3087.779272
21.094463,30,3089.443391
7.499999,12,3091.314108
20.693178,30,3091.314195
9.630788,15,3091.31422
20.659172,30,3094.210854
4.858091,8,3098.018486
20.539877,30,3099.992632
20.540846,30,3106.527339
20.69096,30,3108.447304
20.886234,30,3108.44737
20.659195,30,3111.184526
20.57386,30,3111.184623
20.886234,30,3111.184645
20.539877,30,3113.04312
21.086514,30,3113.043207
21.401903,30,3115.0176
20.454542,30,3115.017679
20.454542,30,3116.906631
20.539877,30,3121.496791
20.539877,30,3123.523221
20.539877,30,3123.523285
4.2897887,7,3123.523298
20.454542,30,3123.523361
20.890862,30,3125.529735
20.976196,30,3125.529801
20.089895,30,3125.529815
20.539877,30,3125.529825
20.454542,30,3130.088885
6.0081406,9,3130.088964
20.539906,30,3130.088988
4.0056815,6,3130.089005
21.212564,30,3130.08902
13.227083,19,3130.089036
1.8497318,3,3132.131344
20.857048,30,3132.131465
20.539877,30,3132.13149
4.0016017,6,3136.999161
3.9590473,5,3136.999252
3.9590473,5,3136.999273
8.838653,12,3138.908694
2.403409,4,3138.908776
22.069012,30,3138.908796
20.653395,30,3140.722217
2.3959103,4,3145.412873
5.7197537,8,3147.31863
6.4068556,9,3149.204582
8.810265,12,3149.207657
6.404228,9,3151.095108
22.551529,30,3151.095197
24.616371,30,3155.813735
20.545685,30,3155.813817
21.718534,30,3155.813835
21.95761,30,3157.679599
20.454542,30,3162.468723
20.454542,30,3164.39491
20.454542,30,3171.017557
20.454542,30,3172.715731
20.454542,30,3174.597707
20.454542,30,3174.597793
20.454542,30,3176.482049
20.454542,30,3179.185823
20.454542,30,3179.185916
20.693178,30,3184.827257
20.57386,30,3187.707025
20.693178,30,3187.707115
20.57386,30,3189.62322
21.64286,30,3193.417822
21.642862,30,3193.417901
21.645489,30,3193.417916
21.528406,30,3196.520867
21.520887,30,3196.520942
21.28977,30,3200.214702
21.282251,30,3200.214771
21.165588,30,3201.816863
21.168215,30,3201.816953
21.17045,30,3201.816972
21.04627,30,3204.810816
20.454542,30,3208.470449
20.688335,30,3210.322554
20.571642,30,3213.224184
20.571642,30,3213.224295
20.539877,30,3215.118489
20.454542,30,3215.118571
20.454542,30,3218.630609
20.454542,30,3218.630681
20.454542,30,3218.630695
20.454542,30,3221.686525
20.454542,30,3225.176976
20.454542,30,3226.983574
2.7272727,5,3229.702376
20.539877,30,3233.212014
20.454542,30,3235.098427
20.454542,30,3238.271093
20.539877,30,3238.271205
20.454542,30,3240.320469
20.539877,30,3242.289542
20.454542,30,3242.289628
20.454542,30,3248.37103
20.539877,30,3250.215046
20.539877,30,3250.215127
20.454542,30,3252.011719
20.539877,30,3256.691374
20.736507,30,3256.691474
20.539877,30,3256.691492
20.857048,30,3258.719585
20.454542,30,3258.719637
18.776417,28,3258.71965
21.088007,30,3263.404524
20.539877,30,3265.386076
21.127234,30,3265.386168
20.540047,30,3265.38619
3.1996822,5,3267.350112
20.454542,30,3267.350191
2.4011736,4,3267.350207
20.57386,30,3271.971291
20.454542,30,3273.93718
20.539877,30,3275.77153
20.454542,30,3275.77163
20.653387,30,3277.683754
20.653387,30,3277.683834
12.981744,18,3280.323226
20.454542,30,3282.318684
20.454542,30,3282.318751
20.738892,30,3284.106354
20.74453,30,3288.591051
20.57386,30,3290.539124
20.454542,30,3292.41076
20.454542,30,3296.946361
21.837854,30,3298.884987
20.539877,30,3300.870814
21.845371,30,3300.870944
20.454542,30,3302.688116
20.739685,30,3305.310492
21.83765,30,3310.626677
20.539877,30,3313.124968
22.005678,30,3313.125052
20.454542,30,3315.169205
21.406853,30,3318.908629
21.643658,30,3318.908904
21.523544,30,3321.880887
20.539877,30,3321.880968
21.458204,30,3325.549996
21.678461,30,3327.342208
21.678461,30,3327.342297
20.931814,30,3327.342323
21.556515,30,3330.324747
21.13116,30,3330.324819
20.742311,30,3330.324834
20.454542,30,3334.007655
20.97157,30,3335.719751
20.657969,30,3338.475672
20.656977,30,3338.475762
20.454542,30,3340.386757
20.540869,30,3340.386839
20.545685,30,3342.401119
20.886234,30,3344.29951
20.656977,30,3344.299594
20.454542,30,3347.026955
20.539877,30,3350.683113
20.625212,30,3352.603998
20.454542,30,3355.469124
20.454542,30,3359.279902
20.454542,30,3361.094561
20.540869,30,3363.870649
20.539877,30,3363.870944
20.454542,30,3365.604406
14.318179,22,3365.604671
20.454542,30,3367.506302
20.539883,30,3373.792977
20.62524,30,3375.68925
20.539906,30,3375.689335
20.454542,30,3377.600573
20.454542,30,3382.282664
21.08187,30,3384.02469
20.571642,30,3384.024784
20.454542,30,3388.815611
20.454542,30,3390.800713
20.454542,30,3390.800801
20.454542,30,3390.800823
20.454542,30,3392.620098
20.454542,30,3392.62046
20.454542,30,3392.620598
20.539877,30,3397.283428
20.539877,30,3399.386019
20.454542,30,3401.238296
20.454542,30,3401.238381
20.539877,30,3403.133674
20.454542,30,3403.133754
20.454542,30,3405.821191
20.454542,30,3407.726326
20.454542,30,3407.72642
20.651173,30,3409.51973
20.454542,30,3413.974144
20.454542,30,3415.981782
20.539906,30,3417.716581
20.454542,30,3422.128935
20.693178,30,3424.197013
20.886234,30,3426.119785
20.454542,30,3426.11986
20.454542,30,3428.016246
20.454542,30,3428.016308
20.454542,30,3430.719187
20.454542,30,3436.530974
20.454542,30,3439.306984
20.454542,30,3439.307065
20.454542,30,3441.423976
20.454542,30,3445.129159
20.454542,30,3448.015175
20.454542,30,3448.015255
20.454542,30,3452.100235
20.454542,30,3454.000416
20.454542,30,3454.000507
20.454542,30,3454.000529
20.454542,30,3456.932127
20.454542,30,3456.932202
20.454542,30,3456.932219
20.454542,30,3460.919916
20.454542,30,3463.119505
20.454542,30,3465.436379
20.454542,30,3465.436453
20.454542,30,3467.389411
20.454542,30,3467.389502
20.454542,30,3469.182181
20.454542,30,3470.986444
20.454542,30,3470.986531
20.454542,30,3473.632785
20.539877,30,3477.313963
20.539877,30,3478.903435
20.539877,30,3481.828072
20.454542,30,3485.373531
20.625216,30,3487.24124
20.454542,30,3490.2977
20.454542,30,3490.297785
20.539877,30,3492.184447
20.539877,30,3492.184537
20.539877,30,3494.169683
20.539877,30,3500.449208
20.539877,30,3502.419505
20.454542,30,3502.419582
20.454542,30,3504.480358
20.625212,30,3509.105086
20.539877,30,3510.919262
20.625212,30,3510.919328
20.630026,30,3515.695886
20.454542,30,3517.430218
20.71536,30,3517.430314
20.539877,30,3517.430342
20.454542,30,3519.28294
20.539877,30,3519.283041
20.454542,30,3519.283069
20.539877,30,3523.605532
20.539877,30,3525.709543
20.711538,30,3527.527406
20.625381,30,3527.527777
20.539877,30,3529.427171
20.539877,30,3529.427261
20.626034,30,3532.108167
20.539877,30,3534.049412
20.659195,30,3534.049484
20.625217,30,3535.825507
20.539877,30,3540.417814
20.454542,30,3542.317281
20.539877,30,3544.181729
20.539877,30,3548.969382
20.539877,30,3551.019286
20.454542,30,3552.82276
20.539877,30,3552.822837
20.625212,30,3554.599124
20.454542,30,3554.599218
20.539877,30,3557.539153
20.454542,30,3563.381276
20.454542,30,3566.125944
20.539877,30,3566.126428
20.656977,30,3567.894626
20.57386,30,3571.515136
20.539883,30,3574.201124
20.454542,30,3574.201211
20.660187,30,3578.102998
20.539877,30,3579.903377
20.539877,30,3579.90348
20.540869,30,3579.903502
20.454542,30,3582.812113
20.454542,30,3582.812298
20.454542,30,3582.812373
20.454542,30,3586.490582
20.454542,30,3588.219905
20.454542,30,3591.039356
7.0568175,11,3591.039435
20.454542,30,3591.039458
20.454542,30,3593.022866
20.454542,30,3593.022944
20.540047,30,3594.903534
20.454542,30,3596.70005
20.454542,30,3596.702475
20.454542,30,3599.420818
20.454542,30,3603.10293
20.454542,30,3604.814931
20.454542,30,3607.778979
20.454542,30,3611.518664
20.454542,30,3613.292726
20.539877,30,3615.912189
20.539877,30,3615.912262
12.954543,20,3615.912278
20.454542,30,3617.972095
20.454542,30,3617.972171
20.454542,30,3619.920127
2.1647727,4,3621.622799
20.539877,30,3626.102838
20.454542,30,3628.076296
20.454542,30,3628.076487
6.136363,10,3632.302879
20.454542,30,3634.250205
20.454542,30,3636.208967
20.454542,30,3640.71021
20.454542,30,3642.494801
20.454542,30,3642.494906
20.454542,30,3642.494933
20.454542,30,3644.600216
20.454542,30,3644.600307
20.454542,30,3644.60033
20.454542,30,3648.852444
20.454542,30,3650.704072
20.539877,30,3652.523623
20.539877,30,3652.523691
20.454542,30,3652.523709
20.454542,30,3654.586575
20.625212,30,3654.586641
20.454542,30,3657.541114
20.454542,30,3659.326357
20.539877,30,3659.32643
20.539877,30,3661.27145
20.539883,30,3666.051306
20.539877,30,3668.050159
20.454542,30,3670.05748
7.2498736,11,3674.311844
10.227271,16,3676.07086
20.539877,30,3677.949723
20.454542,30,3677.949816
20.539877,30,3677.949846
20.539877,30,3679.687322
20.454542,30,3679.687405
20.454542,30,3682.406842
20.454542,30,3684.185712
20.454542,30,3688.113929
1.597429,3,3688.114042
20.454542,30,3691.083111
20.454542,30,3691.083199
20.454542,30,3694.886359
20.454542,30,3696.895785
20.454542,30,3699.58756
20.454542,30,3703.400914
20.539906,30,3705.401869
20.454542,30,3705.40196
20.454542,30,3707.920474
20.540047,30,3707.920554
20.454542,30,3707.920576
20.454542,30,3711.669614
20.454542,30,3716.342644
20.454542,30,3716.34272
20.454542,30,3716.347886
20.454542,30,3718.306717
20.454542,30,3718.306801
20.454542,30,3720.315521
20.454542,30,3722.150251
20.454542,30,3722.150325
20.454542,30,3724.847946
20.454542,30,3728.768815
20.454542,30,3730.656596
5.454545,9,3730.668136
20.454542,30,3733.012872
20.454542,30,3736.798716
20.454542,30,3738.678864
21.726055,30,3741.80894
21.043613,30,3741.80901
21.051132,30,3741.809026
20.926952,30,3743.748972
20.929579,30,3743.749071
12.265831,18,3743.74909
20.688335,30,3747.713348
6.409091,9,3752.212303
20.454542,30,3752.21238
20.454542,30,3752.212403
20.454542,30,3754.082367
20.454542,30,3754.082499
15.589692,22,3754.082546
12.297719,17,3756.082999
20.454542,30,3758.716711
21.726055,30,3760.48924
20.454542,30,3762.2795
6.4068556,9,3767.30556
20.454542,30,3767.311018
20.454542,30,3769.11607
20.454542,30,3771.201485
21.998781,30,3771.201576
20.454542,30,3779.887161
20.454542,30,3779.894069
20.890863,30,3779.89414
20.454542,30,3781.586176
20.454542,30,3781.586259
20.454542,30,3786.04933
20.454542,30,3786.049412
20.539877,30,3787.975363
21.61374,30,3792.44772
21.88636,30,3794.216502
22.057055,30,3794.216599
21.136467,30,3801.140094
21.494423,30,3803.279967
20.897831,30,3805.070679
21.28977,30,3805.07079
20.778513,30,3805.070824
21.017149,30,3806.910866
21.88636,30,3806.910948
21.255785,30,3806.910964
20.539877,30,3815.399106
21.964691,30,3815.399197
21.730854,30,3815.399215
20.57386,30,3818.33946
20.659195,30,3818.339523
21.611536,30,3818.339537
20.454542,30,3820.123033
20.539877,30,3822.106316
20.81026,30,3823.893527
20.454542,30,3826.729315
20.454542,30,3829.911462
21.248783,30,3829.911541
20.625237,30,3831.824762
20.454542,30,3834.979298
20.454542,30,3834.979381
20.545685,30,3843.194828
20.454542,30,3843.194923
20.454542,30,3843.194945
20.886234,30,3845.003986
20.886234,30,3845.004082
21.369297,30,3848.98496
20.540047,30,3848.985247
20.454542,30,3851.799572
20.454542,30,3855.689394
11.590907,18,3855.689482
20.454542,30,3857.486802
20.454542,30,3857.486887
13.636361,21,3860.005497
20.454542,30,3863.619095
20.454542,30,3865.391228
2.403409,4,3868.519253
20.454542,30,3868.519471
20.454542,30,3868.519568
20.454542,30,3868.519654
20.454542,30,3870.690303
20.454542,30,3870.690387
20.454542,30,3870.690411
5.6079545,8,3874.498403
20.454542,30,3879.223982
20.454542,30,3879.224046
20.454542,30,3881.21576
20.454542,30,3881.215837
20.454542,30,3882.920428
20.454542,30,3885.631485
5.7601547,7,3885.63157
5.605719,8,3887.420159
13.636361,21,3887.420227
20.447647,30,3887.420241
2.5682893,4,3889.215564
14.595483,21,3889.215947
20.454542,30,3889.216086
7.530864,10,3889.216213
7.924543,9,3889.216338
2.403409,4,3889.216459
20.454542,30,3894.000979
20.454542,30,3894.001057
20.454542,30,3896.220975
21.845373,30,3898.014811
20.454542,30,3898.020233
2.403409,4,3898.020396
20.454542,30,3906.620543
20.454542,30,3906.620645
20.454542,30,3908.468085
20.454542,30,3913.019299
20.454542,30,3913.019418
21.48742,30,3914.88288
20.454542,30,3919.524176
21.010153,30,3919.52427
22.363632,30,3921.427487
10.34659,16,3923.270231
21.647724,30,3927.833028
21.528406,30,3929.708716
20.778513,30,3931.591761
21.406853,30,3931.591846
20.778513,30,3931.591864
21.645489,30,3937.820532
21.647724,30,3941.51089
21.168215,30,3941.510964
21.406853,30,3946.307817
21.287535,30,3948.021438
21.048897,30,3948.02152
21.17045,30,3950.208901
20.693178,30,3950.208976
21.17045,30,3950.208992
21.051132,30,3953.417098
21.136467,30,3953.417165
20.57386,30,3953.417179
21.051132,30,3953.417189
20.812496,30,3957.002491
20.778513,30,3957.002875
20.693178,30,3958.709206
20.659195,30,3961.523555
20.57386,30,3961.524213
20.57386,30,3961.532194
20.454542,30,3969.918949
20.454542,30,3969.919018
20.539877,30,3971.79517
20.454542,30,3975.470538
20.62524,30,3975.478189
20.454542,30,3978.18357
20.454542,30,3981.821219
20.63102,30,3981.821572
20.659195,30,3983.596722
20.454542,30,3986.290228
20.454542,30,3990.018952
20.454542,30,3991.912144
20.454542,30,3994.274531
20.454542,30,3994.274647
20.454542,30,3994.274682
9.7772,14,3998.09026
20.454542,30,4000.212686
20.454542,30,4004.515046
20.539877,30,4004.515131
20.454542,30,4008.207386
20.890862,30,4011.010884
20.454542,30,4011.010965
20.539877,30,4012.919492
20.454542,30,4012.919581
20.539877,30,4012.919606
20.454542,30,4014.88871
20.890862,30,4014.888811
20.539877,30,4014.888835
20.454542,30,4014.888855
20.454542,30,4019.682852
20.454542,30,4019.683106
20.454542,30,4021.504758
20.454542,30,4023.188214
20.454542,30,4023.188313
20.454542,30,4023.188333
7.1421576,11,4027.98749
20.454542,30,4031.895324
20.454542,30,4033.616482
20.539877,30,4038.630672
20.454542,30,4038.634225
20.454542,30,4040.699175
20.771713,30,4045.34873
20.539877,30,4045.348807
20.454542,30,4047.111031
20.57386,30,4048.923395
21.528406,30,4053.687911
20.931814,30,4055.503688
21.329523,30,4057.302877
20.812496,30,4057.30296
21.87939,30,4057.302977
14.318179,22,4061.583219
21.051132,30,4061.583296
20.57386,30,4063.502934
20.864676,30,4067.383572
20.539883,30,4072.221263
20.539877,30,4074.114404
20.625212,30,4074.114776
20.454542,30,4075.976213
20.539877,30,4075.976359
20.454542,30,4075.976408
20.540869,30,4079.016907
20.539877,30,4079.01698
20.626204,30,4079.016998
20.571642,30,4082.906052
20.57386,30,4082.906139
20.539877,30,4084.6013
20.717176,30,4087.822667
20.539877,30,4087.822734
20.454542,30,4087.822746
20.539877,30,4091.517115
20.539877,30,4096.191671
20.454542,30,4098.001355
20.454542,30,4101.708739
20.454542,30,4101.708847
20.454542,30,4104.510076
20.454542,30,4108.420522
20.539877,30,4108.420595
20.454542,30,4110.323491
20.454542,30,4113.248761
20.454542,30,4117.195912
20.454542,30,4119.298933
20.545685,30,4122.006588
20.454542,30,4122.006833
20.454542,30,4122.006956
20.454542,30,4125.871457
20.454542,30,4125.871564
20.454542,30,4127.701754
20.454542,30,4132.309213
20.454542,30,4135.923972
20.454542,30,4138.695005
20.454542,30,4138.695094
20.454542,30,4140.523753
20.454542,30,4140.52382
20.454542,30,4140.523834
20.454542,30,4142.39177
20.454542,30,4142.391855
20.454542,30,4142.391878
20.454542,30,4147.211692
20.454542,30,4147.211762
20.454542,30,4149.014761
20.454542,30,4150.885736
20.454542,30,4150.88582
20.454542,30,4150.885837
20.454542,30,4155.619623
20.454542,30,4159.500535
20.454542,30,4161.022656
21.88636,30,4166.012487
20.454542,30,4166.012558
20.454542,30,4167.799029
20.454542,30,4172.319009
20.539877,30,4172.319102
20.539877,30,4174.117713
20.454542,30,4176.011371
20.454542,30,4180.688499
20.454542,30,4182.592913
20.454542,30,4184.420259
20.771713,30,4184.420347
20.454542,30,4184.42037
20.454542,30,4189.090787
20.539877,30,4189.090881
20.454542,30,4190.823068
20.539877,30,4194.377455
20.539877,30,4199.326147
20.454542,30,4200.826944
20.454542,30,4200.827282
20.454542,30,4202.595228
20.454542,30,4202.595309
20.454542,30,4202.59533
20.454542,30,4205.789575
20.454542,30,4205.789659
20.454542,30,4205.789678
20.454542,30,4209.518507
20.454542,30,4209.5186
20.454542,30,4210.979749
20.454542,30,4213.685351
20.539877,30,4213.685446
20.454542,30,4213.685467
20.454542,30,4217.415024
20.454542,30,4222.070888
20.454542,30,4223.902559
20.454542,30,4227.483765
20.539877,30,4227.483867
20.57386,30,4230.282579
20.539877,30,4234.191817
20.454542,30,4234.191914
20.454542,30,4236.116304
20.454542,30,4238.799969
20.454542,30,4242.515582
20.454542,30,4244.315623
20.454542,30,4247.130717
20.454542,30,4247.1308
20.454542,30,4247.130818
20.454542,30,4250.987032
20.454542,30,4250.987122
20.454542,30,4252.708375
20.454542,30,4257.325141
20.454542,30,4261.011275
20.454542,30,4264.024444
20.454542,30,4264.024569
20.454542,30,4265.933809
13.636361,21,4265.933899
20.454542,30,4265.933922
20.454542,30,4265.93394
20.454542,30,4267.905393
20.454542,30,4267.905599
20.539883,30,4267.90567
20.540047,30,4272.387114
20.454542,30,4272.387216
20.626204,30,4274.230613
20.454542,30,4276.221769
2.0454545,4,4276.222047
20.454542,30,4276.226324
20.454542,30,4276.226479
20.454542,30,4280.824053
4.772727,8,4282.621079
20.454542,30,4286.209425
20.539877,30,4290.970137
20.454542,30,4290.970253
20.454542,30,4292.717
20.454542,30,4297.28333
20.454542,30,4297.283605
20.539877,30,4298.944385
20.690943,30,4300.906189
20.454542,30,4305.433666
20.454542,30,4307.141833
20.454542,30,4309.015486
20.454542,30,4309.015574
20.454542,30,4309.0156
20.454542,30,4314.014442
5.600436,8,4314.014534
20.539877,30,4314.014555
20.539883,30,4316.003292
20.540047,30,4319.607982
20.454542,30,4324.411577
20.571642,30,4326.248919
20.571642,30,4326.248996
20.454542,30,4327.923697
20.539877,30,4327.923791
20.454542,30,4327.923814
20.454542,30,4330.986588
20.454542,30,4330.986679
20.454542,30,4334.397935
20.454542,30,4334.398051
20.454542,30,4336.23386
20.454542,30,4339.199341
20.454542,30,4339.199418
20.454542,30,4339.199436
20.454542,30,4339.19945
20.454542,30,4343.022687
20.454542,30,4344.548672
20.454542,30,4349.388338
20.454542,30,4353.010819
20.454542,30,4353.010893
21.48742,30,4356.089908
18.06699,24,4356.090031
21.284906,30,4360.024864
21.162933,30,4361.682908
21.04627,30,4364.6201
22.124996,30,4370.079952
22.48295,30,4373.090743
21.127253,30,4373.090831
21.487417,30,4373.090849
20.454542,30,4376.682611
22.005678,30,4376.682715
21.28977,30,4376.682739
20.57386,30,4378.510566
20.812496,30,4383.59493
20.812496,30,4387.683681
21.646532,30,4390.703907
21.52617,30,4390.703974
21.17045,30,4392.623545
20.454542,30,4392.623613
20.454542,30,4392.623639
20.812496,30,4394.518545
21.17045,30,4394.518646
21.051132,30,4399.190666
21.051132,30,4399.19076
20.454542,30,4401.016621
20.539854,30,4402.883171
20.539877,30,4402.883256
20.454542,30,4402.883276
20.454542,30,4402.88329
20.539854,30,4407.62642
20.539877,30,4409.414179
20.454542,30,4413.304773
20.651173,30,4417.839721
20.539877,30,4417.839798
20.539854,30,4419.826607
20.454542,30,4419.834346
20.454542,30,4424.396444
20.454542,30,4426.330824
20.738722,30,4428.269622
3.7603533,5,4430.024185
20.539877,30,4434.798997
20.454542,30,4436.668739
20.454542,30,4436.669214
21.248783,30,4436.669526
12.564732,15,4438.417094
20.539877,30,4441.318811
20.454542,30,4441.319021
21.45112,30,4441.319117
20.653387,30,4443.284132
20.454542,30,4447.072191
21.368101,30,4451.902611
20.454542,30,4453.991154
21.368101,30,4453.991236
21.368101,30,4455.971829
21.453583,30,4455.978219
20.454542,30,4455.978445
4.772727,8,4458.671578
20.454542,30,4458.671682
20.454542,30,4458.671714
21.007963,30,4462.415003
20.57386,30,4462.415088
20.454542,30,4464.403188
20.454542,30,4467.193803
20.209045,30,4467.19389
20.539877,30,4467.193909
20.539877,30,4467.193922
21.168215,30,4472.548373
21.88228,30,4477.089937
21.63917,30,4480.791565
21.642862,30,4480.791651
20.454542,30,4483.725498
20.454542,30,4487.62085
21.165588,30,4489.279325
20.454542,30,4492.223293
20.454542,30,4494.097494
20.454542,30,4497.603593
20.454542,30,4500.646204
20.454542,30,4500.646276
20.454542,30,4500.646293
20.454542,30,4502.427278
20.454542,30,4504.230545
20.454542,30,4504.230625
20.454542,30,4506.053164
20.454542,30,4510.208279
20.454542,30,4513.990544
20.454542,30,4516.991669
20.454542,30,4516.991761
20.454542,30,4519.007813
20.454542,30,4519.007895
20.454542,30,4519.007919
20.454542,30,4520.780433
20.454542,30,4520.780525
20.454542,30,4520.780547
20.454542,30,4524.994482
20.454542,30,4524.994574
20.454542,30,4526.980029
20.454542,30,4528.787394
20.454542,30,4528.787486
20.454542,30,4528.787511
20.454542,30,4528.787527
20.454542,30,4535.41708
20.454542,30,4539.315836
20.931814,30,4543.714441
20.454542,30,4543.714528
6.136363,10,4545.703655
20.454542,30,4545.703759
20.454542,30,4550.398318
20.454542,30,4552.303228
20.454542,30,4554.483581
20.454542,30,4556.17047
20.454542,30,4560.951761
20.454542,30,4563.095273
20.454542,30,4563.095358
20.454542,30,4563.095374
20.454542,30,4564.908443
20.454542,30,4567.220139
20.454542,30,4567.220228
20.454542,30,4569.304515
20.454542,30,4573.081718
20.454542,30,4577.71955
20.454542,30,4579.709861
20.454542,30,4579.709948
20.454542,30,4581.683761
20.454542,30,4581.683846
20.454542,30,4581.683869
20.454542,30,4584.100282
20.454542,30,4584.100372
20.454542,30,4584.100397
20.454542,30,4588.148655
20.454542,30,4590.274318
20.454542,30,4593.111216
20.454542,30,4593.111301
20.454542,30,4593.11132
20.454542,30,4593.111335
20.454542,30,4598.524246
20.454542,30,4603.306945
20.454542,30,4607.311426
20.454542,30,4607.31151
20.454542,30,4610.206963
20.539877,30,4610.207057
20.454542,30,4613.810567
20.454542,30,4615.406584
14.318179,22,4615.406824
2.403409,4,4615.40692
17.130787,26,4618.223742
20.454542,30,4618.223839
20.454542,30,4620.178094
20.454542,30,4623.895407
20.454542,30,4626.804472
20.454542,30,4626.804548
20.454542,30,4628.701451
20.539877,30,4630.390113
20.454542,30,4630.390198
20.539877,30,4637.122034
20.454542,30,4640.691472
20.539877,30,4643.626014
20.454542,30,4643.626111
20.454542,30,4645.41807
20.454542,30,4645.418318
20.539883,30,4645.418458
20.539877,30,4647.471261
20.62524,30,4647.473469
20.539877,30,4647.473726
20.454542,30,4652.183763
20.539877,30,4653.821887
20.571642,30,4655.879167
20.571642,30,4655.87943
20.57386,30,4655.879584
20.57386,30,4655.879724
20.539877,30,4662.423701
20.454542,30,4666.111724
20.57386,30,4670.712193
20.454542,30,4672.513329
17.72727,27,4672.513427
20.812496,30,4672.513449
20.454542,30,4677.369891
20.454542,30,4679.233159
20.454542,30,4679.233231
20.454542,30,4681.370781
20.539877,30,4681.370889
20.771713,30,4682.927262
20.539877,30,4687.524234
20.454542,30,4689.623481
20.454542,30,4689.623552
20.454542,30,4691.392831
20.454542,30,4694.105806
20.454542,30,4694.105904
20.454542,30,4699.61463
20.454542,30,4704.196789
20.539877,30,4705.919811
20.454542,30,4705.919896
20.454542,30,4707.777015
20.454542,30,4707.777128
20.771713,30,4707.777167
20.454542,30,4710.626593
20.454542,30,4710.626683
20.454542,30,4710.626706
20.57386,30,4714.603024
20.454542,30,4716.312114
21.764824,30,4719.174266
20.454542,30,4719.174421
20.454542,30,4719.174481
20.454542,30,4719.174523
22.35443,30,4724.919989
20.693178,30,4729.713316
20.454542,30,4733.406818
20.571642,30,4735.803675
20.665003,30,4735.803766
20.57386,30,4735.803787
20.571642,30,4739.594591
20.454542,30,4741.415426
20.454542,30,4741.415778
20.454542,30,4744.072081
20.454542,30,4744.072235
20.454542,30,4746.110591
20.454542,30,4749.772536
20.454542,30,4752.378366
20.454542,30,4752.37854
20.454542,30,4754.211416
20.454542,30,4756.017205
20.454542,30,4756.01728
20.454542,30,4762.525489
20.454542,30,4766.418893
20.454542,30,4769.322598
20.454542,30,4769.322669
20.454542,30,4771.117836
20.454542,30,4771.117913
20.454542,30,4771.117931
20.454542,30,4772.998971
20.454542,30,4772.99906
20.454542,30,4772.999079
20.454542,30,4778.221204
20.454542,30,4780.024892
20.57386,30,4781.902979
21.28977,30,4781.903059
20.454542,30,4781.903082
21.28977,30,4781.903099
21.28977,30,4788.09728
20.693178,30,4791.892001
20.454542,30,4796.771482
20.454542,30,4798.617323
20.57386,30,4798.617397
20.454542,30,4798.62061
20.454542,30,4803.198637
20.454542,30,4805.013519
20.454542,30,4805.013603
20.454542,30,4806.720398
20.454542,30,4806.720487
20.454542,30,4808.612269
20.454542,30,4813.369353
20.454542,30,4815.209101
20.454542,30,4815.209187
20.454542,30,4816.748605
20.539877,30,4819.808067
20.454542,30,4819.808152
20.454542,30,4825.227431
14.403514,22,4828.223089
20.454542,30,4829.922891
20.454542,30,4831.820561
20.454542,30,4831.820654
20.454542,30,4833.691659
20.454542,30,4833.691755
20.454542,30,4833.691779
20.539877,30,4836.41662
20.454542,30,4836.416695
20.454542,30,4836.41671
15.76715,24,4838.232069
21.095486,30,4839.971444
4.8008657,7,4841.815278
3.2045453,5,4841.815365
20.454542,30,4841.815388
3.2023098,5,4844.969345
3.2023098,5,4844.969423
20.454542,30,4844.969444
20.454542,30,4844.969462
20.454542,30,4844.969477
3.197027,5,4846.918219
3.2045453,5,4848.911739
3.1996822,5,4853.399158
21.84308,30,4855.293616
8.003845,11,4857.118583
18.760424,26,4859.079656
5.6079545,8,4859.079752
20.454542,30,4859.079783
4.7992997,7,4861.770771
20.539877,30,4861.770874
20.454542,30,4861.770913
20.454542,30,4861.770945
20.454542,30,4865.817473
20.454542,30,4867.711066
20.539877,30,4870.535993
20.454542,30,4870.536062
22.17515,30,4872.509933
20.454542,30,4876.210283
20.454542,30,4879.153855
20.454542,30,4879.153945
15.148652,21,4880.816178
20.539877,30,4880.816271
20.454542,30,4882.603827
20.454542,30,4882.603919
13.986906,20,4886.971571
20.454542,30,4888.848652
20.539877,30,4892.811582
22.005678,30,4895.314092
21.767042,30,4899.116999
21.764807,30,4903.969227
21.404224,30,4906.119428
21.284906,30,4907.987924
21.28977,30,4907.988002
21.767042,30,4907.988021
21.284906,30,4907.988035
21.608883,30,4912.750441
20.807634,30,4916.734611
20.688335,30,4918.822147
20.571642,30,4921.312601
4.806818,7,4921.312672
20.931814,30,4923.280008
20.931814,30,4923.280111
20.454542,30,4923.280143
20.454542,30,4925.118821
20.57386,30,4925.118895
20.454542,30,4925.118912
20.454542,30,4925.118926
20.454542,30,4929.824015
20.454542,30,4931.799207
20.454542,30,4933.590971
20.454542,30,4933.591056
20.540047,30,4935.69812
20.454542,30,4940.314414
20.454542,30,4942.131426
20.571642,30,4942.13151
20.454542,30,4944.298947
20.454542,30,4944.299034
20.454542,30,4947.114415
20.454542,30,4947.114502
20.454542,30,4950.819169
20.454542,30,4953.007117
20.454542,30,4957.419797
20.454542,30,4959.376269
20.539877,30,4963.994657
21.28977,30,4967.79886
21.136469,30,4972.309597
20.57386,30,4972.309663
20.454542,30,4972.309677
2.284091,4,4972.309686
20.454542,30,4972.309695
11.590907,18,4974.227984
20.659195,30,4976.178993
20.57386,30,4980.877481
20.539877,30,4982.789637
20.812496,30,4984.607524
20.539883,30,4984.607604
20.454542,30,4986.470286
20.454542,30,4986.470631
20.454542,30,4986.470763
20.454542,30,4989.327338
20.57386,30,4989.327428
20.454542,30,4989.327456
20.454542,30,4989.327478
20.545685,30,4993.019786
20.454542,30,4994.884633
20.454542,30,4997.609119
20.454542,30,4997.609194
20.454542,30,5003.01867
20.454542,30,5005.88258
20.454542,30,5005.882673
20.454542,30,5007.818717
20.454542,30,5007.8188
20.454542,30,5009.723786
20.454542,30,5009.723864
20.454542,30,5014.210417
20.454542,30,5016.025546
20.57386,30,5019.794837
21.884125,30,5022.589054
20.454542,30,5030.849448
20.454542,30,5034.723997
20.454542,30,5034.72407
20.812496,30,5034.724094
20.812496,30,5034.724108
21.284906,30,5034.724123
21.17045,30,5036.568461
21.051132,30,5039.018834
20.57386,30,5043.118053
20.690943,30,5045.095394
20.454542,30,5047.493041
20.454542,30,5047.493136
20.454542,30,5049.403526
20.454542,30,5049.40361
20.454542,30,5049.403628
20.454542,30,5051.291003
20.454542,30,5051.291094
20.454542,30,5051.291116
20.454542,30,5051.291133
20.454542,30,5056.103278
20.454542,30,5058.002514
20.454542,30,5060.028558
20.454542,30,5060.028641
20.454542,30,5066.619504
20.454542,30,5068.555599
20.454542,30,5068.555672
20.454542,30,5070.58929
20.454542,30,5070.589392
20.454542,30,5073.309444
20.454542,30,5073.309504
20.454542,30,5076.903797
20.454542,30,5078.622007
20.454542,30,5083.494962
20.454542,30,5085.403594
20.454542,30,5094.040535
20.454542,30,5098.830871
20.57386,30,5098.830956
20.539877,30,5098.83098
20.454542,30,5098.830996
20.539877,30,5098.831012
20.454542,30,5100.583554
20.454542,30,5102.591498
20.454542,30,5107.335156
20.454542,30,5109.193275
20.539877,30,5111.118577
20.454542,30,5111.118667
20.454542,30,5113.001251
20.539877,30,5113.001338
20.454542,30,5113.001363
20.454542,30,5115.826136
20.454542,30,5115.826205
20.454542,30,5115.826218
20.539877,30,5115.826228
20.454542,30,5119.382788
20.454542,30,5121.208358
20.454542,30,5123.898431
20.454542,30,5123.898516
20.625237,30,5129.16989
20.540047,30,5132.090928
20.454542,30,5132.091019
20.976227,30,5133.87964
20.539877,30,5133.879725
20.539877,30,5135.581557
20.454542,30,5135.581641
20.454542,30,5140.203595
20.454542,30,5142.048721
8.413762,12,5144.049153
20.454542,30,5145.981394
20.454542,30,5148.903343
20.539877,30,5157.285892
8.810264,12,5159.11807
8.011364,11,5159.118295
20.539877,30,5161.202447
20.693178,30,5161.202536
20.454542,30,5161.207583
20.454542,30,5161.207657
20.539877,30,5161.207679
20.454542,30,5163.11538
20.539877,30,5165.934529
6.409091,9,5165.934596
20.454542,30,5169.425051
20.454542,30,5171.23998
20.454542,30,5174.018299
20.454542,30,5174.018383
20.545685,30,5176.031508
20.545685,30,5176.031607
20.454542,30,5176.031634
20.57386,30,5178.023533
20.57386,30,5178.023771
20.657005,30,5178.023869
20.659224,30,5178.023956
20.454542,30,5184.299271
20.545685,30,5186.018008
20.454542,30,5186.018384
21.88636,30,5193.072082
21.767042,30,5194.912409
21.767042,30,5194.912479
22.12276,30,5196.671582
21.528406,30,5199.42519
21.28977,30,5203.4175
21.645489,30,5205.419851
14.999997,23,5208.091113
21.051132,30,5208.091202
20.812496,30,5212.207626
2.403409,4,5216.727483
20.454542,30,5220.608827
20.454542,30,5222.279393
19.210224,29,5222.279508
20.454542,30,5224.776008
20.454542,30,5224.776095
20.454542,30,5224.776111
20.454542,30,5224.776123
20.454542,30,5226.824462
20.890862,30,5228.714546
20.454542,30,5228.714805
1.597429,3,5230.623073
20.454542,30,5233.286909
20.454542,30,5235.303766
2.398546,4,5235.303854
20.454542,30,5237.225878
20.454542,30,5237.225964
20.454542,30,5238.889726
21.4852,30,5238.890003
20.454542,30,5238.890129
20.454542,30,5241.778668
20.454542,30,5241.778751
20.454542,30,5241.778772
20.454542,30,5241.778789
20.454542,30,5247.792977
20.454542,30,5250.371312
20.539877,30,5250.374147
20.454542,30,5256.011
20.123783,29,5256.011083
21.48742,30,5258.741509
20.539877,30,5260.518646
20.454542,30,5262.286512
20.454542,30,5267.023908
21.733065,30,5268.808994
21.25355,30,5270.523894
21.017149,30,5275.432023
21.571873,30,5279.068546
4.2102275,7,5283.930241
20.625212,30,5283.930411
20.539877,30,5285.737762
20.539877,30,5285.737834
21.282688,30,5287.704144
21.599909,30,5287.704338
20.898,30,5287.704417
21.048914,30,5292.428921
20.57386,30,5292.429011
20.931814,30,5294.32486
20.454542,30,5296.242544
20.454542,30,5298.200127
20.545685,30,5298.200217
20.454542,30,5300.733373
20.97157,30,5300.733459
20.454542,30,5302.499854
20.454542,30,5302.499931
20.454542,30,5302.499948
19.858059,30,5304.321679
20.539877,30,5304.321765
20.454542,30,5304.321789
20.454542,30,5304.321807
20.454542,30,5310.928771
20.454542,30,5312.812245
20.454542,30,5312.812318
3.5261908,6,5314.571678
20.454542,30,5319.21403
20.454542,30,5319.214114
20.539877,30,5320.992142
20.625353,30,5322.73027
20.540047,30,5325.582493
20.454542,30,5329.434571
20.454542,30,5334.023252
20.454542,30,5338.055307
20.625212,30,5342.326779
20.454542,30,5346.287894
20.539877,30,5346.288122
20.454542,30,5348.090879
20.454542,30,5348.090963
20.539877,30,5350.722152
20.539877,30,5350.722239
20.454542,30,5350.722259
20.625217,30,5354.708152
20.454542,30,5354.708245
20.539877,30,5356.504622
11.710226,18,5356.50473
20.454542,30,5359.124321
20.539877,30,5361.084518
20.454542,30,5361.0846
20.454542,30,5363.032877
20.539883,30,5363.032941
20.971571,30,5364.820666
20.656977,30,5364.82073
20.454542,30,5367.690625
20.454542,30,5367.690717
20.625523,30,5367.690742
20.454542,30,5367.69076
20.657146,30,5373.22111
20.540047,30,5376.192379
20.540047,30,5376.19247
20.454542,30,5377.905241
20.57386,30,5381.588067
20.454542,30,5384.415951
20.454542,30,5386.424394
20.454542,30,5388.399171
20.454542,30,5393.179694
11.590907,18,5393.179775
14.318179,22,5396.936447
20.454542,30,5396.936516
20.454542,30,5401.715844
20.454542,30,5405.322209
20.454542,30,5410.126659
20.454542,30,5410.126755
20.454542,30,5412.080951
20.539877,30,5412.081028
20.454542,30,5414.107015
20.454542,30,5414.107089
20.454542,30,5418.870547
20.454542,30,5420.573327
20.454542,30,5420.57364
20.454542,30,5422.464751
20.454542,30,5424.40236
20.454542,30,5424.405997
20.539877,30,5427.092798
20.454542,30,5427.093041
20.539877,30,5428.948876
20.454542,30,5428.948951
20.454542,30,5430.931038
20.454542,30,5430.931109
20.454542,30,5430.931127
20.539877,30,5430.931138
20.454542,30,5437.640679
20.539877,30,5439.487181
21.767042,30,5439.48727
21.647724,30,5441.306576
21.494452,30,5445.971552
20.659195,30,5447.757874
21.28977,30,5449.69539
20.454542,30,5452.47886
20.57386,30,5456.080638
21.17045,30,5456.080727
21.845375,30,5460.749751
20.454542,30,5460.749819
4.0056815,6,5462.658535
20.539877,30,5464.607029
6.409091,9,5466.449229
20.454542,30,5469.248518
6.4068556,9,5471.014394
20.454542,30,5473.010431
9.611401,13,5473.010507
20.454542,30,5473.010521
20.454542,30,5474.80564
20.454542,30,5474.805715
20.454542,30,5477.723644
20.454542,30,5477.72371
20.454542,30,5481.189813
20.454542,30,5483.021581
20.454542,30,5483.021657
20.539877,30,5485.681624
20.454542,30,5487.687623
20.454542,30,5487.687724
20.539883,30,5489.515176
20.454542,30,5489.515254
20.454542,30,5491.290671
20.454542,30,5491.290921
20.454542,30,5494.095431
20.454542,30,5494.095523
20.454542,30,5494.095544
20.540047,30,5494.095561
19.039877,26,5496.188912
20.571642,30,5499.918537
20.539877,30,5502.712573
20.890862,30,5502.71265
2.477147,4,5502.712669
21.528406,30,5520.378669
19.327415,28,5520.382173
21.61374,30,5520.382214
7.2102275,10,5522.278594
21.37287,30,5524.316847
20.688335,30,5526.18285
21.048897,30,5528.794333
1.6022727,3,5530.510324
20.931814,30,5530.510409
15.027191,21,5532.350176
20.98319,30,5532.350261
20.690943,30,5534.224415
20.454542,30,5536.920406
20.454542,30,5536.920482
20.454542,30,5536.920498
18.913555,26,5538.808675
20.454542,30,5538.808756
1.655303,3,5538.808774
20.454542,30,5538.808788
3.2045453,5,5540.848231
20.454542,30,5540.848307
20.630028,30,5540.848325
5.605736,8,5542.708039
1.6000543,3,5542.708119
1.9602091,3,5544.826838
20.454542,30,5544.826923
20.630201,30,5546.797265
20.454542,30,5548.511806
20.540047,30,5550.38157
20.659197,30,5553.219555
20.57386,30,5553.219643
20.454542,30,5555.148349
22.533134,30,5555.148451
20.454542,30,5557.188015
20.454542,30,5557.188105
20.772707,30,5557.188129
20.454542,30,5559.12741
20.57386,30,5565.686195
22.721586,30,5565.686296
20.892025,30,5565.686322
21.28977,30,5582.616997
21.375105,30,5582.617064
21.764807,30,5582.617079
21.647724,30,5584.349818
21.568161,30,5591.317118
21.102625,30,5593.279569
20.931814,30,5596.282673
20.931814,30,5598.135206
20.81026,30,5599.936133
21.322742,30,5599.9362
20.539877,30,5601.788352
20.776278,30,5601.788444
20.539877,30,5601.788462
20.57386,30,5604.527333
20.57386,30,5604.54763
20.57386,30,5604.547797
20.454542,30,5606.427547
20.539877,30,5606.427638
20.539877,30,5608.179241
20.454542,30,5608.179333
20.454542,30,5609.887497
20.454542,30,5612.970071
20.454542,30,5614.812954
20.454542,30,5616.56848
20.539877,30,5616.568585
20.454542,30,5618.31419
20.454542,30,5618.314251
20.454542,30,5621.133556
3.409091,6,5621.133641
6.136363,10,5621.133665
20.454542,30,5621.133681
10.909089,17,5621.133697
20.454542,30,5621.133712
20.539877,30,5623.016657
20.625357,30,5629.221366
20.454542,30,5629.221465
20.454542,30,5629.230063
2.4011736,4,5629.230147
3.2045453,5,5631.083819
7.206147,10,5641.512856
9.657876,14,5643.507517
20.454542,30,5646.590133
11.325717,13,5646.590221
20.454542,30,5646.590243
20.454542,30,5646.590261
9.607322,13,5648.634545
11.387986,13,5648.634615
8.006501,11,5652.55403
20.454542,30,5654.570073
3.2045453,5,5656.404633
4.003446,6,5656.404718
22.08401,30,5656.404736
20.454542,30,5658.113608
3.2000933,5,5658.122177
1.9583726,3,5659.903337
20.454542,30,5659.903426
20.454542,30,5663.018682
18.72626,28,5663.018752
22.322645,30,5664.895633
20.454542,30,5664.895914
20.771713,30,5664.896053
20.454542,30,5666.81002
20.454542,30,5666.810105
20.454542,30,5668.714222
20.454542,30,5668.714311
20.771713,30,5671.618788
20.539877,30,5673.536415
20.454542,30,5675.402366
20.454542,30,5679.980049
22.32265,30,5679.98015
22.836824,30,5681.824831
22.359552,30,5683.650276
20.778513,30,5685.325805
22.244314,30,5692.105705
22.43871,30,5692.105788
22.428585,30,5692.105807
23.344166,30,5694.113286
21.61374,30,5705.905926
21.4823,30,5709.75263
21.484165,30,5709.753098
21.284906,30,5709.753132
21.87939,30,5711.583092
2.403409,4,5714.279442
20.57386,30,5716.221529
20.778519,30,5719.907384
20.690943,30,5719.907472
20.690943,30,5719.907496
20.57386,30,5722.883922
20.656977,30,5722.884024
20.454542,30,5724.826484
20.539854,30,5724.826572
20.539877,30,5726.748187
20.454542,30,5726.748294
20.540047,30,5728.702139
20.625385,30,5728.706156
20.73892,30,5728.706205
20.454542,30,5731.523238
20.454542,30,5731.523308
20.539877,30,5733.40404
20.454542,30,5733.404127
20.65696,30,5735.174344
20.454542,30,5737.2788
20.964973,30,5739.735225
20.657972,30,5743.247975
20.454542,30,5743.248055
20.57386,30,5745.16974
20.57386,30,5747.537241
20.454542,30,5749.319859
20.454542,30,5755.78227
20.454542,30,5755.782352
20.454542,30,5755.78237
20.454542,30,5757.399029
3.2045453,5,5765.926061
20.454542,30,5772.495373
20.454542,30,5772.495469
20.454542,30,5772.495493
20.454542,30,5774.215592
20.454542,30,5775.808749
20.693178,30,5777.62257
20.454542,30,5782.410479
20.454542,30,5782.410576
20.454542,30,5782.410599
20.454542,30,5784.087
20.539877,30,5784.087227
3.7670455,6,5784.087357
0.8011364,2,5785.871217
20.454542,30,5785.871323
20.454542,30,5785.871353
20.771713,30,5788.881328
20.454542,30,5788.881413
20.454542,30,5790.687718
20.454542,30,5790.687805
20.454542,30,5790.687827
20.539877,30,5792.511944
20.454542,30,5792.512024
20.454542,30,5794.201011
20.454542,30,5794.201102
20.454542,30,5797.141909
20.454542,30,5799.154695
20.454542,30,5801.055398
20.454542,30,5805.149389
20.454542,30,5805.149664
20.454542,30,5806.985487
20.454542,30,5809.025672
21.010153,30,5810.922946
20.454542,30,5817.425672
20.57386,30,5817.425765
10.227271,16,5819.249115
20.659195,30,5819.249218
4.9716983,7,5822.191433
6.409091,9,5824.049055
20.454542,30,5828.05037
21.368101,30,5834.615979
20.57386,30,5834.616064
20.57386,30,5836.710673
21.48742,30,5839.451256
20.454542,30,5841.500681
21.604519,30,5845.382527
20.454542,30,5845.382617
20.454542,30,5848.220309
20.454542,30,5848.220391
21.48742,30,5848.220409
20.653387,30,5850.085118
20.539877,30,5850.085203
20.454542,30,5851.882824
20.454542,30,5851.882908
17.130787,26,5853.905713
21.48742,30,5853.905794
20.454542,30,5853.905812
20.454542,30,5853.905827
20.454542,30,5856.701573
20.454542,30,5856.707225
20.539877,30,5858.700053
20.454542,30,5858.70014
20.454542,30,5860.641385
20.454542,30,5864.617331
3.5284092,6,5866.622765
20.539877,30,5868.614985
20.454542,30,5873.097429
20.454542,30,5875.107892
20.539877,30,5881.403265
20.743134,30,5881.403347
21.409088,30,5883.417085
21.406853,30,5883.41715
21.37287,30,5885.237964
21.25355,30,5887.104052
20.931814,30,5891.971538
20.454542,30,5898.697121
20.539877,30,5898.697217
20.454542,30,5900.580736
20.454542,30,5902.57162
20.454542,30,5904.485629
20.63187,30,5909.291318
20.454542,30,5909.291418
20.886234,30,5911.220859
20.657969,30,5911.221139
20.886234,30,5911.22127
20.454542,30,5913.123928
21.010153,30,5913.124007
20.454542,30,5916.012226
21.010153,30,5916.012301
20.97157,30,5917.874826
20.97157,30,5917.874918
20.571642,30,5917.874948
20.454542,30,5919.845887
20.539877,30,5919.847493
20.454542,30,5921.790805
20.454542,30,5921.790895
20.454542,30,5924.416594
21.129465,30,5928.133636
20.454542,30,5930.083148
20.539906,30,5932.78773
20.540869,30,5936.522352
20.454542,30,5938.391391
20.57386,30,5944.669854
21.28977,30,5944.670048
21.17045,30,5946.503074
20.454542,30,5946.503156
20.454542,30,5949.220492
20.454542,30,5951.179854
20.454542,30,5954.912507
20.454542,30,5961.505643
20.454542,30,5961.505736
20.454542,30,5963.421031
20.454542,30,5966.116645
20.454542,30,5968.178939
20.454542,30,5971.89982
20.454542,30,5971.899901
20.454542,30,5974.101321
20.454542,30,5974.101406
20.454542,30,5974.101426
20.454542,30,5976.014484
20.454542,30,5976.014575
20.454542,30,5977.888814
20.454542,30,5977.894151
20.454542,30,5979.888056
20.454542,30,5979.888149
20.454542,30,5979.888173
20.454542,30,5982.599254
20.454542,30,5982.599331
20.454542,30,5984.668824
20.454542,30,5984.669032
20.454542,30,5986.395744
20.454542,30,5991.481539
3.2045453,5,5991.481628
20.454542,30,5993.268823
20.454542,30,5995.401754
20.454542,30,5999.832068
20.454542,30,6001.879875
3.2045453,5,6001.879978
5.6079545,8,6003.583989
20.454542,30,6008.510497
20.454542,30,6008.511149
20.57386,30,6010.31721
20.454542,30,6010.317302
20.454542,30,6012.375237
20.454542,30,6014.277256
20.454542,30,6018.419205
20.454542,30,6024.609214
20.454542,30,6024.609302
20.454542,30,6026.710243
20.57386,30,6028.528465
20.454542,30,6030.390856
20.454542,30,6034.918461
20.454542,30,6034.918524
20.454542,30,6036.815084
20.454542,30,6036.815162
20.693178,30,6036.815179
20.454542,30,6038.631641
20.454542,30,6038.631739
20.454542,30,6041.341977
20.454542,30,6041.342069
20.454542,30,6043.032593
20.454542,30,6043.032658
20.454542,30,6044.883285
20.454542,30,6044.88354
20.454542,30,6046.791203
20.454542,30,6046.791296
21.28977,30,6053.432834
21.17045,30,6055.309656
21.051132,30,6057.998747
21.287535,30,6061.616499
1.6022727,3,6061.616577
21.017149,30,6063.410757
21.168215,30,6063.410841
20.57386,30,6066.222601
20.454542,30,6070.026926
20.812496,30,6070.027011
21.01015,30,6071.921228
21.01035,30,6071.921298
20.57386,30,6074.223706
20.454542,30,6075.8866
20.454542,30,6079.705101
20.454542,30,6086.082493
20.88601,30,6086.082582
20.454542,30,6087.917508
20.454542,30,6090.490144
14.403514,22,6092.496433
20.454542,30,6092.496519
20.454542,30,6096.809132
20.454542,30,6096.809217
20.454542,30,6099.150585
20.454542,30,6099.150675
20.454542,30,6099.150693
20.454542,30,6101.05086
20.454542,30,6101.050941
20.454542,30,6103.179034
20.454542,30,6103.179106
20.454542,30,6105.089319
20.890863,30,6105.089407
20.454542,30,6107.814207
20.454542,30,6107.814282
4.772727,8,6109.488578
15.117097,23,6109.488656
21.721462,30,6109.488678
20.931814,30,6115.910684
2.7272727,5,6115.910765
20.454542,30,6119.386496
4.772727,8,6119.386582
20.571642,30,6124.330926
20.454542,30,6126.307294
9.299933,14,6126.307523
20.454542,30,6126.30763
20.81026,30,6128.348174
20.454542,30,6133.186963
21.248783,30,6133.187051
21.248783,30,6134.794092
20.454542,30,6134.794182
20.454542,30,6136.611094
20.454542,30,6138.505842
20.539854,30,6143.379253
20.539877,30,6149.953965
20.454542,30,6149.954052
20.454542,30,6151.824808
20.539877,30,6153.77953
20.454542,30,6155.786235
20.454542,30,6160.122657
20.454542,30,6162.026192
21.248781,30,6162.026285
21.3681,30,6162.026312
20.545685,30,6163.987051
20.454542,30,6163.987136
20.886234,30,6166.796674
20.57386,30,6168.617284
20.931814,30,6170.523309
21.88228,30,6170.523433
22.513485,30,6172.38733
20.454542,30,6172.387411
20.454542,30,6172.387431
20.454542,30,6179.02482
20.886234,30,6179.024915
21.282251,30,6183.878495
21.051132,30,6183.878593
20.693178,30,6187.715908
20.693178,30,6189.616239
20.693178,30,6189.616304
20.454542,30,6189.616317
6.4068556,9,6192.385342
20.571642,30,6192.398068
4.806818,7,6194.015711
20.693178,30,6196.03179
1.597429,3,6196.031857
20.454542,30,6196.031871
20.454542,30,6197.921726
20.690943,30,6197.921807
11.211046,15,6200.582252
20.57386,30,6200.58234
20.454542,30,6202.398698
10.412537,14,6202.398775
6.4042277,9,6202.398792
2.398546,4,6204.270521
20.454542,30,6206.118941
2.403409,4,6206.119008
4.0056815,6,6206.119023
1.6022727,3,6211.023818
20.454542,30,6212.834776
20.454542,30,6212.83484
8.8125,12,6214.844539
20.454542,30,6214.844613
20.454542,30,6217.825947
20.454542,30,6219.606217
20.454542,30,6223.47927
20.454542,30,6226.119115
20.454542,30,6226.119191
20.454542,30,6226.119208
21.409088,30,6228.012727
20.693178,30,6228.012817
20.693178,30,6229.886624
18.15117,25,6231.834967
22.48295,30,6234.514361
23.074677,30,6234.514426
22.361397,30,6236.251312
22.236795,30,6246.648633
20.659195,30,6251.429546
22.003443,30,6253.294545
21.844858,30,6255.25065
21.76218,30,6255.250732
21.61374,30,6259.812006
21.134232,30,6259.812255
21.014914,30,6261.683825
21.375105,30,6263.699115
21.284906,30,6263.699208
20.454542,30,6265.683654
20.539877,30,6265.683759
21.04627,30,6265.68379
20.931814,30,6270.211732
21.017149,30,6270.211821
20.539877,30,6270.211846
21.221802,30,6274.498711
20.539877,30,6277.231318
20.539877,30,6277.231376
20.539877,30,6279.199817
20.539877,30,6279.1999
20.454542,30,6281.270655
20.454542,30,6283.322392
20.454542,30,6287.698746
12.35806,19,6287.698837
20.625212,30,6289.610688
20.539877,30,6289.610783
10.227271,16,6289.610808
20.625212,30,6289.610827
20.539877,30,6291.348658
20.454542,30,6291.348724
20.454542,30,6294.141407
21.129465,30,6296.221259
20.454542,30,6298.117947
20.454542,30,6298.118146
20.454542,30,6299.868175
5.7224097,8,6304.514821
12.272725,19,6306.40577
19.118101,27,6311.325926
20.454542,30,6314.985635
20.454542,30,6319.810565
20.454542,30,6323.703231
20.454542,30,6323.703326
20.539877,30,6325.394382
7.972409,12,6325.394467
20.454542,30,6328.405404
20.454542,30,6328.405508
20.539877,30,6330.020818
20.454542,30,6330.020898
20.454542,30,6333.897167
20.539877,30,6333.901992
20.539877,30,6333.902039
20.454542,30,6338.593071
20.454542,30,6340.527648
20.454542,30,6340.52772
20.540869,30,6342.590701
20.454542,30,6342.590808
20.454542,30,6345.200613
15.711043,23,6345.200705
21.17045,30,6346.885807
21.250923,30,6350.529875
21.28977,30,6352.90352
21.520887,30,6352.903597
20.454542,30,6352.903619
21.528406,30,6352.903635
20.454542,30,6354.736304
21.282251,30,6354.736392
20.812496,30,6356.744341
21.136467,30,6360.823301
20.656977,30,6360.82336
20.690943,30,6366.127536
21.051132,30,6368.931981
20.897831,30,6372.724861
20.454542,30,6377.388706
20.539877,30,6380.886731
20.539877,30,6385.80787
20.454542,30,6385.807961
20.539877,30,6387.683567
20.539877,30,6387.683654
20.454542,30,6389.416684
20.454542,30,6389.416758
20.454542,30,6391.31655
20.454542,30,6391.316803
20.539906,30,6395.974784
20.539906,30,6395.97488
20.454542,30,6395.974911
20.454542,30,6399.720596
20.454542,30,6402.626842
20.545685,30,6402.626925
20.57386,30,6404.516108
20.886234,30,6404.516202
20.454542,30,6406.182812
20.454542,30,6406.182901
20.454542,30,6408.107112
20.57386,30,6412.815121
20.454542,30,6414.595404
20.454542,30,6414.595484
20.454542,30,6414.595501
20.454542,30,6414.595515
20.454542,30,6416.501266
20.454542,30,6416.501452
20.454542,30,6419.013114
20.454542,30,6423.014037
20.454542,30,6423.014125
20.454542,30,6429.308092
20.771713,30,6431.21426
20.454542,30,6435.697144
20.539877,30,6439.422558
21.129465,30,6443.869902
20.454542,30,6447.903712
20.454542,30,6447.903802
20.626034,30,6449.983093
20.539877,30,6449.983177
20.454542,30,6452.781178
20.454542,30,6452.781254
20.539877,30,6454.64955
20.454542,30,6454.649637
20.626034,30,6458.399047
20.454542,30,6458.39914
21.010153,30,6458.399165
20.454542,30,6463.069072
20.653387,30,6465.109546
20.454542,30,6465.115053
20.454542,30,6467.191612
21.203209,30,6467.191699
20.454542,30,6469.824728
20.454542,30,6469.824801
20.454542,30,6471.757113
20.539883,30,6475.481388
20.454542,30,6478.309392
20.454542,30,6478.309458
20.539877,30,6478.309472
21.010187,30,6478.309482
3.3979645,5,6480.335245
20.539877,30,6480.33532
20.625381,30,6480.335344
20.625212,30,6482.382816
21.334118,30,6486.871637
20.454542,30,6486.871825
20.778513,30,6492.501851
20.744131,30,6495.513103
20.777287,30,6499.286646
20.539877,30,6504.214346
20.659168,30,6507.820618
20.454542,30,6512.572405
20.454542,30,6512.572546
20.454542,30,6514.831408
20.454542,30,6514.831471
20.454542,30,6516.647809
20.454542,30,6516.647958
20.539877,30,6518.611602
20.454542,30,6518.611693
20.454542,30,6523.083306
20.6592,30,6523.083402
20.454542,30,6523.090145
20.539906,30,6526.586196
20.454542,30,6529.392803
20.539877,30,6529.392893
20.454542,30,6531.180295
6.818181,11,6531.180394
20.454542,30,6531.180426
20.539877,30,6532.971853
20.97157,30,6534.838371
20.454542,30,6539.803318
21.287535,30,6541.51166
20.454542,30,6541.511736
20.539877,30,6541.511753
20.454542,30,6541.511765
7.0228343,11,6541.511776
20.693178,30,6543.306655
20.454542,30,6543.306736
20.539877,30,6543.306754
20.539877,30,6546.398282
20.454542,30,6550.078577
20.539877,30,6550.083695
20.539877,30,6557.022116
20.539877,30,6558.679697
20.454542,30,6563.423841
20.539877,30,6566.718738
2.403409,4,6571.775067
8.011364,11,6573.714951
20.625381,30,6575.453191
20.539877,30,6575.453279
20.454542,30,6577.203333
3.2045453,5,6577.203418
20.540869,30,6577.203439
20.631044,30,6580.129874
20.545685,30,6580.129946
20.886234,30,6581.939218
20.454542,30,6585.504377
20.454542,30,6585.504467
20.454542,30,6585.504489
3.2045453,5,6588.308323
20.454542,30,6590.183345
20.454542,30,6592.087492
20.571642,30,6592.087729
20.454542,30,6594.229944
8.011364,11,6594.230068
20.454542,30,6594.230092
20.454542,30,6594.230111
20.454542,30,6596.982403
20.454542,30,6598.720563
20.454542,30,6602.606407
20.454542,30,6604.994473
20.454542,30,6604.99456
20.454542,30,6604.994577
20.454542,30,6604.994591
20.454542,30,6604.994604
20.454542,30,6606.923048
20.57386,30,6606.923138
20.693178,30,6606.923162
20.57386,30,6608.723997
22.124996,30,6613.60708
21.443178,30,6619.227083
8.810265,12,6619.227177
22.005678,30,6622.137783
6.818181,11,6627.810846
23.07954,30,6636.200669
21.136467,30,6639.048246
21.051132,30,6639.048601
21.17045,30,6640.930648
21.409088,30,6640.930711
20.812496,30,6642.918774
20.812496,30,6642.918871
20.693178,30,6645.014268
20.57386,30,6649.581509
20.57386,30,6649.581756
20.454542,30,6649.581878
20.454542,30,6651.524472
20.693178,30,6653.208641
20.57386,30,6656.019246
20.57386,30,6656.019322
21.647724,30,6657.987298
20.539877,30,6657.987381
20.454542,30,6657.987403
20.454542,30,6659.894552
20.454542,30,6661.713076
18.755554,27,6664.439223
20.043217,29,6664.447484
20.454542,30,6668.405801
20.539877,30,6668.405895
20.454542,30,6668.405916
20.539877,30,6668.405932
20.454542,30,6670.330397
20.454542,30,6670.330665
20.454542,30,6673.101441
4.8045993,7,6675.092947
2.4564393,4,6677.120882
20.810278,30,6677.120965
4.801955,7,6679.014643
8.804981,12,6681.72041
3.9981632,6,6681.720684
20.454542,30,6683.517914
20.454542,30,6683.518033
4.8549857,7,6683.518053
20.454542,30,6685.475041
1.597429,3,6685.475137
3.9981632,6,6685.47516
0.85192573,2,6687.468467
20.454542,30,6692.250243
7.207992,10,6695.817353
4.0008187,6,6698.785023
1.6022727,3,6698.78512
20.454542,30,6700.684268
20.454542,30,6702.393006
20.454542,30,6702.393091
20.454542,30,6704.35449
20.454542,30,6704.354578
20.454542,30,6707.152598
20.454542,30,6707.152678
20.454542,30,6709.22839
20.454542,30,6712.902548
20.454542,30,6712.902642
20.454542,30,6712.907329
20.454542,30,6715.899312
20.454542,30,6717.728271
20.454542,30,6719.415529
20.454542,30,6721.415861
20.454542,30,6721.415956
22.117477,30,6721.415979
21.884125,30,6725.99509
22.244314,30,6727.792741
21.520887,30,6732.515278
21.406853,30,6734.503715
21.640205,30,6734.503807
21.528406,30,6741.433555
21.048897,30,6741.433616
21.28977,30,6744.818832
21.284906,30,6744.847499
21.165588,30,6746.821416
21.168215,30,6746.821508
21.04627,30,6749.815017
20.571642,30,6749.815102
20.931814,30,6751.69082
4.003446,6,6758.15193
20.454542,30,6760.150178
20.454542,30,6762.121009
20.454542,30,6762.147516
20.454542,30,6764.287451
20.454542,30,6766.853025
20.454542,30,6766.853106
20.454542,30,6768.810535
20.454542,30,6768.810616
20.454542,30,6770.791044
20.454542,30,6770.791127
20.454542,30,6772.795008
7.8920455,11,6775.740192
20.454542,30,6777.417263
20.454542,30,6777.41735
20.454542,30,6777.417377
10.409909,14,6777.417392
6.287537,9,6777.417405
20.454542,30,6779.28688
20.454542,30,6781.278861
20.454542,30,6784.334869
20.454542,30,6786.01154
20.454542,30,6786.011618
20.454542,30,6786.011636
20.454542,30,6790.012936
20.454542,30,6792.805474
20.454542,30,6796.58836
20.454542,30,6798.521876
20.539877,30,6798.521958
22.242079,30,6805.019256
22.244314,30,6805.019405
20.454542,30,6810.108854
21.88636,30,6811.927145
21.88636,30,6813.886525
20.539877,30,6813.886753
20.454542,30,6824.417674
21.528406,30,6827.404068
20.454542,30,6827.404137
20.539883,30,6829.221529
20.539906,30,6830.898862
21.406853,30,6830.898954
21.877155,30,6832.915302
20.540047,30,6832.915388
20.454542,30,6835.701512
14.999997,23,6835.701587
20.454542,30,6835.701606
20.454542,30,6837.524941
20.929579,30,6839.414642
20.454542,30,6841.405508
20.454542,30,6841.405596
20.454542,30,6841.405614
21.17045,30,6841.405629
20.454542,30,6841.405641
20.454542,30,6844.223592
20.454542,30,6846.007344
20.812496,30,6847.691834
1.597429,3,6847.69192
20.454542,30,6849.491268
20.454542,30,6849.491346
1.597429,3,6851.98407
3.409091,6,6853.716831
20.454542,30,6853.716894
20.454542,30,6855.419398
18.409088,28,6857.51461
20.454542,30,6859.995047
21.01015,30,6861.913376
20.454542,30,6868.1875
20.454542,30,6868.187592
20.454542,30,6871.954563
20.454542,30,6873.595238
20.771713,30,6876.416541
20.890863,30,6876.416696
8.533111,13,6878.495498
20.890863,30,6886.695415
20.454542,30,6888.60148
20.539877,30,6888.601572
20.771713,30,6890.518288
20.771713,30,6893.583132
20.454542,30,6893.583227
12.511362,19,6893.583252
20.539877,30,6895.416178
20.57386,30,6895.418327
20.454542,30,6897.314595
20.454542,30,6897.314677
20.454542,30,6897.314697
20.771713,30,6899.350462
21.490356,30,6902.368899
20.539877,30,6904.219992
20.454542,30,6904.220064
21.010553,30,6904.220077
21.48764,30,6906.004927
21.051132,30,6910.531124
20.688335,30,6910.531203
20.454542,30,6912.528688
20.539877,30,6912.528769
2.403409,4,6912.528791
3.1996822,5,6914.498897
8.011364,11,6914.498975
4.8045826,7,6914.498991
20.454542,30,6916.682761
20.454542,30,6919.19911
7.2102275,10,6919.199203
4.003446,6,6919.199225
20.454542,30,6921.275123
20.454542,30,6923.373946
4.8598485,7,6925.40864
20.454542,30,6925.40873
20.540047,30,6931.827731
20.454542,30,6931.82781
20.454542,30,6936.615692
20.57386,30,6938.398563
20.454542,30,6940.307627
20.454542,30,6940.307719
20.454542,30,6942.122737
20.454542,30,6950.002883
20.454542,30,6953.121031
20.454542,30,6953.121107
20.454542,30,6957.205491
20.454542,30,6957.210024
22.124996,30,6957.210072
20.454542,30,6959.070668
22.124996,30,6959.071009
20.454542,30,6962.09303
20.454542,30,6962.093111
20.454542,30,6965.748417
20.454542,30,6967.624527
21.287535,30,6974.385019
20.454542,30,6976.31683
21.17045,30,6976.316909
21.165588,30,6976.316927
20.454542,30,6978.915908
20.454542,30,6978.915991
20.454542,30,6978.918964
20.929579,30,6980.870504
20.81026,30,6982.712302
20.454542,30,6982.7124
20.81026,30,6982.712426
20.454542,30,6984.711211
2.7272727,5,6987.781929
20.454542,30,6987.782053
20.454542,30,6989.740706
20.57386,30,6989.740773
20.454542,30,6996.118313
20.454542,30,6996.118383
20.454542,30,6999.980306
20.454542,30,7001.716566
20.454542,30,7004.381839
20.454542,30,7004.381911
20.454542,30,7006.290758
20.454542,30,7014.712311
20.454542,30,7016.708561
20.454542,30,7016.708645
20.539877,30,7021.012659
20.454542,30,7021.012746
20.454542,30,7021.012766
20.454542,30,7022.722143
20.454542,30,7022.722231
1.4829545,3,7022.722255
20.454542,30,7024.706567
20.454542,30,7024.706656
2.7262807,4,7029.4057
20.976196,30,7029.405791
2.5660536,4,7029.405812
20.454542,30,7031.490611
2.398546,4,7033.38984
12.213486,16,7038.02309
20.454542,30,7038.023165
21.010153,30,7039.978729
20.539877,30,7039.978811
20.454542,30,7042.013736
20.454542,30,7042.013831
20.539877,30,7042.013857
20.454542,30,7043.718813
20.625212,30,7046.472379
20.539877,30,7046.472513
20.454542,30,7046.472562
20.454542,30,7048.394046
21.129465,30,7050.195542
21.01015,30,7050.195629
20.454542,30,7051.77214
20.454542,30,7051.772225
20.540869,30,7058.587377
22.680548,30,7058.587476
20.454542,30,7063.40936
20.539877,30,7065.3842
20.454542,30,7067.195495
20.454542,30,7069.025864
21.577694,30,7077.706107
20.571642,30,7080.816616
20.454542,30,7084.701299
20.57386,30,7086.494155
20.656977,30,7086.494243
20.454542,30,7086.494269
8.267152,13,7086.494285
21.335482,30,7089.289533
20.454542,30,7092.920333
20.81026,30,7092.920406
20.812496,30,7092.920422
2.403409,4,7094.784023
20.690943,30,7094.784096
2.403409,4,7097.683022
20.571642,30,7097.683141
20.540869,30,7101.623697
20.454542,30,7101.623762
20.454542,30,7103.51841
3.3238635,5,7103.518464
21.01015,30,7103.518478
20.571642,30,7106.616527
20.571642,30,7106.616611
20.57386,30,7106.616633
20.454542,30,7108.717899
20.454542,30,7110.520415
20.454542,30,7110.520499
21.48742,30,7110.52382
20.454542,30,7112.215206
21.010153,30,7115.276753
20.454542,30,7115.277153
21.334124,30,7117.343165
21.453465,30,7117.343225
20.454542,30,7123.828803
20.454542,30,7127.660419
20.454542,30,7129.492283
21.487417,30,7132.29094
20.454542,30,7134.229097
20.454542,30,7142.554548
20.454542,30,7144.314617
20.454542,30,7148.75003
20.693178,30,7150.598822
20.693178,30,7150.598904
20.897831,30,7150.598922
21.409088,30,7157.699816
21.051132,30,7157.699905
13.636361,21,7157.699922
10.227271,16,7157.699936
16.037552,24,7157.69995
21.017319,30,7159.653349
20.693178,30,7159.653435
20.812496,30,7161.38585
20.57386,30,7161.385943
4.8045826,7,7166.140411
20.693178,30,7166.140486
20.57386,30,7166.140504
20.454542,30,7168.118064
20.78432,30,7168.11814
4.772727,8,7168.118163
20.57386,30,7168.118181
16.363634,25,7170.048167
20.540869,30,7170.048474
20.57386,30,7170.04851
20.69096,30,7172.102409
20.571642,30,7174.711121
20.571642,30,7174.711214
20.571642,30,7174.711237
20.454542,30,7178.387159
20.454542,30,7178.387248
20.454542,30,7180.487273
3.2023098,5,7180.487352
2.403409,4,7183.024141
20.454542,30,7191.493895
20.454542,30,7193.305551
20.454542,30,7195.153288
20.454542,30,7197.107195
20.454542,30,7205.915396
20.454542,30,7208.709291
21.409088,30,7212.395086
20.454542,30,7214.406384
20.454542,30,7220.4311
21.409088,30,7220.431175
21.287535,30,7220.431191
21.284906,30,7220.431203
20.690943,30,7220.431213
21.528406,30,7222.269547
20.454542,30,7222.269687
20.454542,30,7224.985418
20.693178,30,7224.985502
20.454542,30,7228.678751
20.57386,30,7228.678836
20.454542,30,7228.678858
20.454542,30,7230.721363
20.454542,30,7230.72145
20.571642,30,7230.721473
20.690943,30,7230.721492
20.778513,30,7233.610214
20.812496,30,7233.610295
8.94897,14,7235.516598
20.926952,30,7235.516687
20.454542,30,7237.419065
20.804998,30,7237.419135
20.454542,30,7242.093284
20.653387,30,7242.093379
20.890862,30,7243.870206
20.454542,30,7243.870332
20.454542,30,7245.70111
2.846591,5,7245.701523
20.454542,30,7254.322993
20.454542,30,7256.369354
21.363247,30,7259.212194
21.482565,30,7261.023512
20.454542,30,7271.219032
21.12723,30,7275.72513
20.454542,30,7277.522219
20.539883,30,7284.120242
20.454542,30,7284.120312
20.454542,30,7284.120327
20.454542,30,7284.120337
20.454542,30,7284.120347
20.454542,30,7286.002692
20.454542,30,7286.002773
20.454542,30,7287.696813
20.693178,30,7287.6969
20.454542,30,7292.582309
20.454542,30,7292.582408
20.545685,30,7292.582432
20.57386,30,7294.493918
21.130508,30,7294.494037
20.886234,30,7294.494057
20.571642,30,7294.494073
20.454542,30,7296.302499
20.454542,30,7296.302583
21.168215,30,7298.102877
20.693178,30,7300.995584
20.539877,30,7300.995673
20.659195,30,7304.595191
20.454542,30,7304.595275
20.693178,30,7306.522265
20.454542,30,7306.522355
20.57386,30,7309.512069
20.454542,30,7309.512133
20.539877,30,7318.338586
20.454542,30,7320.243078
20.454542,30,7322.030321
20.659195,30,7324.294723
20.454542,30,7335.00565
20.539877,30,7338.520294
20.454542,30,7340.381748
16.363634,25,7345.124411
20.454542,30,7346.671155
20.454542,30,7346.671288
20.454542,30,7346.671347
20.454542,30,7346.671388
20.539877,30,7346.671426
20.454542,30,7348.579241
20.539877,30,7348.579358
20.454542,30,7351.123634
20.454542,30,7351.123886
20.539877,30,7355.212547
20.454542,30,7355.212625
20.539877,30,7357.045358
20.454542,30,7357.045431
20.454542,30,7357.045453
20.540869,30,7357.045469
20.454542,30,7360.127935
20.771713,30,7360.12802
21.007961,30,7361.922799
20.454542,30,7363.690809
20.539877,30,7363.692225
20.454542,30,7368.322503
20.454542,30,7368.322587
20.539877,30,7369.919769
20.454542,30,7369.919835
20.454542,30,7371.907356
20.454542,30,7371.907438
20.454542,30,7380.684089
20.454542,30,7382.324916
20.539877,30,7385.20094
20.57386,30,7387.024018
12.4492035,19,7390.800493
20.57386,30,7397.512008
