#{"t_start": 1774912042.7189057, "env_id": "None"}
r,l,t
1.2765543,2,4.550822
1.9602091,3,6.488407
1.6000543,3,6.488503
1.7649229,3,6.488526
1.6000372,3,6.488543
2.1106687,3,6.488559
2.2559147,4,8.116563
2.8534377,4,8.11665
3.3314724,5,9.844269
3.2148979,5,9.844357
3.9572065,5,9.844379
3.2023098,5,9.844396
3.794167,5,9.844412
3.1974957,5,9.844427
3.6611507,6,11.468795
1.795329,3,11.468879
5.3977666,7,13.316701
4.8509727,7,13.316795
4.289766,7,13.316827
1.0508548,2,13.316851
5.345552,8,15.114208
6.0348377,8,15.114278
5.0091453,8,15.114291
7.557371,9,16.970735
6.9942455,9,16.970825
7.5658517,9,16.970843
2.7272727,5,18.768789
3.2830985,5,18.768874
4.5329723,7,20.675744
3.258057,5,20.675833
4.959018,6,20.675851
8.395694,11,20.675864
3.6436617,6,24.363424
4.203553,6,26.020266
4.5592594,6,26.034013
3.0548155,5,26.034825
7.9588356,10,26.034929
1.7291999,3,26.034963
4.1630435,6,27.953587
12.808229,16,29.614928
15.356508,17,31.455269
8.160072,10,31.455349
4.2897696,7,31.45537
3.7252288,6,31.455388
1.795329,3,31.455402
6.399803,9,31.455417
9.608229,14,31.455432
12.252489,15,33.363027
14.232581,20,37.245009
14.855165,21,39.082653
4.601082,6,39.08274
14.537432,19,40.852945
18.1305,23,42.667626
14.579099,20,42.667737
17.25814,22,44.614067
20.189976,24,44.614154
7.8926096,11,44.614177
12.699592,17,44.614194
17.606384,24,44.614211
13.067124,19,48.614345
6.7630115,9,48.614671
8.494428,12,48.61485
8.843016,12,48.615039
4.594079,7,50.490999
17.329962,22,50.491091
2.7211926,4,50.491112
21.500387,28,52.253069
14.082965,18,52.253168
6.808247,10,52.253191
12.583284,18,53.98118
4.9205737,6,55.95787
1.9602091,3,55.957959
2.9592168,4,55.957984
20.859015,30,55.958001
12.156244,15,57.903599
9.4218,14,57.903685
11.421648,17,57.9037
17.794704,25,57.903711
1.9602091,3,57.90372
11.956463,15,59.793444
5.3303895,8,59.793533
8.753975,10,59.793557
3.758513,5,61.707616
16.879215,19,61.707727
21.846577,30,65.549885
3.0811617,5,67.34818
1.9251442,3,67.348289
7.8191767,11,69.24913
11.520377,14,69.249221
4.530302,7,69.249243
4.797931,7,69.249259
16.212471,21,71.001015
12.488963,17,71.001096
6.752135,8,72.807951
22.604761,30,72.808017
1.7193724,3,74.701283
23.076723,29,74.701365
11.339676,16,74.701389
13.0786,16,74.701407
16.86464,24,76.597201
17.107496,24,76.597279
10.905978,16,78.361575
3.9993546,6,80.336193
6.5040836,10,80.336302
4.4488635,7,82.051054
1.9583726,3,82.051147
19.209373,23,82.051168
12.338842,17,83.968811
3.2162936,5,83.968894
21.873308,29,85.784688
12.173639,17,85.784753
3.2329745,5,87.837334
5.5738635,9,87.840818
8.058378,11,89.662326
1.6000543,3,89.66241
12.612201,17,89.662428
13.488196,18,89.662443
8.642616,11,92.984792
10.672559,12,92.984882
3.9572015,5,92.984907
2.1625543,4,92.984925
17.427479,24,94.971681
14.770035,19,94.971773
16.728264,21,94.971791
12.792297,19,94.971804
12.961271,17,98.494895
3.7106993,5,98.494964
21.658419,27,100.39393
19.793818,23,100.394032
23.40791,30,100.394067
23.384329,30,103.907428
15.808203,21,103.907498
10.412636,14,105.676342
5.8879957,9,105.676412
14.657689,19,107.464973
16.903065,22,107.46506
5.160261,7,107.465077
15.801715,19,109.216235
9.811633,13,109.216304
6.889802,10,111.099893
11.818828,16,111.099949
20.899233,29,111.099962
2.9592168,4,114.210612
5.555395,7,114.210702
15.575648,21,114.210723
9.012276,12,115.985534
22.476028,30,115.985596
3.9770746,6,117.683563
1.7291999,3,117.683726
6.341017,10,119.421201
4.5592537,6,119.421476
6.520889,8,119.421615
8.060489,11,119.421637
11.793427,17,119.421654
6.8342795,9,122.178148
15.218231,21,122.178236
3.078535,4,122.178258
11.433663,17,122.178273
9.553522,11,122.178288
12.1279335,14,122.178305
18.540728,25,124.013846
5.9590135,7,124.013916
10.726167,15,124.013931
12.427458,16,125.564869
13.104806,18,127.479059
3.9993918,6,130.332132
19.264067,26,130.33228
16.800005,21,130.332314
3.3671901,5,130.332337
1.7649229,3,130.332361
9.160341,12,132.097682
23.03647,30,132.097758
4.570938,7,135.877398
3.755897,6,135.877525
4.969468,7,135.877542
20.076626,26,138.725838
7.402597,10,138.726031
11.756458,13,140.668142
24.023722,30,140.668216
9.841716,13,142.421087
8.407929,11,142.421173
19.303886,25,142.421196
9.605905,12,144.361
5.4045873,7,144.361086
12.256713,16,144.361104
7.4400744,9,144.361118
5.2326646,7,144.36113
10.45105,12,144.361144
12.3148775,16,146.803123
18.933825,24,146.803201
9.000878,11,146.803222
9.416341,13,146.80324
2.0795274,3,148.67289
9.772671,13,148.672964
6.955575,8,148.672983
5.5582156,7,150.334575
10.938315,14,150.33466
14.861552,19,150.334682
7.951357,9,150.334699
7.812116,10,150.334715
1.9583726,3,150.33473
9.360197,11,150.334744
17.165108,20,150.334758
7.796569,10,150.334772
2.9573765,4,152.161682
18.766352,23,154.879049
17.750938,19,154.879115
2.7862458,4,154.879127
0.96601653,2,154.879137
4.4009914,6,154.879146
3.4010205,5,154.879154
14.410782,17,156.824022
1.7649229,3,160.343851
4.7592974,6,160.34394
1.1962425,2,160.34396
10.756449,12,160.343975
3.9894397,5,160.343989
2.1365967,4,162.88713
8.357662,10,162.887209
10.127356,12,162.887267
3.557625,5,162.887283
8.358545,10,164.672992
3.5914052,5,164.673082
15.350032,17,164.673104
8.652408,10,166.352377
6.484081,8,166.352466
10.301738,14,168.15435
5.3617525,7,168.154608
8.565254,11,168.154737
3.3627512,5,170.914574
2.7591155,4,170.914661
8.564288,11,172.689644
4.9654083,7,174.646669
14.460596,18,174.646754
5.052954,7,174.646777
1.0543947,2,174.646794
11.105421,15,174.64681
9.919164,12,174.646826
3.5624819,5,176.350451
7.5022345,11,176.350543
20.892693,27,176.350566
10.102492,14,176.350585
11.895874,15,178.898748
10.173046,14,178.899002
10.55783,14,178.899129
12.6654,17,178.899245
6.5935845,8,178.899361
5.8813105,8,180.676642
5.793377,8,180.676719
3.981974,5,182.749187
15.005036,18,182.749294
2.957371,4,184.23471
6.750813,8,184.234801
6.5652437,8,184.234829
11.559708,15,184.234854
3.5261908,6,186.888951
9.052086,12,186.889025
8.09444,11,188.734905
3.7603533,5,188.739902
2.9221802,4,190.554478
8.959012,10,190.554724
9.241252,11,190.554844
5.0864916,8,190.554951
5.7542286,7,194.992689
13.085635,16,194.99276
14.203003,17,194.992774
3.9553723,5,196.752204
7.281416,10,196.752293
2.7591155,4,196.752318
8.409843,11,196.752337
7.0043983,9,196.752356
1.9602091,3,196.752374
22.128864,30,196.752389
5.084209,7,198.567189
6.3388023,10,198.567272
3.7923212,5,200.653116
22.10749,30,200.653202
5.454682,8,200.653224
3.9572065,5,200.65324
1.9583726,3,203.548476
10.282597,13,203.548585
1.8555311,3,203.548615
9.251851,11,205.5153
11.777709,16,207.284417
10.026736,14,207.284867
4.110474,5,207.285014
12.456108,16,207.285133
1.7671529,3,207.285259
1.9602091,3,208.880371
4.237318,6,208.880461
4.208119,6,208.880482
25.44412,30,211.734588
17.582188,23,211.734698
28.030926,30,211.734739
10.762732,14,213.573056
4.4022474,6,213.573135
12.930668,17,213.573153
1.995165,3,215.370959
1.7269592,3,215.371044
7.4465094,10,215.371067
12.960996,15,215.371086
1.6022727,3,217.281285
11.393068,13,217.281368
5.839621,8,217.281385
12.687198,16,220.064757
6.388764,8,220.064848
0.96601653,2,221.88078
9.380065,13,221.88086
24.43065,30,221.880882
3.7810469,6,223.548527
1.9583726,3,223.548613
6.4570355,8,223.548635
17.205162,21,223.548651
19.254202,23,223.548668
3.9553487,5,225.581421
15.231308,18,225.581505
4.7561126,6,225.581524
13.358342,15,225.581538
11.956553,14,225.581552
18.313618,26,228.448398
7.967441,10,228.448481
5.559084,7,228.448501
1.278391,2,228.448515
7.1302853,10,228.448528
4.761147,6,230.285613
3.7603533,5,230.285684
2.41598,4,230.285698
6.9026203,10,231.959706
12.794632,14,234.06294
10.9692745,15,234.063031
10.671304,13,234.063055
3.7611759,5,236.435042
4.9555893,6,236.435124
4.599228,6,236.435141
16.353073,18,238.46289
8.524953,11,238.462979
8.357488,10,240.256971
6.81619,9,240.257048
9.557371,12,240.257063
12.829642,15,240.257074
5.249419,7,242.369424
4.7574606,6,242.369516
1.9602091,3,242.369541
1.7671529,3,245.01403
17.338264,22,245.014251
11.247774,14,245.014317
7.1591287,9,246.946823
6.763011,9,246.946904
9.201705,11,246.946922
1.1962425,2,248.959251
2.7613456,4,248.959336
5.760319,7,248.959356
18.561913,24,248.959371
8.875387,10,248.959386
6.5545754,8,248.959399
8.559055,10,250.963589
11.750912,13,250.963729
4.1234093,5,253.891514
8.957162,10,255.46491
7.8534403,9,255.464992
8.758308,10,257.269353
24.894533,29,257.269441
2.9573765,4,257.26946
2.9592168,4,257.269475
7.2091265,9,257.269488
13.756627,15,257.269502
7.757919,9,259.112067
1.1985551,2,259.113225
3.9590473,5,259.113272
5.4022183,7,261.780079
18.443125,23,261.780148
4.9539905,6,261.780161
6.119442,7,261.780171
8.595268,10,261.780181
20.856869,26,261.780191
2.4011736,4,261.780199
4.2122726,6,263.666473
7.2021027,9,263.666559
16.754057,18,263.666577
15.156083,17,263.666594
3.9590473,5,265.438385
8.999281,11,265.438507
6.955575,8,265.438549
8.164609,10,265.438581
3.2023098,5,267.16568
6.557788,8,267.165964
1.597429,3,267.166093
6.644682,9,267.166216
4.9571776,6,270.118121
1.278391,2,270.118428
2.957371,4,270.118624
4.765962,6,271.83638
2.5682893,4,271.83671
2.4383488,4,271.836845
4.162744,6,271.836882
5.758305,7,271.836909
4.7187133,6,271.836935
3.7562826,5,273.636609
2.2510998,4,273.636685
17.56258,21,273.6367
16.32785,19,273.636713
13.758298,15,273.636724
22.349787,24,275.32447
5.756084,7,278.250241
4.761147,6,279.988885
23.202837,26,279.988972
3.0548327,5,279.988996
3.36535,5,281.640151
3.2330143,5,281.640231
8.19254,12,281.640254
6.756086,8,281.640272
28.753984,30,283.441835
4.2103457,6,283.441929
3.5584104,5,283.444331
6.157426,8,286.054585
5.5756707,8,286.054674
12.950298,14,286.054697
1.6000372,3,287.944203
6.594899,8,287.94783
21.589455,23,287.94787
10.363379,13,287.947889
12.362427,14,289.85412
7.5465493,11,289.854202
7.193459,9,289.854221
10.358334,12,291.743608
14.562103,17,291.743754
12.564111,15,291.743785
6.5389576,10,291.743803
3.853761,6,291.743819
0.96601653,2,291.743834
1.7671529,3,291.74385
12.720426,16,294.476129
7.807115,10,294.476204
1.9602091,3,294.476218
5.5654135,7,296.220559
8.211468,11,296.220651
13.957656,17,296.220673
4.2151604,6,296.220691
0.96601653,2,296.220707
7.7584724,9,296.220723
9.157638,11,296.220739
13.521501,15,297.9591
1.1240078,2,297.959184
7.0547595,10,299.63702
5.9946265,7,299.637102
12.93102,17,299.637117
3.927465,5,302.54927
10.8025255,13,302.549357
9.799923,11,304.419481
8.341463,12,304.423459
8.796209,10,304.423508
2.9592168,4,304.423525
6.923196,8,304.423539
10.996935,12,306.61681
13.327529,16,306.616885
5.7611423,7,306.616904
5.9571633,7,306.616918
1.9602091,3,308.389819
4.9571724,6,308.3899
27.131168,30,308.389925
6.9590125,8,308.389942
7.7256794,9,308.389958
1.9851663,3,310.99741
1.9583726,3,310.997669
5.5952983,7,310.997807
11.804321,13,310.997925
1.9602091,3,310.997947
7.760178,9,310.997965
3.794167,5,310.99798
9.992867,11,312.881485
5.7583046,7,312.881561
6.955058,8,312.881576
4.194217,5,314.864239
4.1957994,5,314.864325
1.7269592,3,314.864345
12.557222,14,314.864362
9.7583,11,314.864378
6.3669887,8,314.864393
2.9854574,4,316.751884
5.5992227,7,316.75199
1.7671529,3,316.752021
3.9572015,5,319.081454
2.3985653,4,319.081532
10.7888565,12,320.648423
1.795329,3,322.582209
14.995487,17,324.548499
0.96601653,2,327.240667
3.7603533,5,327.240756
2.5682893,4,327.240778
4.688457,7,327.240795
6.9798684,10,327.240811
5.818272,9,328.992201
7.9804153,11,328.992298
12.756454,14,328.992327
4.6463532,7,328.992348
7.8192463,11,328.992368
14.3908615,16,328.992387
5.361777,7,328.992406
5.9571633,7,328.992424
5.196495,7,328.992442
1.0853348,2,330.913702
12.37854,16,332.684164
7.847774,11,332.684264
17.158604,19,335.608982
9.75891,12,335.609056
9.728353,13,335.609075
10.05265,13,335.609089
8.560445,10,335.609102
2.41598,4,335.609116
6.75792,8,335.609129
3.9857323,5,338.862556
2.7595088,4,338.86263
11.962783,16,338.862649
11.555358,13,338.862663
3.7611759,5,338.862677
10.728311,14,338.862704
9.365249,12,340.742821
4.7584777,6,340.742927
6.8000503,8,343.593897
2.5634325,4,343.59398
5.8517947,7,343.594001
3.9590473,5,343.594017
24.757685,27,343.594032
3.5624819,5,345.162527
7.760149,9,345.162619
1.9602091,3,345.162638
6.9571624,8,345.16265
2.9573765,4,347.285273
6.2480583,8,349.456999
15.932472,19,349.457085
16.753036,18,349.457106
12.1671295,14,349.457122
9.760154,11,352.183313
9.807773,12,354.099576
24.254444,29,354.099647
6.906502,9,354.09969
10.98759,12,354.099701
6.760154,8,356.144375
4.7579536,6,356.144463
8.557206,10,356.144487
26.215605,30,356.144506
6.957163,8,356.144522
1.9877434,3,356.144539
14.549823,16,358.039179
6.9590125,8,358.03933
5.7579246,7,358.039391
3.5988894,5,360.692317
10.877617,12,360.696196
2.724045,4,362.449691
7.0793233,8,362.449786
16.093605,18,364.24446
8.759303,10,364.244562
1.9602091,3,364.244591
21.91936,25,366.113676
8.123406,9,368.793624
11.559435,13,368.793698
4.364792,6,368.79372
3.9553723,5,370.497797
5.756084,7,370.497879
11.996475,14,372.384359
14.512146,16,372.384425
11.955321,13,372.384439
19.171104,22,374.267105
7.0510445,9,374.267188
7.7583036,9,376.998356
16.161888,18,376.998425
9.786496,11,376.998439
4.8804893,6,376.998449
17.60225,20,376.998457
12.758477,14,378.84976
19.752495,21,378.84985
1.9602091,3,378.849871
5.596262,7,378.849888
10.194834,12,378.849904
15.597386,17,380.63448
10.535401,14,380.634596
12.559435,14,382.515455
8.5893345,10,382.515554
1.9583726,3,382.515587
8.718406,11,382.515612
12.75647,14,385.187152
17.362593,19,385.187229
6.0682163,7,385.187249
2.5942352,4,385.187263
6.654529,8,387.260337
9.7219715,11,387.260424
9.55905,11,389.18126
4.2082677,6,389.181334
2.3967428,4,389.181353
9.388766,11,390.878787
12.886516,16,390.878879
4.367166,6,390.878901
1.795329,3,390.878919
2.4465384,4,393.451647
2.3974714,4,393.451768
5.5194654,8,395.484703
1.9602091,3,395.484775
7.4827313,10,395.484788
7.388764,9,395.484799
3.3649876,5,397.448541
5.253564,8,399.372586
1.9602091,3,399.372674
11.358544,13,399.372691
2.7613456,4,399.372707
5.2275825,8,399.37272
7.6082406,10,401.577368
25.279428,28,401.577435
10.006187,12,403.436874
13.683782,17,403.443895
7.488749,10,403.44398
11.841851,15,403.444012
24.198477,28,405.254234
6.5612907,8,405.254318
3.9590473,5,405.254342
1.9602091,3,407.385774
9.126401,12,407.385857
18.48378,22,407.385881
9.809157,12,410.060541
1.7671529,3,410.060632
6.9571624,8,410.060655
8.559436,10,410.060673
1.9583726,3,411.935402
8.759303,10,411.935493
1.795329,3,411.935513
4.761147,6,411.935528
6.957172,8,411.935754
12.762263,14,416.091525
6.564003,8,416.091623
2.3967478,4,416.091652
3.9550917,5,418.551564
7.9571624,9,418.559778
26.583586,30,418.55984
11.754206,13,418.559861
8.211487,10,418.559878
4.813546,7,418.559894
2.7661605,4,418.559912
25.566671,30,418.559928
4.959018,6,420.188074
18.958975,21,420.188235
10.955317,12,420.188261
5.7584696,7,420.188278
17.081795,20,420.188295
1.0508548,2,422.060578
1.2765543,2,422.060676
5.9590135,7,426.745184
5.016273,7,426.745268
2.9592168,4,426.745291
26.749563,28,426.745309
9.790577,11,426.745325
1.9602091,3,426.74534
6.559474,8,428.354527
5.7564673,7,430.17514
7.20745,9,430.175226
12.677606,15,430.17525
3.7585073,5,430.17527
11.584472,13,430.175288
5.5970273,7,432.079644
16.555714,18,432.079734
4.75931,6,432.079749
25.805882,28,432.07976
8.801199,11,432.079772
24.76028,27,434.019925
5.344717,8,435.856827
10.605087,13,435.856921
16.758299,18,435.856945
3.9590473,5,435.856963
7.3634434,9,437.714794
3.9572065,5,439.646309
8.982531,10,441.940256
4.2021375,6,441.940539
3.7907274,5,441.940722
11.561287,13,441.940877
18.451977,20,441.941003
4.656659,6,443.876204
4.390564,6,443.876264
14.394369,16,443.876277
6.6767316,8,445.762045
3.9572015,5,445.762134
15.880303,18,445.762156
5.560598,7,445.762174
9.555652,11,447.590526
8.259184,11,447.590625
1.9602091,3,449.809649
1.9602091,3,451.276148
15.555367,17,451.276243
15.555737,17,451.276265
28.004726,30,451.276296
1.9602091,3,451.276316
8.953735,10,452.96489
11.007153,14,454.835334
8.402176,10,454.835544
1.1211282,2,454.835632
1.2765543,2,454.835755
6.7611413,8,457.780135
11.760149,13,457.780222
5.9590135,7,459.360664
15.3509445,17,459.360753
13.098312,15,459.360771
1.7649229,3,461.085057
14.224184,18,461.085129
19.848173,23,461.085142
9.566235,11,461.085152
5.39435,7,463.064451
20.652813,23,463.064541
6.679555,8,463.070528
1.9602091,3,463.070574
13.205407,15,465.662718
16.187668,18,465.6628
1.1985551,2,465.662818
1.9251442,3,465.662834
11.557601,13,467.361052
1.8864712,3,469.048027
3.9590473,5,469.048119
9.756453,11,469.048142
3.1205497,4,469.048159
1.6000543,3,470.934223
13.595269,15,470.934506
8.561285,10,470.934673
6.595298,8,470.934823
8.243104,10,473.85782
5.9636607,8,475.540219
6.546663,10,475.540822
4.654509,7,475.541236
25.498676,30,477.172139
4.0056815,6,477.172392
2.9573765,4,477.172525
3.078535,4,477.172645
19.788225,26,477.172765
6.4022174,8,482.287573
17.760406,19,482.287696
3.9993918,6,482.287721
23.508997,30,482.287739
4.8517265,6,483.917949
0.96601653,2,485.779801
7.617359,11,485.779886
7.568164,10,487.455572
5.768367,8,487.4557
9.3212385,11,487.455723
13.452792,16,487.455739
21.95716,23,490.24907
9.093153,13,490.249156
4.879502,6,490.249181
12.776126,17,491.954154
6.9987855,8,491.954251
4.806818,7,491.954278
7.959866,10,491.954299
8.376343,12,493.970949
7.285288,10,493.971035
5.772835,8,493.971056
13.409084,16,493.971073
7.207992,10,496.046812
28.765831,30,496.04691
23.896475,29,496.046935
8.957162,10,496.046955
25.557585,27,496.046975
6.9590125,8,498.123434
19.294222,23,498.123512
1.9583726,3,498.123532
2.403409,4,499.789478
6.7583,8,499.789548
1.6000543,3,499.789564
9.047725,10,501.452377
15.330963,19,501.452469
11.074377,12,501.452494
23.94872,30,501.452513
1.9583726,3,501.452529
1.6000543,3,503.354305
2.4011905,4,503.354398
5.3887835,7,503.354418
1.0543947,2,506.257408
22.47952,30,506.257499
1.9583726,3,507.991368
7.564083,10,507.991455
2.120634,3,507.991477
2.7591155,4,507.991495
4.359538,6,507.991512
6.160674,8,507.991526
7.3928695,9,509.87333
6.3606157,8,511.773201
23.546312,30,511.773478
3.0548327,5,514.378661
1.9602091,3,514.378747
12.161707,14,516.068611
4.444591,6,516.068698
19.656887,23,517.86633
3.595473,5,517.866423
14.189707,15,517.866443
4.720035,6,517.866458
13.413667,16,517.866473
9.119242,12,517.866488
7.85525,9,517.866502
5.3682637,7,519.635959
11.758308,13,519.636033
14.472072,21,519.636051
7.360606,9,519.636064
0.98509765,2,519.636077
3.6057556,6,519.63609
3.9590473,5,519.636103
8.758307,10,522.263498
3.9572065,5,522.263597
5.5622835,7,522.26362
9.174347,13,522.263637
5.9952106,7,522.263688
1.9602091,3,524.07653
7.480564,10,524.076819
3.0491812,5,524.076958
12.948142,18,526.053212
18.163557,20,526.053301
2.5990593,4,526.053327
1.597429,3,526.053345
5.9532213,7,527.819813
4.447915,6,531.955534
4.3925233,6,531.955626
15.695512,21,531.955647
5.358544,7,531.95569
13.179163,16,531.955704
5.1598916,7,535.716298
4.7540007,6,535.716384
1.5982071,3,538.289412
5.690946,9,538.289483
1.9602091,3,538.2895
4.0743012,5,538.289513
8.872699,10,538.289525
7.7562246,9,538.289536
19.962053,22,538.289547
6.784909,8,538.289557
10.652618,15,542.160884
17.616375,22,542.160979
6.2334757,8,542.161
24.184515,30,542.161017
9.354654,11,542.161035
4.52517,6,544.113793
1.7671529,3,544.113873
9.261119,12,546.814395
12.851041,15,548.688138
21.771826,30,548.688211
8.55905,10,552.383758
4.9315042,7,552.38383
3.953524,5,552.383851
10.941894,15,552.383868
6.792278,8,554.710387
7.656659,9,556.663618
14.752744,16,556.663738
10.186206,12,556.66376
21.416994,25,558.475942
3.3979666,5,558.476033
25.28643,30,558.47605
8.660251,11,560.637558
18.926394,22,560.637721
8.009129,11,560.637785
9.2685,10,562.999804
16.291208,21,562.999866
18.048483,22,562.999879
12.55168,14,564.981069
3.9993846,6,564.981144
7.955333,9,566.956592
10.35503,12,566.956696
4.9168763,7,566.956717
11.959012,13,568.880538
4.761147,6,568.880627
12.874369,15,568.880646
5.003434,7,571.576111
11.3635845,13,571.576182
19.956987,22,571.576197
7.9553,9,571.576206
18.409098,22,571.576213
3.9571974,5,573.400254
22.095848,28,575.114591
1.7167277,3,575.114663
5.9867396,8,575.114678
17.763752,26,576.99131
3.855258,5,576.991398
17.759914,20,576.99142
9.1596775,11,576.991437
15.214866,19,576.991453
5.7544875,7,579.754056
3.9590473,5,579.754143
9.2002535,11,581.646342
9.088125,13,583.18024
20.8785,30,583.180321
12.943212,19,583.180338
10.198977,12,585.040536
6.874178,8,587.782439
10.524964,12,587.782531
7.0955653,10,587.782553
20.539858,30,587.782572
5.8862376,9,589.619452
13.329296,18,589.619578
1.2765543,2,591.269155
4.557544,6,591.269237
11.255287,16,591.269258
5.7676063,9,593.2911
2.3967478,4,596.270534
14.106139,17,596.270625
2.4564393,4,596.270645
4.197296,6,596.270658
15.455288,17,598.056161
2.446695,4,598.059607
16.752476,18,598.059698
14.51633,17,599.717838
2.3959103,4,599.717922
10.801523,13,601.475074
8.035752,11,601.475171
10.390474,12,601.475192
11.774982,16,604.314337
5.6030917,8,604.314446
10.165364,13,604.314479
20.983284,30,604.314505
5.360786,7,606.080166
21.88754,30,607.664645
9.402727,12,607.664727
1.9894304,3,607.664746
7.3557177,9,609.672714
16.470503,22,612.552529
5.654157,7,612.552617
3.2023098,5,612.552642
3.197027,5,614.381039
14.531668,18,614.38114
6.1306696,9,614.381162
18.677896,24,618.245265
1.6471453,3,620.988086
7.7548265,10,620.988334
6.3978825,9,624.785763
19.706812,26,624.785854
3.2023098,5,629.416711
22.208391,26,629.416795
6.886346,9,631.044595
20.412672,29,631.044664
8.808419,12,632.669336
6.1629357,9,632.669414
22.359228,30,634.519133
13.062908,19,637.077703
5.455645,8,637.077805
11.501381,16,637.077829
18.670044,26,637.077847
3.9590473,5,638.980173
6.4115567,9,638.980263
12.003902,15,638.98028
22.060379,30,638.980293
23.869333,30,638.980306
15.696325,21,638.980318
3.9590473,5,640.895063
21.56377,30,642.983739
2.0541613,3,642.98381
15.01986,21,642.983824
1.9602091,3,642.983835
4.0765247,5,642.983845
6.195795,7,642.983854
20.212025,28,642.983862
17.436947,24,645.974811
8.154234,10,645.974883
1.9602091,3,645.974896
12.207934,16,647.78775
1.1240078,2,647.787837
14.167965,18,647.792467
18.70372,25,647.792518
4.957168,6,649.613755
9.962845,12,649.613836
7.760149,9,651.552787
2.7591155,4,651.552872
8.757918,10,651.552894
18.91251,26,651.552911
23.6305,30,651.552926
20.156643,28,651.55294
18.255953,21,651.552956
3.0548155,5,653.820937
1.6000543,3,653.821015
14.827218,20,653.821034
16.408602,20,653.82105
3.2171164,5,655.656953
6.955048,8,655.657052
5.334091,8,655.657076
4.756096,6,655.657094
20.43733,27,657.434541
8.455913,10,659.361081
2.5990593,4,659.361204
1.9602091,3,661.546257
3.7611759,5,661.546335
11.757918,13,661.546351
3.9556112,5,661.546365
1.9583726,3,663.358283
6.5606103,8,663.358367
4.5614896,6,665.272894
8.807471,11,665.272978
8.959012,10,665.272996
9.756068,11,665.27301
25.412483,30,665.273023
4.5574136,6,665.273036
25.143482,30,665.273048
8.756068,10,667.187055
2.7591155,4,669.664582
6.9553165,8,669.664666
1.9602091,3,669.664688
1.2765543,2,669.664704
8.361184,10,669.664719
3.7581232,5,671.369438
1.9583726,3,671.369522
1.9583726,3,671.369543
4.3966093,6,671.369559
11.557787,13,671.369575
4.5614896,6,671.369591
6.652325,8,671.369605
14.445204,16,671.369618
8.756632,10,671.369631
9.873664,11,673.148539
2.957371,4,673.148621
7.559465,9,673.148639
5.4080234,7,675.069486
15.047171,19,675.069577
10.955575,12,675.069597
8.959012,10,675.069614
3.4761548,5,675.06963
1.7649229,3,675.069646
1.6022727,3,677.948343
10.362303,12,677.948452
2.9592168,4,677.94848
5.6409273,8,677.948503
14.013172,18,677.948525
2.403409,4,679.888802
1.278391,2,681.561382
4.415027,7,681.565453
2.9306996,5,681.565506
3.675852,5,681.565524
1.9602091,3,683.213217
4.210486,6,683.213313
15.5575905,17,683.213345
5.0766606,6,683.213388
1.9602091,3,683.213413
5.9571676,7,683.213436
1.2765543,2,685.978949
18.640348,22,687.571387
6.559465,8,687.571684
3.955094,5,689.182904
7.559445,9,689.182979
5.2021284,7,689.182992
2.6579936,4,691.389286
24.792402,27,693.51916
6.246742,8,693.519569
3.7603533,5,693.519856
0.96601653,2,693.520083
1.2765543,2,693.520306
1.4547784,3,693.520523
7.009186,9,693.520736
7.9857907,9,693.520952
10.555355,12,693.521165
13.197769,15,693.521382
5.5719795,8,697.180906
9.555619,11,697.18098
7.8176613,11,697.180995
6.7922826,8,698.864655
21.44649,24,698.864747
1.795329,3,698.864765
15.163558,17,698.86478
7.3583565,9,698.864793
6.944724,10,701.564366
2.957371,4,701.564449
12.51988,14,701.564466
7.3683987,9,701.564482
3.9590473,5,703.467003
1.9602091,3,703.467092
7.596261,9,703.467115
16.75461,18,705.269071
9.360186,11,705.269156
4.9553103,6,705.269177
14.610308,17,705.269196
1.9602091,3,707.152994
7.3634434,9,707.153083
5.7863054,7,707.153104
27.016314,30,707.153121
6.957172,8,709.749646
3.9590473,5,709.749739
16.760149,18,711.348082
1.7649229,3,711.34819
5.9571676,7,711.348223
4.9571776,6,713.078587
6.593424,8,713.07867
1.9602091,3,713.078686
8.758303,10,713.0787
4.75931,6,713.078713
1.9583726,3,713.078727
19.589325,21,714.989187
2.9894383,4,717.888417
4.015057,6,717.888497
1.1962425,2,717.888515
10.560428,12,717.888528
7.561314,9,717.888542
19.952078,22,717.888554
14.359714,16,719.469779
8.073056,9,719.469876
24.307453,27,719.469899
6.760154,8,719.469919
3.0491953,5,721.054882
4.4000173,6,722.854924
8.955334,10,722.855013
7.1998725,9,722.855037
6.3635845,8,725.878571
11.7548895,13,725.878653
2.3993287,4,725.878675
6.275345,7,727.790734
15.3642645,17,727.790825
22.605381,25,727.790851
3.557625,5,727.79087
5.878775,7,727.790887
4.1664815,6,727.790905
5.1683187,7,727.79092
16.646408,19,729.613982
2.9592168,4,731.337617
10.138652,13,731.33776
1.1211282,2,731.337815
3.7905748,5,731.337859
2.123509,3,731.337903
13.412667,16,731.337945
10.561291,12,731.337987
4.2082677,6,731.338028
1.9602091,3,731.33807
0.96601653,2,731.338112
17.79807,19,731.338155
14.559055,16,731.338195
4.5614896,6,731.338246
5.9590135,7,731.338287
10.758299,12,731.338331
20.661379,25,734.46232
7.362427,9,736.292609
10.358724,12,736.292705
4.765962,6,736.29273
4.765962,6,736.292746
3.9590473,5,738.001892
8.556428,10,738.001961
10.957162,12,738.001977
3.1205497,4,739.608538
1.9602091,3,739.608605
5.794133,7,739.608618
2.9573765,4,739.608627
5.9571676,7,742.067715
1.6000543,3,742.067811
3.0921602,5,745.801309
5.9590135,7,745.801386
1.9602091,3,745.801407
11.589863,13,745.801424
1.9602091,3,745.801439
6.1234064,7,745.801453
3.2148979,5,745.801467
1.9602091,3,747.452135
6.957172,8,747.452224
2.1183345,3,747.455674
6.5614834,8,747.455718
7.4061437,9,747.455734
4.798447,6,750.14137
5.406178,7,751.959392
14.784763,16,751.959485
22.159779,24,751.959508
9.123406,10,751.959526
8.654809,10,751.959542
1.7649229,3,751.959558
8.957162,10,751.959574
5.760319,7,753.719103
9.560596,11,753.719172
8.008577,10,755.756585
10.98944,12,755.756858
1.1985551,2,755.756999
16.481646,19,755.757129
0.96601653,2,755.757252
12.955312,14,755.757368
1.9602091,3,758.045634
4.2772,5,758.04572
13.953725,15,758.051849
1.9602091,3,758.052001
13.953725,15,758.052114
4.794138,6,759.88011
5.5952744,7,759.880188
4.959018,6,759.88021
5.920455,7,759.880227
8.56129,10,759.880242
3.1215658,4,759.880258
6.798443,8,761.866922
3.0522573,4,761.867017
13.798067,15,761.867045
5.955059,7,761.867065
1.6000543,3,761.867081
21.350723,24,761.867098
1.7649229,3,761.867114
13.036585,15,761.86713
14.95162,16,763.718866
6.957172,8,763.733782
8.981745,10,766.548318
1.7649229,3,766.548402
1.9602091,3,766.548424
5.9534836,7,766.548441
1.9602091,3,766.548456
13.756482,15,768.348466
3.40935,5,768.348554
3.9988117,5,768.348577
2.3959103,4,770.091429
2.3959103,4,770.091514
1.9602091,3,770.091532
8.201729,10,770.091546
2.5634325,4,770.09156
1.6022727,3,771.861295
6.9571667,8,771.861574
19.196615,21,774.686562
4.955063,6,774.68664
8.7561865,10,774.686655
7.0494156,10,776.414975
3.9981632,6,778.180248
3.9571974,5,778.180333
7.9553003,9,778.180356
2.5634325,4,778.180373
2.3989825,4,778.180388
5.725682,7,779.816633
7.5606456,10,779.817083
9.054113,10,782.771747
2.9552715,4,782.771816
0.85192573,2,784.579232
9.955057,11,784.579444
6.390613,8,784.579546
12.363613,14,786.557515
10.962459,13,786.557591
6.5545754,8,786.557607
18.607634,21,788.204496
5.3897285,7,791.089407
5.7560744,7,792.902773
5.193976,7,792.902843
15.560899,17,792.902857
10.564737,13,792.902866
7.955057,9,792.902874
3.0522075,5,792.902882
3.555801,5,794.763891
2.4383488,4,794.763984
7.61039,11,794.764002
12.459555,16,794.764016
12.159855,14,794.764029
2.3748827,4,794.764041
3.5565584,5,794.764054
17.17535,19,794.764066
12.808274,17,799.699868
12.5269,14,799.699947
19.174067,23,799.699965
7.962883,10,799.69998
0.96601653,2,799.699992
1.9602091,3,799.700005
7.0743403,10,799.700018
2.1125183,3,801.587329
21.4944,27,801.587397
11.545097,16,803.59948
11.593676,14,803.599547
9.417243,12,805.323501
0.98938525,2,805.323593
11.7542305,13,805.323617
3.9571974,5,805.323636
5.0541134,6,805.334228
8.760149,10,808.175313
4.75931,6,808.175392
5.9590135,7,810.073844
20.656404,26,810.073913
5.9571633,7,810.073926
19.72401,25,810.073935
8.760149,10,810.073943
1.9602091,3,811.744506
7.921672,9,811.744593
7.9571624,9,811.744615
11.560426,13,811.744633
1.9602091,3,811.74465
6.9590125,8,811.744666
9.241253,11,813.458647
13.195691,15,813.458742
19.99073,25,813.462961
6.9590125,8,816.289392
6.8530197,8,816.289467
18.593695,21,816.289484
3.9571974,5,816.289496
3.0522757,4,816.289507
5.9571633,7,818.146245
1.9602091,3,818.146678
10.760155,12,818.146829
10.562278,12,818.146968
3.277229,4,818.147098
2.9573765,4,820.089107
4.564897,6,821.797275
5.9571633,7,821.797338
10.362427,12,824.560593
10.207275,12,824.560687
9.760154,11,824.560712
4.959018,6,824.56073
4.9245577,6,826.367768
3.1234238,4,826.367858
7.078331,8,826.367881
6.9590125,8,828.263448
12.407984,14,828.263535
9.855248,11,828.263561
4.853021,6,828.263578
9.959012,11,828.263594
5.987594,7,828.26361
27.795856,30,830.163539
2.2773986,3,830.163617
15.758302,17,830.163634
8.656386,10,830.163649
6.0742607,7,830.163704
9.197648,10,833.05386
1.9583726,3,833.055895
5.9875665,7,833.056061
14.792282,16,833.056193
7.277194,8,834.913569
7.406134,9,834.913645
11.193949,12,836.616503
2.41598,4,836.616579
1.1240078,2,836.616598
6.0785003,7,836.616613
1.9894304,3,836.616626
8.438411,10,836.616639
4.1976533,5,841.616283
11.527316,13,841.633725
3.9571974,5,841.633995
10.995085,12,841.634154
5.9590135,7,841.634313
0.96601653,2,841.634463
4.760184,6,841.63461
7.0793233,8,841.63476
1.9602091,3,843.548241
2.7591155,4,843.548327
18.360361,20,845.548222
7.078331,8,845.548325
4.959018,6,845.548347
5.7601786,7,847.18571
1.9602091,3,847.189836
2.0541613,3,847.189883
2.2755582,3,847.189896
11.792282,13,850.149473
7.955322,9,850.149558
2.9592168,4,850.149581
8.760149,10,850.149598
1.9602091,3,850.149616
13.756462,15,850.149632
10.955313,12,850.149647
5.758314,7,850.149661
11.957162,13,851.973692
18.561285,20,851.973775
5.9590135,7,851.973791
23.71975,25,851.973805
8.788726,10,851.973818
11.853444,13,853.790616
5.1976495,6,853.79071
14.849698,16,853.790732
15.786869,17,853.790749
6.7593036,8,853.790765
5.957164,7,855.582903
2.0772972,3,855.58298
4.9194417,6,858.389504
8.955324,10,858.389597
6.7583313,8,858.389623
3.927465,5,860.256119
4.955332,6,860.256211
2.9573765,4,860.256233
3.9590473,5,862.044704
4.5012484,6,862.044826
4.761147,6,863.889153
7.7560687,9,863.91332
3.9572015,5,863.913421
4.9571686,6,863.913442
15.756482,17,868.697889
3.1976752,4,868.697986
3.9590473,5,868.698007
10.959012,12,868.698025
8.760178,10,868.69804
18.756447,20,870.690473
6.9590125,8,870.690553
8.760149,10,870.690576
8.760149,10,870.690592
6.9571667,8,870.690607
10.996935,12,870.690636
6.9571667,8,870.690651
10.957167,12,872.400107
1.278391,2,872.400159
15.7583,17,872.400171
1.5763971,3,875.472636
5.9571633,7,875.472898
10.756721,12,875.473013
1.853301,3,877.34513
21.449978,23,877.345219
1.9602091,3,877.345243
10.976582,13,877.345259
9.277194,10,879.165709
9.052263,10,880.891415
4.2082677,6,880.891499
7.9571624,9,880.891523
3.40935,5,880.891539
10.008222,12,880.891554
10.756068,12,880.89157
15.760149,17,883.873469
7.9854765,9,883.873563
5.5952744,7,883.873586
3.9572065,5,883.873605
18.957163,20,883.874533
5.7583046,7,885.794826
14.201503,16,885.794914
8.559057,10,885.794931
3.9572015,5,887.677467
4.003446,6,889.540968
2.403409,4,889.541086
10.959012,12,889.541121
16.559458,18,892.287692
18.360191,20,892.28778
5.4384108,7,894.250316
8.605724,11,894.250847
7.9590125,9,894.25106
13.758299,15,894.251238
4.591711,6,896.197333
8.957163,10,896.197399
8.264622,11,896.197412
4.794138,6,896.197421
8.064394,11,896.19743
4.806818,7,896.197437
4.959018,6,898.086762
7.9590125,9,900.96539
1.1985551,2,900.965476
7.9590125,9,900.965495
4.003446,6,903.008322
6.9245577,8,903.008381
8.957162,10,903.008392
7.1939845,9,903.008399
2.5227273,4,904.786182
9.561483,11,904.786254
4.361383,6,904.786271
1.278391,2,904.786283
12.957162,14,906.682191
12.187498,18,906.682265
3.2045453,5,906.686545
2.4591699,4,909.280893
4.959018,6,909.281154
8.011364,11,909.281286
4.806818,7,909.281409
12.760149,14,912.845949
4.959018,6,914.497265
10.957162,12,917.507172
4.7905746,6,917.507253
23.90699,29,919.381174
8.998513,12,919.381236
13.758299,15,921.219521
8.121557,9,921.219604
25.754599,27,921.219626
5.362626,7,922.951159
12.362423,14,922.958922
17.98053,23,922.958999
7.5952687,9,926.025776
24.15987,26,926.025852
13.111272,16,927.956975
7.5249662,9,927.957065
15.195203,18,927.961123
1.1985551,2,929.873376
9.560047,11,929.873458
2.123509,3,929.873474
16.373785,20,929.873489
11.800049,13,929.873503
4.959018,6,931.655336
11.20333,13,931.655426
23.03617,30,934.358088
1.9602091,3,934.358376
16.273493,17,934.358418
3.9590473,5,934.358438
13.360571,15,934.358455
11.763623,14,934.358471
12.078331,13,936.315856
18.07648,19,936.316084
7.0522676,8,936.316183
3.9590473,5,937.979553
2.9592168,4,937.979641
6.4079905,8,937.979696
9.595268,11,940.058784
22.64542,30,940.058864
3.9572065,5,940.05888
6.98944,8,942.857312
18.479889,20,942.857398
11.077474,12,942.85742
24.864763,28,942.857437
15.764106,17,942.857454
4.2772,5,942.857469
9.760149,11,944.737079
5.9590135,7,944.739879
17.955317,19,944.740043
3.9590473,5,944.740175
3.9590473,5,944.740307
1.278391,2,948.686845
17.955313,19,948.686911
6.9590125,8,951.544198
6.7611413,8,951.54428
7.0522676,8,951.544301
7.9553165,9,953.524778
6.9590125,8,955.401262
1.9602091,3,955.401336
11.922695,13,955.401353
4.7579536,6,955.401366
14.922313,16,955.401378
19.052261,20,957.146004
11.959012,13,957.146092
7.9875903,9,957.146114
10.758299,12,957.146132
5.9590135,7,960.000593
8.123406,9,960.000825
9.406138,11,960.000923
28.165539,30,960.001008
1.1240078,2,960.001088
5.9590135,7,960.001172
10.407984,12,961.838971
8.760149,10,961.844038
10.85525,12,961.844212
6.9590125,8,961.844335
9.790577,11,963.481241
8.85302,10,963.481328
3.9894397,5,963.481349
8.922313,10,963.481366
22.559437,24,963.481381
18.959011,20,965.260382
3.9590473,5,965.260478
3.195822,4,968.086251
11.760149,13,970.160818
3.9590473,5,970.160911
5.0793242,6,970.16093
3.9590473,5,970.160945
3.9572015,5,972.078451
5.9571633,7,972.084247
6.9571624,8,972.084441
4.959018,6,972.084579
11.761141,13,972.084706
20.197647,21,973.886797
4.924546,6,976.717563
1.9602091,3,976.717658
10.959012,12,976.71769
6.924545,8,976.717717
10.959012,12,976.71774
5.9590135,7,978.580691
1.9602091,3,978.580778
17.760153,19,978.580802
5.7579246,7,978.58082
6.9571667,8,978.580836
16.407984,18,980.28543
3.9590473,5,982.376533
3.9590473,5,982.376629
11.98759,13,982.382447
5.123407,6,982.382535
8.959012,10,982.382561
5.98944,7,982.382597
10.959012,12,982.382617
2.04788,3,985.214186
5.9590135,7,985.214254
9.922313,11,986.890296
15.595269,17,986.890373
1.9602091,3,988.66952
3.9875898,5,988.669614
6.0541134,7,988.669637
14.957162,16,988.669652
17.95716,19,988.669667
1.7649229,3,988.669681
10.756068,12,988.669695
11.567093,13,988.66971
15.0785,16,990.481393
6.9590125,8,993.552341
22.559055,24,993.552429
6.9590125,8,993.552447
5.9590135,7,993.552461
8.957162,10,993.552473
5.9590135,7,995.254486
3.195362,4,995.254578
5.922685,7,996.857914
2.9592168,4,996.857998
2.9592168,4,996.858021
14.955312,16,998.914568
4.001334,5,998.914922
8.593415,10,998.915032
6.788677,8,1001.736691
3.764141,5,1001.736857
1.9974614,3,1001.736933
18.95716,20,1001.736987
10.922691,12,1001.737034
12.957162,14,1001.737084
1.1985551,2,1003.907273
16.656425,18,1003.907342
9.172434,11,1005.799829
4.210486,6,1005.799904
5.5590897,7,1007.774423
7.9590125,9,1007.774517
13.957162,15,1007.774541
1.9894304,3,1007.774559
17.959011,19,1010.546965
2.9592168,4,1010.547056
8.957162,10,1010.547076
8.957162,10,1010.547093
11.760151,13,1010.547108
8.56129,10,1010.547123
0.96601653,2,1014.302969
2.123509,3,1014.303029
5.9590135,7,1014.303041
9.959012,11,1016.076362
14.557581,16,1016.076445
12.656385,14,1016.076464
4.959018,6,1016.076477
8.275344,9,1016.076491
8.050589,9,1016.076505
15.5590515,17,1018.835643
3.9590473,5,1018.835802
15.271907,16,1018.835836
6.9590125,8,1018.835861
4.959018,6,1020.753779
7.9590125,9,1020.754024
5.123407,6,1020.754152
7.9590125,9,1020.754271
10.123406,11,1020.754382
8.957162,10,1020.754498
1.1985551,2,1020.754613
10.957162,12,1020.754724
5.9590135,7,1020.754744
1.9602091,3,1022.638333
5.123407,6,1022.638422
8.959012,10,1022.638445
20.197647,21,1022.638465
15.203482,17,1024.491402
13.114422,15,1024.491489
13.998785,15,1024.491512
2.9592168,4,1027.416215
2.2773986,3,1027.416425
5.277195,6,1029.186765
1.9602091,3,1029.18683
1.2765543,2,1029.186846
1.9602091,3,1029.186858
23.758299,25,1029.18687
1.9602091,3,1029.186881
1.9602091,3,1031.3815
5.9590135,7,1031.381585
8.959012,10,1031.381603
1.9583726,3,1031.38162
7.9590125,9,1033.493369
5.1215568,6,1033.493442
9.957162,11,1033.493459
4.959018,6,1033.493474
5.9590135,7,1035.695249
13.195798,14,1035.695319
11.121556,12,1035.695335
7.9590125,9,1037.668793
7.1234064,8,1037.668861
1.9602091,3,1039.580215
8.959012,10,1039.580396
5.7579246,7,1041.572579
3.9590473,5,1041.572652
9.959012,11,1041.57267
10.123406,11,1044.496749
9.959012,11,1044.496841
3.9590473,5,1044.502038
5.9590135,7,1044.502063
3.1234238,4,1044.502078
5.9590135,7,1044.502091
5.9590135,7,1044.502105
3.0541215,4,1046.38318
12.76015,14,1046.383257
5.9590135,7,1046.383274
15.957162,17,1046.383288
11.987567,13,1048.169251
14.794132,16,1048.169316
3.9572065,5,1048.169329
7.9590125,9,1048.169339
4.9571776,6,1048.169348
1.7671529,3,1050.083365
8.957162,10,1050.083457
8.957162,10,1050.083475
1.9974614,3,1050.083488
1.9602091,3,1050.083502
15.959012,17,1050.083514
9.277194,10,1053.048533
13.725763,15,1053.048616
2.7613456,4,1053.048642
16.998785,18,1054.878123
4.959018,6,1054.878205
5.9590135,7,1054.881391
1.278391,2,1054.881426
3.7603533,5,1054.881444
22.959011,24,1054.88146
9.052263,10,1054.881476
9.959012,11,1054.881492
14.957162,16,1056.635806
3.9590473,5,1058.482562
6.760154,8,1058.482797
3.9590473,5,1058.482893
5.98944,7,1061.358279
1.9602091,3,1061.3584
5.9590135,7,1062.978153
5.9590135,7,1062.978237
6.9590125,8,1062.978258
8.98944,10,1064.885973
4.1976533,5,1064.886036
5.9590135,7,1064.886055
17.996935,19,1066.815065
5.123407,6,1066.815127
10.959012,12,1066.815141
13.957162,15,1066.81515
6.9590125,8,1066.815159
9.123406,10,1069.990036
9.050589,10,1071.6008
0.96601653,2,1071.600881
4.957168,6,1075.289665
6.9590125,8,1075.289741
4.761147,6,1078.135828
10.959012,12,1078.135916
6.195799,7,1078.13594
19.76114,21,1078.135959
13.957162,15,1078.135976
11.054113,12,1078.135992
9.959012,11,1078.136009
4.9571686,6,1078.136039
4.959018,6,1079.780448
8.760319,10,1079.78067
10.985181,12,1079.780763
19.273493,20,1081.486414
1.9583726,3,1081.486477
7.9571624,9,1081.48649
11.957171,13,1081.486498
1.5763971,3,1083.534118
14.277194,15,1083.534227
11.764106,13,1083.534256
7.9571624,9,1086.244283
2.41598,4,1086.244382
17.95716,19,1086.244409
14.760149,16,1088.168696
9.123406,10,1088.168793
12.957162,14,1089.870202
1.9602091,3,1089.870291
15.8534,17,1089.87031
4.959018,6,1089.870328
5.7601547,7,1091.74944
21.56129,23,1091.749521
18.95716,20,1091.749544
3.2753882,4,1091.749559
4.1234093,5,1091.749573
4.98944,6,1094.388622
10.756078,12,1094.38871
3.277229,4,1094.388731
7.9947047,9,1096.389762
6.9590125,8,1096.38986
2.957371,4,1096.389884
1.7649229,3,1096.389901
7.9590125,9,1098.246897
17.760149,19,1098.246981
7.9571624,9,1098.247003
1.9602091,3,1098.247096
1.9602091,3,1098.247114
7.8552566,9,1100.036547
12.959012,14,1100.036705
1.9602091,3,1100.036756
10.758299,12,1103.070471
16.760178,18,1103.070558
10.85302,12,1103.07058
1.9602091,3,1103.070597
3.9590473,5,1104.890287
2.1978035,3,1104.890377
1.278391,2,1104.890398
24.758303,26,1104.890414
1.9602091,3,1104.890428
19.758303,21,1104.890442
1.1240078,2,1106.697146
13.955317,15,1106.697205
5.9590135,7,1106.697217
3.9590473,5,1106.697226
1.9602091,3,1106.697234
2.1978035,3,1108.587412
7.760149,9,1108.587499
3.9590473,5,1108.587519
4.959018,6,1108.587534
1.9602091,3,1108.587548
1.9602091,3,1111.460634
1.9602091,3,1111.460716
9.959012,11,1111.460735
1.9602091,3,1111.460752
20.95717,22,1113.174716
4.959018,6,1113.175173
3.9590473,5,1114.772983
2.9592168,4,1114.773069
1.6022727,3,1114.773089
17.406132,19,1116.658204
3.9590473,5,1116.658284
13.595268,15,1116.658298
9.054113,10,1119.295006
2.5990593,4,1119.295083
16.121557,17,1121.184133
7.98759,9,1121.184215
2.9592168,4,1121.184237
13.197648,14,1121.184255
17.758469,19,1123.066483
5.358562,7,1123.066568
6.9571624,8,1123.066594
15.757918,17,1125.15857
6.1234064,7,1125.158809
13.957162,15,1125.158832
12.005676,14,1125.158848
25.754059,27,1127.764532
9.957162,11,1127.764624
8.959012,10,1127.764647
4.806818,7,1129.735956
14.197648,15,1129.736089
17.95531,19,1131.753524
19.64662,21,1133.742395
6.528409,9,1136.274337
8.011364,11,1138.061129
6.404228,9,1140.139259
13.953198,15,1140.139426
6.409091,9,1140.139483
15.760149,17,1142.19174
9.613636,13,1145.180692
29.953197,30,1145.180758
17.955313,19,1145.180774
1.6000372,3,1146.913717
15.994697,17,1146.913953
8.00652,11,1148.790308
9.732954,13,1148.790382
7.207992,10,1148.84377
6.409091,9,1150.544976
10.414772,14,1153.55487
12.81818,17,1153.55495
13.619316,18,1153.554968
10.40991,14,1153.554982
2.403409,4,1153.554996
12.139472,16,1155.369826
10.414772,14,1155.369905
8.009146,11,1156.96548
3.321628,5,1156.965559
2.3993435,4,1156.965576
1.9583726,3,1158.796271
6.406855,9,1158.796356
4.0742774,5,1161.491117
16.60227,25,1161.491392
12.340908,17,1163.446097
12.014826,16,1163.446182
8.157754,10,1165.288657
11.396296,14,1165.288735
2.398546,4,1165.28875
4.9550643,6,1165.288762
15.21451,20,1167.197575
10.410691,14,1167.197648
6.4068556,9,1167.197661
18.419834,24,1169.964963
20.693178,30,1171.685342
17.181797,22,1171.68561
18.477015,24,1173.66051
24.392021,30,1173.660593
11.362421,13,1173.66061
8.959012,10,1173.660623
6.4068556,9,1175.580634
20.454542,30,1175.580721
6.479539,8,1175.580739
3.2045453,5,1175.580753
19.567787,23,1175.580765
1.0543947,2,1178.177983
3.9590473,5,1178.178171
12.81818,17,1178.178262
6.4068556,9,1178.178345
6.0761013,7,1180.004883
7.1926837,9,1180.005122
5.5930443,7,1180.005258
5.961028,8,1181.808139
9.458624,13,1181.808219
24.308218,30,1181.808248
3.5917032,5,1183.454381
13.173888,17,1183.454474
4.8417573,7,1183.454497
7.3102236,10,1183.454515
16.296856,21,1183.454532
9.5571995,11,1186.588694
7.756061,9,1186.588788
1.9602091,3,1186.588807
20.196074,27,1186.588821
16.45059,21,1188.456817
5.559084,7,1188.456892
1.1240078,2,1188.456909
10.365903,13,1188.456937
13.765831,16,1188.45695
1.9602091,3,1190.293084
14.565136,18,1190.293149
2.790567,4,1190.293164
5.996556,7,1190.293172
1.9602091,3,1190.29318
4.959018,6,1192.185466
14.219161,19,1192.185736
6.9223127,8,1192.185866
8.275353,9,1194.779155
2.9592168,4,1194.779221
9.959012,11,1194.779234
5.9590135,7,1196.589874
2.9573765,4,1196.58995
7.9571714,9,1196.589965
12.959012,14,1196.589976
4.959018,6,1198.298773
4.765962,6,1198.29884
9.407984,11,1198.298855
6.9590125,8,1198.298865
1.9275646,3,1200.242411
9.955309,11,1200.242514
12.5288105,15,1203.169081
4.760184,6,1203.169183
1.1985551,2,1205.173544
9.275344,10,1205.173621
9.054113,10,1205.173636
11.759291,13,1205.173646
7.1976485,8,1207.09684
14.585789,16,1207.096925
20.006485,24,1207.096948
12.7583275,14,1208.672422
15.078332,16,1211.80205
9.760154,11,1211.802106
0.96601653,2,1213.795564
6.0541134,7,1213.795815
8.760149,10,1213.795909
3.9590473,5,1213.795924
12.123406,13,1213.795937
8.756061,10,1213.795949
8.790577,10,1215.715425
8.790577,10,1215.715501
7.760149,9,1215.715518
9.922313,11,1215.715531
17.407984,19,1215.715543
11.959012,13,1217.346593
12.362421,14,1217.346693
0.96601653,2,1220.367228
4.959018,6,1220.367323
6.197649,7,1220.367348
6.1234064,7,1220.367368
12.790577,14,1220.367385
10.757918,12,1222.034565
11.959012,13,1223.955695
16.85525,18,1225.876301
7.9590125,9,1225.876373
9.054113,10,1225.876394
16.95716,18,1225.876404
9.959012,11,1225.876413
5.9590135,7,1228.872347
14.572378,16,1230.737669
14.959012,16,1232.520604
13.959012,15,1232.520677
6.9590125,8,1232.520698
7.9590125,9,1234.34882
6.9590125,8,1237.299508
9.959012,11,1237.299594
10.277194,11,1237.299618
11.054113,12,1239.157148
7.9590125,9,1239.157242
11.959012,13,1239.157267
9.054113,10,1239.157286
8.959012,10,1241.003203
16.054113,17,1241.003282
11.959012,13,1241.003307
2.9592168,4,1242.855865
8.959012,10,1242.85597
1.9602091,3,1242.855999
15.959012,17,1242.856015
6.9590125,8,1242.85603
24.277193,25,1242.856046
14.959012,16,1245.497505
11.054113,12,1245.497572
13.959012,15,1245.497586
21.959011,23,1247.449652
6.9590125,8,1247.449738
8.959012,10,1247.449756
5.9590135,7,1247.44977
1.1985551,2,1247.449784
2.9592168,4,1247.449797
13.959012,15,1249.249377
10.123406,11,1249.249484
5.98944,7,1250.986012
4.959018,6,1250.986078
8.054113,9,1250.986092
3.9590473,5,1253.837986
1.9602091,3,1255.620233
13.197648,14,1255.620298
25.989439,27,1255.620312
9.959012,11,1255.620322
11.98944,13,1255.620331
6.1234064,7,1255.62034
4.959018,6,1255.620349
12.959012,14,1255.620358
7.9590125,9,1257.482266
1.9602091,3,1257.482611
15.123406,16,1257.48264
4.959018,6,1259.447799
7.9590125,9,1259.447882
8.959012,10,1262.374452
3.9590473,5,1262.374518
6.957172,8,1262.374531
6.9590125,8,1262.374542
11.050589,12,1262.37455
5.9571724,7,1264.346815
8.959012,10,1264.346898
1.7671529,3,1266.394654
8.758299,10,1266.394746
8.761141,10,1268.094772
8.959012,10,1268.094852
24.959011,26,1271.019146
2.9592168,4,1271.019213
5.0522676,6,1271.019229
24.955048,26,1271.019242
2.0541613,3,1271.019254
5.957164,7,1271.019265
2.9592168,4,1271.019276
1.9602091,3,1271.019286
1.278391,2,1271.019297
10.957162,12,1273.024822
8.957162,10,1273.024905
10.959012,12,1273.02493
7.98944,9,1274.975154
11.959012,13,1274.975222
15.959012,17,1274.975236
8.760154,10,1274.975246
13.957162,15,1274.975255
7.957163,9,1274.975264
4.959018,6,1274.975272
8.959012,10,1276.85879
14.957162,16,1276.858881
8.760149,10,1276.858905
1.9602091,3,1276.858923
8.760149,10,1276.858938
1.9602091,3,1276.858954
4.959018,6,1279.627342
1.1240078,2,1279.627416
1.0543947,2,1279.627436
26.95531,28,1279.627453
1.9602091,3,1279.627469
10.959012,12,1281.445435
9.924543,11,1281.445525
3.9590473,5,1281.445549
3.9590473,5,1281.445567
9.760149,11,1283.158019
1.9602091,3,1283.158103
4.959018,6,1283.158124
4.959018,6,1283.158139
1.278391,2,1284.94637
4.054115,5,1284.946607
4.959018,6,1284.946736
5.9590135,7,1284.946758
11.079323,12,1287.765887
7.9571624,9,1287.765965
6.9590125,8,1287.765987
3.9995413,5,1287.766004
1.9602091,3,1289.770309
14.957163,16,1289.7704
3.9590473,5,1293.55667
5.9590135,7,1293.556759
10.957162,12,1296.71945
5.7579246,7,1296.71952
16.959011,18,1296.719533
1.9602091,3,1296.719544
9.054113,10,1296.719553
8.123406,9,1298.615235
10.959012,12,1298.615325
10.760149,12,1300.562348
6.9590125,8,1300.562424
10.959012,12,1302.570041
14.957162,16,1302.570134
11.959012,13,1302.570157
6.9590125,8,1302.570173
19.998785,21,1306.844627
3.277229,4,1310.76134
8.959012,10,1310.761457
13.924543,15,1310.761481
14.959012,16,1310.761495
6.9590125,8,1313.337253
3.9590473,5,1313.342074
15.924542,17,1313.342133
11.98944,13,1313.342152
5.98944,7,1313.342169
10.959012,12,1313.342184
6.9590125,8,1315.380717
8.959012,10,1315.380793
1.0543947,2,1315.380808
16.924541,18,1315.381225
15.760149,17,1315.381245
16.078331,17,1317.249866
9.123406,10,1317.249946
12.959012,14,1317.249965
14.123406,15,1317.249979
9.277194,10,1317.249992
1.9894304,3,1317.250005
12.959012,14,1317.250018
15.197648,16,1319.167312
19.760149,21,1319.167403
10.959012,12,1319.167421
14.98944,16,1322.115393
3.9590473,5,1322.115634
17.757917,19,1322.133895
9.959012,11,1323.814033
12.794132,14,1325.689638
3.9590473,5,1325.689706
9.987567,11,1325.689726
4.27535,5,1327.480822
19.959011,21,1327.480891
4.9571686,6,1330.387454
6.9571624,8,1330.387539
7.98759,9,1330.387563
1.9602091,3,1332.19558
6.275345,7,1332.195712
6.9590125,8,1332.195736
6.9590125,8,1332.195748
7.98759,9,1332.195757
8.998789,10,1333.960285
9.054113,10,1333.96037
13.760178,15,1333.960386
5.998786,7,1335.81465
0.96601653,2,1335.81471
7.277194,8,1335.814725
8.959012,10,1338.577393
9.959012,11,1338.57748
6.4079905,8,1338.577504
3.9590473,5,1338.577524
26.95716,28,1338.577542
3.9590473,5,1340.673136
4.2772,5,1340.673213
7.9590125,9,1340.673229
6.1215477,7,1340.673244
1.9602091,3,1342.71805
0.98938525,2,1342.721457
10.98944,12,1342.721496
1.9602091,3,1342.721518
0.96601653,2,1344.685259
1.9602091,3,1344.685353
21.758308,23,1344.685372
16.989439,18,1344.685386
9.054113,10,1344.6854
3.1205497,4,1347.588584
5.9571724,7,1347.588981
7.9571714,9,1347.58918
5.1976495,6,1349.3789
1.9583726,3,1349.378967
12.758298,14,1349.37898
1.9583726,3,1349.37899
17.119705,18,1351.299965
16.273493,17,1351.300222
4.9550643,6,1351.300363
2.4515762,4,1352.993773
0.85192573,2,1352.993845
5.95505,7,1355.768925
17.052261,18,1355.769015
8.952921,10,1355.769035
10.955048,12,1355.769051
1.597429,3,1355.769066
18.95345,20,1355.769079
4.0008187,6,1357.844683
11.27323,12,1357.844768
10.952922,12,1359.668464
9.952922,11,1361.372295
1.6000372,3,1361.37239
5.719754,8,1361.372407
19.95716,21,1361.372417
2.398546,4,1364.134194
29.95292,30,1364.134303
10.95162,12,1365.98689
14.601076,16,1365.986979
10.40136,12,1367.962356
11.9516115,13,1367.962439
23.052261,24,1369.981227
12.197648,13,1369.981292
17.048021,18,1369.981307
9.084018,11,1369.981317
21.119694,22,1372.748479
4.806818,7,1372.748558
8.804981,12,1372.748579
7.2053647,10,1372.748597
3.197027,5,1374.675837
9.362421,11,1376.600711
12.566967,15,1376.600769
1.597429,3,1378.564319
19.959011,21,1378.564395
3.1996822,5,1378.564413
11.158695,13,1378.564427
3.314156,5,1381.399615
11.55905,13,1383.29548
6.404228,9,1389.68517
3.250895,5,1389.685294
3.1978648,5,1389.685319
14.364878,18,1389.685341
6.409091,9,1391.386974
14.01015,17,1391.38707
13.458342,16,1394.936654
1.597429,3,1398.068605
17.007914,20,1398.068689
8.253414,11,1399.901588
2.5634325,4,1399.901819
10.409909,14,1399.901899
18.110184,25,1399.90197
10.410691,14,1401.648325
15.186141,21,1401.648412
16.621746,23,1401.648431
13.617081,18,1403.281732
11.375926,15,1403.285791
7.7637997,10,1403.285843
5.600873,8,1406.172723
14.588672,21,1406.172858
2.0523014,3,1406.172878
21.384792,28,1408.186133
22.727358,30,1408.186226
1.9602091,3,1408.18625
6.261596,9,1408.186268
3.9250445,5,1408.186285
18.587444,25,1408.1863
3.654204,5,1409.959453
18.17003,23,1409.959538
17.129856,25,1411.858346
23.430246,30,1411.858426
16.864777,21,1411.858443
16.38799,18,1411.858457
10.158723,12,1414.79127
13.007917,16,1414.791353
5.4080234,7,1416.725312
20.266758,25,1416.725563
5.7705994,8,1416.72568
11.657206,14,1418.314083
14.219161,19,1418.314158
4.959018,6,1419.934162
6.9590125,8,1419.934271
17.067724,21,1419.934295
6.409091,9,1422.925063
5.9590135,7,1422.925138
5.9590135,7,1422.925165
1.9602091,3,1422.925188
16.537342,21,1422.92521
11.052264,12,1422.925232
3.9590473,5,1422.925253
4.959018,6,1424.735023
8.992886,11,1424.735096
5.9590135,7,1424.735115
7.362427,9,1424.735131
24.974646,30,1424.735144
21.707794,28,1424.735158
9.197648,10,1424.735171
8.959012,10,1426.587646
5.9590135,7,1426.587749
7.9590125,9,1426.587765
4.959018,6,1426.587776
2.2773986,3,1426.587786
1.9602091,3,1428.319047
9.362421,11,1428.319115
12.760149,14,1428.319132
1.1985551,2,1431.363431
10.123406,11,1431.363522
3.0541215,4,1431.363547
25.976057,30,1433.088789
1.1240078,2,1433.088888
4.1976533,5,1434.970446
5.0541134,6,1434.970524
2.9894383,4,1434.970542
3.9590473,5,1434.970556
4.959018,6,1439.578008
9.98944,11,1439.578078
12.959012,14,1439.578092
16.258932,21,1439.578103
8.959012,10,1441.494669
5.9590135,7,1441.494953
8.959012,10,1441.495094
1.9602091,3,1441.495118
3.9590473,5,1441.513169
2.9592168,4,1443.292657
7.9590125,9,1443.292753
10.959012,12,1443.29865
5.123407,6,1443.298709
8.123406,9,1443.298731
1.9602091,3,1445.284106
5.9590135,7,1445.284194
1.9602091,3,1448.063451
9.959012,11,1448.06353
1.9602091,3,1448.06355
4.959018,6,1448.063565
1.9602091,3,1448.063579
10.959012,12,1448.063593
5.9590135,7,1449.864622
8.98944,10,1449.864701
8.98944,10,1449.86472
18.964693,21,1451.701102
3.9590473,5,1451.701174
13.98944,15,1453.587642
14.123406,15,1453.587765
3.9590473,5,1453.587787
9.959012,11,1456.444646
3.9590473,5,1456.444733
2.123509,3,1456.444756
7.9590125,9,1458.403078
2.9592168,4,1458.403164
7.9590125,9,1458.403187
21.054111,22,1458.403205
16.123405,17,1460.181079
20.277193,21,1460.181401
14.959012,16,1460.187885
18.959011,20,1460.188046
8.197649,9,1460.188178
9.959012,11,1462.044914
21.959011,23,1462.045037
4.2772,5,1462.045074
8.959012,10,1464.868577
8.959012,10,1464.868659
1.9602091,3,1464.868674
1.0543947,2,1464.868688
3.9590473,5,1464.8687
18.959011,20,1466.673164
2.2773986,3,1466.673253
3.1234238,4,1466.673271
9.123406,10,1468.4885
8.98944,10,1468.488569
2.9592168,4,1468.488584
9.959012,11,1468.488596
5.9590135,7,1468.488605
4.959018,6,1470.44538
11.959012,13,1470.449629
1.9602091,3,1470.449695
21.959011,23,1470.449718
9.959012,11,1473.256491
12.959012,14,1473.25657
3.1976752,4,1475.087813
9.277194,10,1475.087898
1.1240078,2,1475.087915
3.9590473,5,1475.087928
8.959012,10,1477.162408
19.959011,21,1477.162492
3.9590473,5,1478.9659
9.959012,11,1478.965987
1.278391,2,1478.96601
9.98944,11,1481.878592
1.278391,2,1481.879051
3.9894397,5,1481.879195
3.9590473,5,1483.885756
1.9602091,3,1483.885817
5.9590135,7,1483.885829
9.959012,11,1483.885838
8.277194,9,1483.885848
7.9590125,9,1483.885857
13.959012,15,1483.885865
9.959012,11,1485.578355
9.959012,11,1485.578429
3.9590473,5,1485.57845
6.9590125,8,1487.374436
8.123406,9,1487.37453
6.9590125,8,1487.374555
17.95716,19,1487.374573
15.277194,16,1490.254477
10.959012,12,1490.25456
1.9602091,3,1490.254578
18.95716,20,1490.254592
4.9571686,6,1492.217
2.4011905,4,1492.217062
6.9571624,8,1492.217076
19.957163,21,1492.217085
14.955048,16,1494.047196
11.052263,12,1494.047281
20.95716,22,1494.047305
4.0056815,6,1495.908735
12.957162,14,1495.908804
5.6030912,8,1495.908818
11.115468,12,1498.684293
16.277193,17,1498.684393
13.959012,15,1498.684415
4.8045993,7,1500.56325
3.1996822,5,1500.563339
5.605736,8,1500.563365
3.1996822,5,1502.36832
14.98759,16,1502.368412
2.403409,4,1506.842688
3.2023098,5,1506.842822
7.202709,10,1508.585528
8.062159,11,1510.456387
11.215908,15,1512.344287
10.414772,14,1515.356167
7.2102275,10,1515.35626
12.01218,16,1517.160259
8.009129,11,1518.862744
20.95292,22,1520.599587
11.213673,15,1523.68984
6.4015727,9,1525.487262
9.606117,13,1527.278572
3.1996822,5,1527.278645
8.804981,12,1527.278659
7.207992,10,1527.27867
10.414772,14,1528.980911
16.022724,21,1528.980995
4.7992997,7,1528.981019
2.398546,4,1528.981037
18.418615,24,1528.981053
13.614453,18,1532.056235
15.216724,20,1532.056338
6.409091,9,1532.056362
8.006501,11,1533.90468
12.017044,16,1533.904756
13.619316,18,1535.435177
2.3989275,4,1535.435274
2.403409,4,1535.435305
2.398546,4,1537.305811
20.020887,26,1537.311283
16.821642,22,1537.311343
15.577291,20,1540.434608
9.165574,12,1540.434717
8.810265,12,1544.177338
24.029222,30,1544.177423
24.030005,30,1544.177447
2.403409,4,1544.177465
2.4011736,4,1544.177482
2.6063628,4,1545.844927
2.403409,4,1545.845055
5.009128,8,1545.845096
23.318176,30,1545.845129
21.187477,27,1545.845162
19.776768,25,1545.845194
23.474094,29,1548.948718
21.216698,27,1548.948809
7.277194,8,1550.83531
25.184431,30,1550.83539
3.277229,4,1552.644658
24.5828,30,1552.644754
7.2564244,9,1554.28839
11.211045,15,1554.288468
4.0056815,6,1559.035506
25.181816,30,1559.035598
11.564733,14,1559.03562
11.2579155,16,1560.870547
9.613636,13,1560.870632
12.063317,18,1562.754307
6.4068556,9,1562.7544
22.244314,30,1565.735133
13.369301,16,1565.73525
16.368103,19,1567.380969
6.409091,9,1567.381064
15.765831,18,1569.137199
3.9590473,5,1569.143898
10.962459,13,1570.876233
13.105357,15,1570.876314
7.766035,10,1570.876329
21.88636,30,1570.87634
7.766035,10,1570.876351
4.959018,6,1573.946184
9.732954,13,1573.946267
11.163558,13,1573.94629
16.455591,21,1573.94631
15.662382,21,1575.777383
12.765831,15,1577.469109
17.026438,23,1577.469202
11.215908,15,1577.46922
6.0541134,7,1577.469235
1.9602091,3,1579.286952
12.078331,13,1579.287016
7.0541134,8,1581.981812
4.959018,6,1581.981895
13.737045,17,1581.98192
14.371584,18,1581.981936
3.9590473,5,1581.98195
10.197648,11,1583.652964
19.561285,21,1583.653056
15.371555,19,1583.65308
4.959018,6,1583.653097
12.81818,17,1583.653114
17.37967,22,1583.653129
5.9590135,7,1585.373481
0.96601653,2,1585.373563
1.9602091,3,1585.373581
3.0541215,4,1585.373595
1.9602091,3,1587.435534
7.766035,10,1587.435634
6.9590125,8,1587.435696
5.9590135,7,1587.435715
3.9590473,5,1587.435728
14.368104,17,1590.065765
1.9602091,3,1590.065852
7.9590125,9,1590.065872
1.9602091,3,1590.065889
8.959012,10,1590.065905
4.1976533,5,1592.059936
5.9590135,7,1592.060024
5.123407,6,1592.060046
3.9590473,5,1594.034813
8.959012,10,1594.034956
8.561285,10,1594.034999
15.065477,18,1596.05482
3.0541215,4,1596.054902
9.959012,11,1598.564665
6.9590125,8,1598.564751
5.794133,7,1600.55783
18.606632,22,1600.557921
19.976057,24,1602.436437
2.9592168,4,1602.436628
3.9571974,5,1602.439713
6.601076,8,1602.439784
6.9250417,8,1602.439817
18.796259,21,1602.439846
16.989439,18,1604.549797
18.163557,20,1604.550051
5.9590135,7,1604.550188
10.959012,12,1607.282933
9.197648,10,1607.283004
6.9590125,8,1607.283018
10.054113,11,1607.283029
1.9602091,3,1609.215742
13.957162,15,1609.215834
10.959012,12,1609.215854
5.9590135,7,1611.179113
8.98944,10,1611.179189
9.924543,11,1611.179205
7.9571667,9,1613.26836
6.7883463,8,1613.268448
3.2045453,5,1615.968441
3.9590473,5,1615.968533
3.9572065,5,1617.87841
13.082288,14,1617.878664
7.195795,8,1617.87879
6.76015,8,1617.878902
2.123509,3,1617.879012
10.758307,12,1617.879304
12.959012,14,1619.853242
4.1976533,5,1619.853329
8.6551485,10,1619.853354
24.959011,26,1619.853374
11.959012,13,1621.609092
2.123509,3,1621.609179
14.959012,16,1621.6092
16.277193,17,1624.291217
8.959012,10,1624.291283
13.323858,15,1624.291296
7.2079916,10,1624.291305
7.9590125,9,1624.291314
14.959012,16,1624.291322
6.9590125,8,1624.291331
9.996935,11,1626.189747
2.9573765,4,1626.189832
2.1978035,3,1626.189855
12.277194,13,1626.18987
7.98759,9,1626.189885
1.9602091,3,1633.057318
1.9602091,3,1633.057422
5.7601547,7,1633.057439
5.6079545,8,1634.848498
3.2023268,5,1634.848937
4.1215634,5,1636.641822
13.123406,14,1636.641962
7.207992,10,1638.548826
11.959012,13,1638.548929
6.9571624,8,1641.04287
6.409091,9,1641.047861
14.613636,18,1641.048018
0.8541667,2,1643.014966
11.195803,12,1644.685126
12.197648,13,1644.685207
3.2023098,5,1644.685231
19.95716,21,1646.687056
29.758299,30,1646.687124
14.277194,15,1649.298059
15.406134,17,1649.298123
17.955313,19,1649.298137
8.8125,12,1649.298146
15.959012,17,1651.281089
7.2102275,10,1653.348425
4.806818,7,1655.549571
2.5204918,4,1657.961105
13.619316,18,1657.96119
7.396241,10,1659.949626
17.980698,23,1661.84804
6.4068556,9,1661.848134
5.605719,8,1663.958352
14.473978,19,1663.958449
9.613636,13,1663.958472
18.957167,20,1666.70667
12.014809,16,1666.706725
1.278391,2,1666.706742
17.578363,22,1666.706757
3.2045453,5,1666.706771
8.009129,11,1668.587636
7.98759,9,1668.587746
21.795557,28,1668.587763
10.603022,14,1670.751962
9.987595,11,1672.744423
12.81818,17,1672.74452
17.982933,23,1672.744549
18.095375,22,1672.744574
2.0541613,3,1672.744595
8.567171,11,1672.744615
1.9602091,3,1672.744635
5.9590135,7,1672.744654
18.472332,23,1675.213955
11.169274,14,1675.21402
21.883972,30,1675.214034
19.979536,25,1675.214044
20.419237,25,1677.090173
3.9590473,5,1677.090267
3.9590473,5,1677.090289
15.577291,20,1677.090307
22.469704,27,1678.977071
5.9590135,7,1678.977145
17.976057,22,1678.977158
2.2773986,3,1678.977169
2.9592168,4,1680.685074
1.9602091,3,1680.68541
5.9590135,7,1680.685523
17.000805,20,1683.678845
9.98944,11,1683.678933
3.1976752,4,1683.678954
7.9590125,9,1683.678971
0.96601653,2,1683.678986
5.9590135,7,1685.436495
6.9590125,8,1685.436701
8.959012,10,1685.436789
6.9590125,8,1685.436867
5.277195,6,1687.351555
17.169239,20,1687.351633
2.1978035,3,1687.355718
3.9590473,5,1687.355768
5.9590135,7,1687.355789
3.9988117,5,1689.157458
4.959018,6,1689.15777
6.9590125,8,1689.157909
6.9590125,8,1689.158038
5.9590135,7,1692.264963
2.9592168,4,1692.265044
1.9602091,3,1692.265062
10.959012,12,1693.853098
8.959012,10,1693.85318
6.9590125,8,1693.853203
8.760149,10,1693.853221
3.9590473,5,1693.853238
18.53318,21,1695.690191
17.962458,20,1695.690285
7.9590125,9,1697.446378
7.9590125,9,1700.486659
21.771513,25,1700.486744
1.9602091,3,1700.486766
18.659832,21,1702.413726
4.760324,6,1702.413799
9.760149,11,1702.413816
11.959012,13,1702.41383
7.2753444,8,1704.293857
9.957162,11,1704.293952
6.9590125,8,1704.293972
19.95716,21,1706.061117
8.197649,9,1706.061201
1.9602091,3,1706.06122
5.7883463,7,1706.061234
7.9571667,9,1708.947068
9.957162,11,1708.947162
10.959012,12,1708.947185
11.957162,13,1710.904064
7.277194,8,1710.904137
11.195798,12,1710.904152
17.959011,19,1712.854062
6.9590125,8,1712.854143
1.1240078,2,1712.854167
1.9602091,3,1714.860739
4.959018,6,1717.349972
9.959012,11,1717.350066
1.9894304,3,1717.35009
12.197648,13,1717.350108
10.959012,12,1717.350124
10.959012,12,1719.151167
4.959018,6,1719.151261
13.760148,15,1719.151284
14.197648,15,1719.151301
5.98944,7,1721.000177
10.959012,12,1721.000431
0.96601653,2,1721.005153
16.959011,18,1721.00525
8.959012,10,1722.886433
10.959012,12,1725.968484
11.98944,13,1725.968553
6.9590125,8,1725.968568
7.9590125,9,1725.968578
19.275343,20,1727.700168
5.9590135,7,1727.700243
7.1976485,8,1727.700264
8.959012,10,1727.700281
11.123406,12,1729.598093
7.9590125,9,1729.598171
12.959012,14,1731.257018
5.2753544,6,1731.257105
17.760149,19,1731.257123
1.9602091,3,1731.257137
1.9602091,3,1731.257151
13.959012,15,1734.175621
17.79413,19,1734.175722
4.927462,6,1734.175739
1.9602091,3,1734.175749
5.9590135,7,1734.175758
2.957371,4,1736.196238
1.7649229,3,1736.196517
9.959012,11,1736.196668
8.197649,9,1736.196791
1.1962425,2,1737.901301
2.2755582,3,1737.901368
3.9572015,5,1737.901385
2.0541613,3,1737.901397
1.795329,3,1739.685462
7.9571714,9,1739.685539
10.794132,12,1739.685557
1.9583726,3,1739.68557
10.765956,12,1742.493768
9.765956,11,1742.493873
4.7579536,6,1742.493903
12.5671215,14,1742.493928
6.9571624,8,1742.493952
19.76114,21,1744.410476
24.95716,26,1744.410559
18.959011,20,1744.410584
4.959018,6,1746.264722
12.957162,14,1746.264813
6.9590125,8,1747.986397
13.98759,15,1748.033781
13.955313,15,1750.867023
8.197649,9,1750.867109
20.95531,22,1750.867133
5.9590135,7,1752.703918
12.955312,14,1752.703988
11.788727,13,1752.704005
5.9590135,7,1752.704018
13.957162,15,1752.70403
3.9894397,5,1752.704042
6.4079905,8,1752.704052
7.9223127,9,1754.469075
7.0541134,8,1754.469156
12.812499,16,1754.469173
4.959018,6,1754.469187
1.9602091,3,1756.376451
4.879502,6,1756.376532
11.275345,12,1756.376548
3.1234238,4,1756.376559
10.197648,11,1759.278546
7.9590125,9,1759.278713
3.0541215,4,1761.085396
10.197648,11,1761.085469
5.9590135,7,1762.987731
3.9590473,5,1764.779996
12.726166,14,1764.780081
9.959012,11,1767.787091
9.959012,11,1767.787171
11.123406,12,1767.787194
15.760149,17,1769.804213
18.561283,20,1769.80428
7.9590125,9,1769.810689
4.959018,6,1769.810743
13.197648,14,1769.810759
6.9590125,8,1771.700788
7.98944,9,1771.70087
10.98944,12,1771.700891
2.0541613,3,1771.700909
11.197648,12,1771.700925
6.197649,7,1773.453053
7.9590125,9,1776.460664
8.98944,10,1776.460754
7.98944,9,1776.460778
16.959011,18,1778.272855
4.959018,6,1778.272946
11.123406,12,1778.27297
9.959012,11,1780.102323
7.9590125,9,1780.102402
4.11232,5,1781.669012
9.959012,11,1781.669099
3.9590473,5,1781.674287
18.959011,20,1784.77098
2.0843422,3,1784.771061
18.959011,20,1784.77108
14.197648,15,1784.771094
6.9250417,8,1786.56939
7.9571624,9,1786.569475
7.9590125,9,1786.569494
3.7611759,5,1788.544688
6.9590125,8,1788.544943
14.959012,16,1788.545091
6.98759,8,1788.545219
16.95716,18,1788.54535
11.959012,13,1788.545478
0.96601653,2,1788.545608
8.959012,10,1790.158437
8.760319,10,1790.158527
8.760319,10,1790.158548
1.9602091,3,1790.158564
5.9590135,7,1790.158579
7.7603183,9,1790.158595
16.95716,18,1790.15861
4.406377,6,1793.089393
17.790577,19,1793.089477
1.7671529,3,1794.844706
2.957371,4,1794.844797
8.955313,10,1796.866621
1.9602091,3,1796.866711
1.9602091,3,1796.866731
9.959012,11,1796.866747
2.7591155,4,1796.866761
6.9590125,8,1798.534065
7.589482,9,1798.534206
7.0522633,8,1798.543728
3.9223301,5,1798.543842
2.9592168,4,1798.543876
20.95531,22,1798.543902
4.760184,6,1801.589095
11.275344,12,1801.589165
7.9590125,9,1801.589178
1.278391,2,1801.589188
9.957167,11,1801.589197
5.7579246,7,1803.4907
27.995123,30,1803.490782
1.9602091,3,1803.490803
5.998786,7,1803.490817
1.9602091,3,1805.348421
9.07833,10,1805.348509
3.9590473,5,1805.348533
6.9590125,8,1806.985581
1.9602091,3,1806.98565
1.9602091,3,1809.77882
7.9590125,9,1809.77889
8.922313,10,1809.778903
21.95716,23,1811.776836
18.760149,20,1811.776897
10.959012,12,1811.776911
10.054113,11,1813.47366
3.9590473,5,1813.473747
1.1240078,2,1815.213353
7.1976485,8,1815.213442
8.959012,10,1815.213465
6.0541134,7,1815.213483
8.197649,9,1818.276384
22.760149,24,1818.276599
11.959012,13,1820.113855
14.760149,16,1820.11985
15.957163,17,1820.119909
1.9602091,3,1820.119928
6.195336,7,1820.119945
8.959012,10,1820.119962
12.959012,14,1821.975707
6.9571624,8,1821.975791
4.959018,6,1821.975806
6.98944,8,1821.975815
8.98944,10,1821.975825
2.9894383,4,1823.786945
8.277194,9,1826.573652
8.123406,9,1826.573761
2.0541613,3,1826.573787
6.9590125,8,1826.573807
1.9602091,3,1826.573825
6.0541134,7,1826.573841
13.959012,15,1828.334223
3.1976752,4,1830.087845
18.959011,20,1832.04975
5.0541134,6,1832.049846
3.9590473,5,1832.049873
16.054113,17,1832.049891
14.959012,16,1832.049909
7.9590125,9,1834.782176
7.9590125,9,1834.782278
15.123406,16,1836.759829
5.0541134,6,1836.759924
5.9875665,7,1836.759948
7.9590125,9,1836.759967
7.9590125,9,1836.759984
4.0056815,6,1838.673174
9.27323,10,1840.391806
5.9571633,7,1840.391889
17.95716,19,1840.391907
18.959011,20,1840.391919
6.1234064,7,1840.391931
5.9571633,7,1840.391956
13.123406,14,1843.419209
4.959018,6,1843.419286
3.9550917,5,1843.419308
3.9590473,5,1843.419325
9.955048,11,1843.41934
14.959012,16,1845.298586
20.195793,21,1845.298652
5.9854755,7,1848.669278
2.398546,4,1848.669365
3.2023098,5,1851.447216
3.2000933,5,1851.447306
12.955048,14,1851.447328
8.810282,12,1851.447348
3.9590473,5,1853.454169
13.619316,18,1853.454263
12.275344,13,1853.454284
23.403202,25,1855.290637
4.760184,6,1857.159958
4.8598485,7,1857.160051
8.957162,10,1857.160074
8.009129,11,1857.160093
17.95716,19,1860.177291
29.959011,30,1860.177587
10.955049,12,1862.052801
24.119705,25,1862.05289
2.4011736,4,1863.86496
3.3238635,5,1868.35181
12.811864,17,1868.351897
10.556428,12,1868.351914
21.95373,23,1870.256803
19.955048,21,1872.244825
17.959011,19,1872.245402
12.012963,16,1876.850353
17.959011,19,1878.54938
9.664431,13,1880.371608
14.420452,19,1880.371731
12.017044,16,1882.289579
11.213673,15,1882.289675
11.213673,15,1882.289696
12.017044,16,1885.075863
4.0056815,6,1885.07615
6.4621215,9,1886.99105
8.8125,12,1886.991139
5.6079545,8,1886.99116
17.733107,23,1888.891208
15.221588,20,1890.583714
11.215908,15,1890.583786
8.130682,11,1890.583798
12.81818,17,1893.586322
21.28977,30,1895.56871
13.617081,18,1897.286961
5.6079545,8,1897.287056
21.048897,30,1899.177048
24.757917,26,1899.177567
21.051132,30,1899.177728
16.82386,22,1899.177863
21.048897,30,1899.177998
18.14137,23,1901.672557
11.215908,15,1903.697005
17.37967,22,1903.697083
6.1939836,8,1903.697107
20.807634,30,1903.697125
12.815945,17,1903.697142
21.243944,30,1905.697382
20.82954,27,1907.262656
7.2102275,10,1907.262736
3.2045453,5,1907.262752
12.017044,16,1910.095241
13.368104,16,1911.956246
11.860931,14,1911.956339
3.2045453,5,1913.763259
8.810265,12,1913.763342
11.215908,15,1918.690352
24.37723,29,1918.690441
7.2102275,10,1920.778246
12.937498,17,1920.778336
4.3636184,6,1922.585938
8.064394,11,1922.586012
15.221588,20,1922.586034
4.5596437,6,1924.387427
11.213673,15,1924.3875
5.858982,8,1924.387514
23.155663,30,1924.387524
7.930242,10,1924.387533
23.788757,30,1927.083883
7.2102275,10,1927.08397
0.96601653,2,1928.980262
9.063522,12,1928.980356
10.206932,13,1930.8892
5.375288,8,1930.889289
8.367064,11,1930.889312
11.573846,15,1930.889329
12.570618,16,1932.476754
1.9602091,3,1935.351083
17.270535,24,1935.351167
8.760149,10,1935.351192
10.964694,13,1935.35121
4.1976533,5,1937.297132
21.777193,26,1937.297217
12.864378,16,1937.297235
14.264655,20,1937.29725
19.013594,23,1939.172984
21.66234,27,1939.173073
14.492093,18,1939.173093
16.771513,20,1939.173108
6.9590125,8,1939.173122
8.561285,10,1939.173136
17.423706,23,1939.17315
11.362421,13,1939.173163
8.656385,10,1940.989848
17.169239,20,1940.989943
7.9590125,9,1943.894012
1.9602091,3,1943.894086
9.985181,11,1943.8941
7.9590125,9,1943.894111
7.9590125,9,1943.894122
5.9571724,7,1945.690302
3.9590473,5,1945.690394
1.9583726,3,1945.690418
5.9571724,7,1945.690434
6.1234064,7,1945.690448
1.9602091,3,1945.690463
3.121578,4,1947.561077
21.302515,27,1947.561178
1.9602091,3,1949.395779
7.9590125,9,1949.395869
5.9571633,7,1949.395886
10.959012,12,1949.395897
12.76482,15,1949.395908
1.1240078,2,1952.236281
13.959012,15,1953.887982
1.9602091,3,1956.061018
9.957162,11,1956.06111
6.9987855,8,1956.067709
11.998786,13,1956.067783
7.9590125,9,1957.965073
9.998786,11,1957.965158
4.959018,6,1960.676708
8.760149,10,1960.676918
4.959018,6,1962.656061
1.9602091,3,1962.656147
4.959018,6,1962.656171
8.197649,9,1962.656188
7.1976485,8,1962.656205
3.9590473,5,1962.656222
10.760149,12,1966.169172
14.123406,15,1969.173271
9.98944,11,1969.173372
1.9602091,3,1969.1734
1.9602091,3,1969.173421
5.1976495,6,1969.173439
18.959011,20,1969.173458
13.959012,15,1969.173476
1.9602091,3,1969.173493
13.959012,15,1970.944666
13.277194,14,1972.68509
11.959012,13,1972.690642
14.959012,16,1972.690703
13.123406,14,1974.487907
13.277194,14,1974.534107
4.959018,6,1974.534258
2.0541613,3,1974.53432
11.959012,13,1977.588076
7.9590125,9,1977.588161
1.9602091,3,1977.588182
1.9602091,3,1979.653557
10.959012,12,1979.653648
7.9590125,9,1981.552276
4.959018,6,1981.552521
15.959012,17,1981.552628
5.98944,7,1981.552731
8.197649,9,1981.552829
8.6551485,10,1981.552927
17.757917,19,1981.553024
20.959011,22,1983.279906
21.85525,23,1983.279979
5.9590135,7,1983.279992
18.123405,19,1983.280001
2.403409,4,1983.280011
13.054113,14,1986.165043
29.760149,30,1986.165133
19.197647,20,1986.165152
7.9571714,9,1987.986215
7.9571714,9,1987.986277
2.403409,4,1987.986292
5.9590135,7,1987.986301
14.959012,16,1989.680326
6.9590125,8,1989.680415
9.197648,10,1989.680439
4.2753544,5,1991.336033
4.955063,6,1994.088111
3.2045453,5,1994.08857
10.959012,12,1994.08873
11.957162,13,1995.856071
4.8045993,7,1995.856166
6.0541134,7,1995.85619
2.4011905,4,1995.856208
2.403409,4,1995.856223
21.959011,23,1997.772663
17.195333,18,1997.772757
18.959011,20,1999.537328
8.0065,11,1999.53741
1.7167277,3,2002.286246
8.0065,11,2004.196024
5.6030912,8,2004.196116
3.1996822,5,2004.196144
8.011364,11,2006.115347
3.1970465,5,2007.911186
6.4015727,9,2007.911268
10.409908,14,2010.535044
9.608772,13,2012.68917
8.00652,11,2014.462196
6.404247,9,2014.462277
7.207992,10,2014.462298
14.420452,19,2014.462314
1.597429,3,2014.462331
3.9981828,6,2016.344473
1.597429,3,2016.344568
6.404228,9,2016.344588
15.221588,20,2018.874818
5.7224097,8,2018.87489
13.619316,18,2022.483373
2.3985653,4,2022.483459
1.6000372,3,2022.483483
16.01786,21,2022.483501
14.420452,19,2024.372075
12.062555,16,2027.184788
2.398546,4,2027.18487
15.221588,20,2030.467898
1.6022727,3,2030.467983
21.62316,28,2032.280979
6.409091,9,2032.281047
6.4015727,9,2032.28106
16.872028,22,2035.14862
20.028404,26,2035.148732
20.020887,26,2036.734898
20.454542,30,2036.735033
15.219353,20,2036.735071
4.8045826,7,2036.735103
20.454542,30,2038.707107
20.746185,26,2040.588294
15.219353,20,2040.588376
1.655303,3,2043.542302
3.2023098,5,2043.542399
9.611401,13,2043.542424
17.617477,23,2043.542443
15.381606,20,2045.282296
14.583097,19,2045.282371
20.818268,30,2045.282388
3.2045453,5,2045.282402
17.21376,22,2045.282414
24.198965,30,2045.282427
10.00882,13,2045.28244
3.2045453,5,2047.311202
3.2023098,5,2047.311281
16.536442,21,2047.311297
8.8776655,11,2049.17784
3.2045453,5,2049.177933
13.36647,17,2049.177954
1.0508548,2,2049.177971
1.9602091,3,2049.177986
10.206933,13,2049.178003
1.9602091,3,2051.947118
2.4011736,4,2053.757234
23.074602,28,2053.757323
4.959018,6,2053.757349
2.403409,4,2053.757369
6.5924773,9,2055.668202
10.167209,13,2057.324611
3.2045453,5,2060.471719
7.1976485,8,2060.471813
10.363276,13,2060.471839
4.959018,6,2060.471859
2.9592168,4,2062.04883
21.774958,26,2062.04894
6.1234064,7,2063.944193
5.955323,7,2063.944285
2.3989825,4,2063.944308
3.9572065,5,2063.944324
5.9571724,7,2063.94434
3.9571974,5,2063.944355
18.369917,22,2068.715799
21.140537,25,2068.715887
10.193684,11,2068.715913
23.170057,27,2068.715933
8.959012,10,2070.472762
13.619316,18,2070.472842
8.275344,9,2070.472859
15.217507,20,2072.356874
18.426132,24,2072.356947
1.9583726,3,2074.277264
10.412537,14,2074.277352
26.379465,30,2077.200155
4.955063,6,2077.200249
5.9590135,7,2078.980003
3.2045453,5,2078.980089
2.5227273,4,2078.980111
20.024324,26,2080.837093
11.362421,13,2080.837192
16.817545,22,2080.837233
10.760149,12,2082.548205
6.9648986,9,2082.548308
17.362421,19,2082.548342
16.054113,17,2085.536799
5.1976495,6,2085.543693
2.4011736,4,2085.543771
7.760149,9,2087.322571
10.955048,12,2087.322639
12.054113,13,2087.322657
12.756078,14,2089.156542
6.9590125,8,2090.884878
16.82386,22,2090.884963
2.9552715,4,2093.895056
12.959012,14,2093.895126
16.82386,22,2093.89514
4.9571776,6,2095.427465
6.404228,9,2095.427529
6.4068556,9,2097.104724
6.4068556,9,2097.104788
4.003446,6,2097.104801
7.9590125,9,2097.10481
19.220953,25,2099.073267
4.058712,6,2101.960642
21.630676,28,2101.96074
24.031849,30,2103.714519
1.6022727,3,2105.674115
15.959012,17,2105.674178
15.085332,23,2107.45344
3.2045453,5,2107.453701
15.221588,20,2109.849015
13.139809,18,2118.308051
25.121555,26,2118.308139
13.412334,17,2118.30816
21.630676,28,2122.252781
24.190023,30,2122.252874
6.409091,9,2124.176195
22.840904,30,2124.176295
16.073519,21,2130.74275
22.597406,30,2132.680199
24.230688,30,2134.981568
21.88636,30,2136.661373
21.884142,30,2143.543633
21.767042,30,2143.543766
18.190819,26,2145.392204
21.88636,30,2145.392287
21.287535,30,2147.117642
21.643253,30,2148.877678
21.404224,30,2148.877816
21.012287,30,2153.860282
20.812496,30,2155.657188
20.931814,30,2155.657274
20.897831,30,2155.65729
21.25355,30,2157.264919
21.168215,30,2157.265005
19.295559,29,2157.265023
20.693178,30,2160.182173
21.011341,30,2160.182476
20.539877,30,2163.782383
20.454542,30,2163.782455
20.571642,30,2165.736506
20.454542,30,2168.451603
20.454542,30,2170.370851
20.454542,30,2170.371262
20.454542,30,2172.179424
3.2045453,5,2174.280197
12.152456,17,2178.645972
20.454542,30,2180.576966
20.539877,30,2180.577036
20.454542,30,2180.57705
21.282873,30,2185.21628
20.539877,30,2185.216346
20.454542,30,2187.173336
21.409088,30,2187.173431
2.403409,4,2188.970845
7.208009,10,2190.936929
13.617081,18,2193.593391
20.653387,30,2193.593484
13.815944,18,2193.593508
8.8125,12,2195.344295
13.977254,18,2195.344401
7.964729,10,2195.34443
20.976196,30,2195.344453
21.183416,30,2197.157825
8.810264,12,2197.157909
20.454542,30,2199.134244
11.4624815,17,2199.13434
16.774992,21,2202.157879
3.5624819,5,2202.157969
1.6022727,3,2203.834817
3.2023098,5,2203.834904
3.2023098,5,2203.834931
13.870339,18,2205.742365
20.454542,30,2205.742493
11.98944,13,2205.742522
25.697647,30,2207.376387
20.771713,30,2207.376488
20.454542,30,2210.280479
5.403206,7,2210.280559
21.01015,30,2212.080096
3.4578037,5,2212.080169
20.545685,30,2212.080183
18.060112,23,2214.137664
6.5612907,8,2214.140139
7.760149,9,2214.140594
9.326102,11,2216.014395
21.68531,30,2216.033713
4.9851804,6,2216.033812
1.9602091,3,2218.937391
25.214695,29,2218.943796
11.338718,16,2218.943834
12.78409,18,2218.943858
6.4019904,9,2218.94388
3.2045453,5,2218.943902
21.010181,30,2218.943923
12.81371,17,2220.982422
4.801955,7,2220.98251
8.159487,10,2220.982536
4.0034633,6,2220.982556
6.409091,9,2220.982574
21.964691,30,2222.853773
2.4564393,4,2222.853866
22.397015,30,2222.85389
1.597429,3,2224.648307
8.252554,10,2224.648409
8.009129,11,2227.686401
5.7224092,8,2227.686681
1.597429,3,2227.68684
3.2023098,5,2229.689769
2.4011736,4,2229.689857
14.362421,16,2229.689879
4.7992997,7,2231.679487
5.605719,8,2231.679554
22.35872,24,2231.684837
18.044775,21,2231.684893
6.459886,9,2233.687006
3.2500572,5,2233.687275
1.6000372,3,2233.687418
3.983333,5,2233.68755
1.597429,3,2233.687721
13.619316,18,2233.687852
6.4068556,9,2236.178713
0.8486727,2,2236.179156
6.4621215,9,2238.085421
17.22626,23,2238.085499
9.666666,13,2239.973406
7.202709,10,2239.973493
2.398546,4,2239.973513
8.804981,12,2246.269035
8.009129,11,2246.269112
3.2023098,5,2246.26913
7.202709,10,2248.068269
5.6587496,8,2248.068352
20.931814,30,2249.844194
16.068235,21,2249.844573
13.617081,18,2249.844724
5.6079545,8,2249.844848
5.600436,8,2249.844968
6.404228,9,2249.845085
4.0511937,6,2252.844941
5.600436,8,2256.448797
3.1996822,5,2258.291832
2.398546,4,2258.291925
7.2057734,10,2261.347401
15.7428255,20,2263.26504
11.769482,15,2265.152343
4.8045826,7,2265.152434
10.970581,14,2265.152457
12.81818,17,2265.152474
6.402775,9,2265.15249
18.690134,23,2267.064197
23.31594,30,2270.10226
11.211045,15,2270.102325
2.4011736,4,2271.973809
23.586023,30,2273.882464
6.1915684,7,2273.882545
17.62276,23,2273.88256
20.82954,27,2275.664531
21.62844,28,2275.664617
6.404228,9,2275.664636
8.806186,12,2275.664652
22.378864,28,2278.537997
18.08746,21,2278.538142
2.403409,4,2280.448815
20.028404,26,2280.448896
2.398546,4,2282.479844
24.367884,29,2282.47993
16.139807,21,2282.479955
20.023542,26,2284.188704
13.617081,18,2287.19523
9.611401,13,2289.174413
22.005678,30,2292.987712
8.064394,11,2293.033842
6.9590125,8,2293.03389
22.985386,29,2295.98489
7.207992,10,2297.98201
21.764807,30,2297.982074
7.207992,10,2297.982091
10.414772,14,2299.812801
12.810661,17,2301.788486
7.88981,11,2304.640361
12.959012,14,2304.641752
2.4011736,4,2306.17514
19.223188,25,2306.175231
0.8541667,2,2308.172873
24.029222,30,2310.065241
11.955058,13,2310.065329
1.6022727,3,2310.065347
21.043613,30,2310.065361
16.816341,22,2312.764173
20.81026,30,2314.687585
24.029222,30,2314.687702
20.812496,30,2314.687731
12.81818,17,2321.242881
23.790586,30,2322.968809
21.630676,28,2324.773885
16.020489,21,2326.663988
22.602268,30,2329.348471
24.191446,30,2329.34856
22.600033,30,2331.355321
21.62844,28,2333.437132
20.82954,27,2335.584913
21.528406,30,2340.482853
22.244314,30,2342.265206
22.12276,30,2344.247348
9.545453,15,2344.247432
18.920452,27,2344.247452
21.88636,30,2346.956004
21.528406,30,2352.437194
22.242079,30,2357.293194
20.454542,30,2357.313362
20.454542,30,2357.313438
13.686286,16,2359.172992
21.136467,30,2359.173084
20.690943,30,2360.974615
4.806818,7,2360.974707
21.17045,30,2360.974728
21.409088,30,2363.8809
20.454542,30,2365.760943
20.454542,30,2369.514295
22.124996,30,2369.514381
20.454542,30,2372.500698
22.602268,30,2374.368341
20.454542,30,2374.368429
20.454542,30,2374.368452
21.248783,30,2374.368469
21.52617,30,2378.096325
7.2102275,10,2378.096397
21.051132,30,2378.096414
22.12276,30,2378.096426
2.403409,4,2382.696821
20.653387,30,2384.453519
21.647724,30,2386.286252
20.454542,30,2391.280987
20.539877,30,2393.186183
20.693178,30,2393.186268
20.454542,30,2395.074863
5.4024763,8,2395.075175
10.055681,15,2395.075318
20.539906,30,2397.734285
2.1978035,3,2397.73438
17.727377,26,2399.64679
20.57386,30,2399.646864
20.57386,30,2403.486717
20.96477,30,2406.065583
21.051132,30,2407.873131
20.454542,30,2407.873202
17.90098,23,2407.873216
11.829544,18,2411.176851
20.57386,30,2415.691323
20.931814,30,2419.480189
20.454542,30,2419.480276
20.454542,30,2422.436421
20.693178,30,2424.352046
20.454542,30,2424.352129
20.454542,30,2424.352149
20.454542,30,2427.947072
14.98944,16,2430.877131
20.454542,30,2432.788236
20.454542,30,2432.788516
20.653387,30,2434.640217
20.83483,30,2436.690219
20.715506,30,2436.690312
20.539877,30,2441.261408
20.625216,30,2441.261499
20.454542,30,2441.261523
20.454542,30,2444.971356
20.454542,30,2447.983325
20.454542,30,2449.784859
20.454542,30,2456.033939
20.454542,30,2456.034276
20.454542,30,2457.8671
21.203424,30,2457.867186
20.454542,30,2457.867204
20.454542,30,2459.602365
19.839788,29,2459.602434
20.454542,30,2461.24904
2.3959103,4,2466.279042
11.590907,18,2466.279122
20.454542,30,2466.27914
3.2023098,5,2467.983383
20.454542,30,2467.983473
20.454542,30,2469.676849
20.454542,30,2469.676942
20.454542,30,2469.676966
20.454542,30,2474.259633
13.619316,18,2474.259776
14.418217,19,2475.973807
20.454542,30,2477.875757
5.7272725,8,2477.875861
4.926136,7,2481.046959
13.784197,18,2482.945158
20.454542,30,2482.945234
20.454542,30,2482.945252
4.003446,6,2482.945268
20.454542,30,2484.58082
5.600436,8,2484.5809
3.9981632,6,2486.45836
20.454542,30,2486.458447
20.454542,30,2486.45847
20.454542,30,2486.458489
6.409091,9,2489.414377
3.2045453,5,2491.374771
8.003845,11,2493.163315
20.454542,30,2493.163398
2.403409,4,2493.163419
20.454542,30,2495.164253
20.454542,30,2495.164349
20.454542,30,2497.876847
8.130682,11,2499.645465
11.211045,15,2499.645553
5.6079545,8,2499.645579
6.409091,9,2501.457877
15.340997,20,2501.463854
20.454542,30,2503.190399
20.454542,30,2503.190489
3.2045453,5,2503.190511
20.454542,30,2503.190528
19.371952,24,2505.868029
8.8125,12,2507.634684
20.812103,25,2509.388779
19.180635,24,2509.388862
20.454542,30,2509.388878
20.454542,30,2511.279404
2.403409,4,2511.279474
12.81818,17,2514.045454
12.017044,16,2515.992421
18.811054,24,2515.992505
16.41528,21,2517.868209
20.454542,30,2517.8683
7.2102275,10,2524.300838
22.602268,30,2528.081354
17.859045,23,2532.800928
13.738634,18,2534.636283
14.420452,19,2534.636343
21.884125,30,2541.45661
15.715906,23,2548.12691
21.88636,30,2550.097207
22.363632,30,2550.097293
22.005678,30,2550.097315
21.767042,30,2550.097333
21.767042,30,2551.862024
21.17045,30,2553.864304
21.528406,30,2556.29783
21.528406,30,2556.297904
20.931814,30,2558.065061
21.647724,30,2561.675886
21.17045,30,2561.675948
22.005678,30,2564.423936
21.051132,30,2564.424009
22.363632,30,2566.417189
20.57386,30,2566.417277
20.812496,30,2568.292609
20.693178,30,2570.165862
2.4542038,4,2570.165948
21.051132,30,2573.035554
21.051132,30,2573.036106
20.57386,30,2573.036463
2.403409,4,2574.886076
20.454542,30,2574.886329
20.454542,30,2574.88636
20.539877,30,2576.846496
21.647724,30,2578.765269
21.17045,30,2578.765356
20.454542,30,2581.596925
20.454542,30,2581.597015
9.744299,15,2581.597037
2.3967478,4,2583.478657
3.9550917,5,2585.277145
5.6079545,8,2587.108873
20.454542,30,2587.113147
3.999001,6,2587.113257
3.2045453,5,2590.080265
2.398546,4,2590.080351
21.368101,30,2592.016567
7.2053647,10,2594.076924
1.597429,3,2594.07702
2.4011736,4,2595.786327
20.454542,30,2595.786426
10.55905,12,2595.786447
20.454542,30,2598.888283
20.454542,30,2598.888354
4.003446,6,2598.88837
2.398546,4,2598.888382
12.813317,17,2598.888393
6.4015727,9,2600.771403
15.360186,17,2604.401538
20.454542,30,2604.401615
2.4011736,4,2607.277141
18.11242,25,2609.240923
18.11242,25,2609.243674
9.608773,13,2609.243718
6.409091,9,2611.14539
4.857613,7,2611.145475
20.454542,30,2611.145499
20.454542,30,2612.997049
20.454542,30,2612.997321
20.454542,30,2612.997403
4.806818,7,2612.997473
18.775126,24,2615.26834
20.454542,30,2615.268417
13.617081,18,2615.268437
22.799917,30,2617.108168
8.8125,12,2618.897131
1.655303,3,2618.897204
23.038551,30,2620.613718
21.788038,28,2623.592016
1.6022727,3,2623.592082
2.403409,4,2623.592096
8.8125,12,2625.584857
19.94505,25,2625.58494
7.263258,10,2627.382926
20.931814,30,2629.072421
16.816341,22,2629.072511
12.81818,17,2632.083881
12.0655985,16,2632.08395
15.422306,20,2632.083967
1.6000543,3,2632.083979
7.461251,10,2632.083991
1.9602091,3,2633.99142
20.57386,30,2635.955134
16.774992,21,2637.870695
15.219353,20,2637.87078
6.4621215,9,2640.789663
19.337255,25,2640.789748
24.585032,30,2642.762062
3.2045453,5,2642.762161
16.943178,22,2644.635233
16.771513,20,2646.450016
9.611401,13,2646.450111
3.2575755,5,2649.264292
13.61708,18,2649.26438
14.418217,19,2649.264398
13.617081,18,2651.214124
6.409091,9,2651.214197
11.561285,13,2651.214212
9.732954,13,2651.214223
7.2102275,10,2653.151121
16.821625,22,2655.162593
14.41598,19,2655.162683
8.011364,11,2657.416628
10.414772,14,2659.290448
2.403409,4,2659.290547
3.2045453,5,2659.290578
25.780638,30,2661.234628
8.8125,12,2663.114128
4.0056815,6,2666.171896
21.764807,30,2668.076202
13.619316,18,2669.77999
21.52617,30,2671.762543
21.406853,30,2674.565901
28.083904,30,2676.285282
23.795448,30,2676.285379
11.778408,16,2678.065399
21.17045,30,2678.065486
23.630552,30,2682.39902
14.267044,20,2684.210981
20.693178,30,2686.086176
20.745352,30,2687.770606
22.92723,30,2692.483697
22.721586,30,2694.396444
22.56829,30,2699.080526
22.244314,30,2702.953264
22.330643,30,2702.95353
21.733059,30,2704.537678
8.863635,14,2704.544098
21.494423,30,2709.385361
21.494423,30,2709.385454
21.28977,30,2711.348892
21.28977,30,2711.348997
21.255785,30,2713.272421
21.17045,30,2713.272505
21.255787,30,2713.272523
18.76015,27,2713.27254
4.0056815,6,2716.192613
21.495415,30,2717.901605
21.495415,30,2717.901674
20.693178,30,2721.685862
20.693178,30,2721.685932
7.9590125,9,2721.685951
20.778515,30,2721.685963
20.57386,30,2724.208747
20.539877,30,2726.202428
20.454542,30,2728.068524
20.539906,30,2729.745353
20.540047,30,2732.560992
20.454542,30,2734.254154
20.545685,30,2736.203029
20.454542,30,2737.890271
20.540869,30,2740.872734
20.454542,30,2740.872822
20.57386,30,2744.352421
20.454542,30,2746.102627
20.454542,30,2749.062393
20.454542,30,2750.946026
20.539883,30,2754.588659
20.454542,30,2757.574977
20.454542,30,2761.456386
20.454542,30,2768.106142
20.454542,30,2768.106222
20.454542,30,2771.953889
20.454542,30,2771.953974
20.454542,30,2774.675784
20.454542,30,2774.675878
20.454542,30,2776.519596
20.454542,30,2776.53383
20.454542,30,2776.533886
20.454542,30,2776.533921
20.454542,30,2778.382399
20.454542,30,2780.373117
20.454542,30,2780.37324
20.454542,30,2785.273801
20.454542,30,2785.273892
20.454542,30,2785.273969
20.454542,30,2785.273988
20.454542,30,2786.860787
2.0454545,4,2788.788302
20.539877,30,2788.788374
20.454542,30,2791.444285
20.454542,30,2793.461365
20.454542,30,2795.214519
20.454542,30,2797.321421
20.454542,30,2800.01645
20.454542,30,2801.961325
20.539877,30,2803.772469
20.454542,30,2803.772551
20.454542,30,2808.682985
20.454542,30,2810.462653
20.454542,30,2812.269722
20.539877,30,2814.201004
20.454542,30,2818.935934
20.454542,30,2820.796947
20.454542,30,2825.349619
4.772727,8,2827.183268
20.539877,30,2830.888643
20.454542,30,2830.888716
20.454542,30,2835.768622
20.454542,30,2835.76871
20.454542,30,2837.579283
20.454542,30,2837.579358
20.454542,30,2839.416216
20.454542,30,2839.416296
20.454542,30,2839.416313
20.539906,30,2839.416326
20.454542,30,2842.179699
20.454542,30,2844.150985
20.886234,30,2847.777967
20.571642,30,2847.77806
20.57386,30,2847.778085
20.57386,30,2847.778103
20.454542,30,2850.635943
20.454542,30,2852.643114
20.454542,30,2852.643215
5.6079545,8,2854.57313
20.454542,30,2854.573212
8.8125,12,2856.456874
7.2102275,10,2856.456961
5.6079545,8,2856.456985
20.454542,30,2856.457003
20.454542,30,2859.373131
4.0056815,6,2861.090737
20.454542,30,2861.090832
6.409091,9,2861.090855
20.454542,30,2862.96447
20.454542,30,2864.884392
10.414772,14,2864.884477
20.454542,30,2867.835969
20.454542,30,2867.836139
20.454542,30,2871.552905
6.409091,9,2873.490653
1.6022727,3,2873.490718
20.454542,30,2876.448705
14.420452,19,2878.139231
1.6022727,3,2878.139364
10.414772,14,2878.139409
20.454542,30,2878.139446
20.77169,30,2881.788393
10.829779,15,2884.642898
20.57932,25,2884.643024
9.9375,14,2884.643064
6.4068556,9,2884.643094
20.454542,30,2884.643124
13.699001,18,2886.480153
20.539877,30,2888.270762
19.174921,23,2888.270847
20.454542,30,2890.288912
10.261362,15,2893.071358
19.389914,25,2893.071457
20.976057,25,2893.071477
12.2728615,18,2895.149528
11.215908,15,2898.885706
21.647724,30,2907.451777
5.6079545,8,2912.479228
21.494427,30,2912.479542
6.409091,9,2912.479633
20.023224,25,2914.193501
21.28977,30,2914.193565
11.211045,15,2914.193578
11.213673,15,2916.156981
21.17045,30,2916.157077
9.611401,13,2916.157101
20.931814,30,2921.092904
21.28977,30,2921.092995
20.931814,30,2921.093018
20.897837,30,2922.987592
14.412935,19,2924.688045
2.3959103,4,2924.713695
20.693178,30,2924.713793
20.57386,30,2927.43544
15.598995,20,2927.43558
20.539883,30,2929.394599
20.976887,26,2933.08458
20.454542,30,2937.98159
20.454542,30,2937.981664
20.454542,30,2939.873268
20.454542,30,2941.757602
20.454542,30,2941.757689
20.454542,30,2941.757706
21.20351,26,2946.334436
22.71407,30,2948.150621
20.454542,30,2948.150705
20.454542,30,2950.136464
20.454542,30,2952.887801
20.454542,30,2956.581148
21.764807,30,2956.58123
22.005678,30,2963.086044
8.011364,11,2964.848055
21.40157,30,2971.534489
21.165588,30,2975.054962
21.165588,30,2975.055046
21.168215,30,2975.055064
21.048897,30,2977.837694
21.048897,30,2977.843909
21.61374,30,2977.844084
8.8125,12,2977.844221
20.926952,30,2979.786926
20.454542,30,2979.786985
20.693178,30,2983.336557
20.690943,30,2983.336622
20.693178,30,2983.336636
13.572683,17,2986.21476
20.571642,30,2986.214839
20.454542,30,2988.072229
20.454542,30,2988.072319
20.454542,30,2988.072342
20.454542,30,2990.056889
20.539877,30,2990.056979
20.454542,30,2991.946171
20.379469,25,2994.672963
20.454542,30,2996.522974
20.454542,30,3000.334373
20.454542,30,3000.334459
20.454542,30,3003.075942
22.838669,30,3004.981778
20.454542,30,3008.363646
24.030424,30,3011.144937
22.48295,30,3011.145227
21.645506,30,3019.549778
21.764807,30,3019.54987
21.28977,30,3025.455474
20.57386,30,3028.219826
20.693178,30,3033.849958
20.886234,30,3038.675558
20.454542,30,3038.675648
20.571642,30,3038.677812
4.058712,6,3038.677837
6.136363,10,3040.644992
20.454542,30,3040.645074
20.454542,30,3040.645092
20.454542,30,3040.645105
20.454542,30,3040.645118
20.454542,30,3042.615462
20.454542,30,3042.615546
20.454542,30,3047.059405
2.2792473,4,3047.059501
20.454542,30,3047.059525
20.454542,30,3047.059543
20.454542,30,3049.256331
20.454542,30,3049.259863
2.403409,4,3049.260007
20.454542,30,3051.086207
20.454542,30,3051.113224
20.454542,30,3051.113312
20.454542,30,3053.844628
20.454542,30,3053.844731
20.454542,30,3055.75731
20.454542,30,3057.468096
20.454542,30,3059.54601
20.454542,30,3064.158922
20.454542,30,3064.159194
20.454542,30,3066.159977
20.454542,30,3068.002008
10.940945,16,3072.669083
20.454542,30,3072.669372
20.454542,30,3074.591452
20.454542,30,3074.591555
20.454542,30,3082.881387
8.011364,11,3082.881468
11.710226,18,3087.58838
21.767042,30,3091.366145
21.409088,30,3097.845683
21.165588,30,3101.535957
21.25355,30,3101.536182
20.571642,30,3104.515243
21.04627,30,3104.515337
20.571642,30,3104.515355
21.043613,30,3104.515368
20.929579,30,3106.462421
20.539877,30,3106.462502
20.688335,30,3110.452224
20.688335,30,3110.456011
20.539877,30,3110.45616
20.693178,30,3110.456284
20.57386,30,3113.002004
20.454542,30,3113.002079
20.454542,30,3114.902275
20.454542,30,3114.902346
20.454542,30,3114.902362
20.539877,30,3116.704928
20.454542,30,3116.705058
17.16477,26,3118.577302
20.454542,30,3118.577567
20.539877,30,3121.206846
20.454542,30,3126.564727
20.539877,30,3129.549555
20.454542,30,3131.468692
20.778513,30,3134.9446
20.454542,30,3134.944689
20.454542,30,3138.24619
20.57386,30,3138.246286
20.454542,30,3146.699207
20.539877,30,3146.69928
20.454542,30,3150.352485
6.818181,11,3154.961125
20.540047,30,3154.961214
20.886234,30,3160.249782
20.454542,30,3164.965625
20.454542,30,3164.965719
20.454542,30,3166.881924
20.454542,30,3166.882012
20.454542,30,3166.882035
20.454542,30,3166.882052
20.454542,30,3168.597333
6.818181,11,3168.59742
20.539877,30,3168.597445
15.681815,24,3171.779168
20.454542,30,3173.691425
20.454542,30,3173.691514
20.454542,30,3173.691538
20.454542,30,3173.691556
20.454542,30,3175.554796
20.454542,30,3175.554886
20.454542,30,3177.136629
20.454542,30,3177.136773
20.540047,30,3177.136814
20.454542,30,3180.082466
1.912417,3,3180.082543
20.540869,30,3180.082561
21.129622,30,3181.834307
20.74453,30,3181.834464
2.398546,4,3181.834525
4.6470103,7,3183.752711
9.862625,15,3185.292939
20.454542,30,3190.056262
20.454542,30,3191.881315
3.25534,5,3191.881406
20.673702,28,3193.586969
4.801955,7,3196.536201
20.454542,30,3198.692239
7.2102275,10,3198.692331
9.052268,10,3198.692356
11.85525,13,3200.701266
20.454542,30,3200.701335
20.454542,30,3200.705562
15.360186,17,3205.296901
8.804981,12,3205.297005
2.403409,4,3207.085364
13.818189,18,3207.085449
8.003845,11,3207.08547
2.403409,4,3208.964567
20.454542,30,3208.96467
4.0056815,6,3208.964693
6.4068556,9,3210.646509
12.813317,17,3210.646788
20.454542,30,3213.76829
16.27112,21,3217.590513
20.454542,30,3217.590595
15.17272,19,3219.536912
18.373186,23,3219.537062
21.28977,30,3224.107211
22.320421,30,3227.671422
20.454542,30,3227.671509
20.454542,30,3230.766056
20.454542,30,3230.766137
20.454542,30,3230.766154
20.454542,30,3230.766168
1.1135108,2,3234.65348
15.511362,22,3236.095918
13.992188,20,3236.095991
20.656977,30,3239.05164
20.539877,30,3240.802605
22.244314,30,3242.779418
22.12276,30,3244.898756
21.881498,30,3249.878959
21.523544,30,3256.46941
21.733059,30,3262.07946
21.168215,30,3262.079537
21.051132,30,3264.989398
21.048897,30,3264.989488
20.812496,30,3268.613603
21.370241,30,3268.613859
20.776278,30,3270.488996
20.778513,30,3270.489077
20.776278,30,3270.489101
20.656977,30,3273.383141
20.659195,30,3273.383207
20.57386,30,3273.383219
20.454542,30,3275.03483
20.454542,30,3275.034936
20.454542,30,3276.788311
20.539877,30,3281.557201
20.625212,30,3281.557291
20.454542,30,3283.573392
20.454542,30,3283.573491
20.539877,30,3287.261535
20.545685,30,3292.07558
20.625381,30,3292.075699
20.659195,30,3293.680626
20.662785,30,3293.680714
20.742311,30,3293.680735
20.659195,30,3298.584975
20.539877,30,3300.460021
20.454542,30,3300.460121
20.539877,30,3302.290724
20.454542,30,3304.064773
20.454542,30,3306.864273
20.625216,30,3308.772104
20.539877,30,3312.59599
20.625216,30,3318.951446
20.539877,30,3325.565542
20.454542,30,3325.56563
20.454542,30,3327.282396
20.454542,30,3327.282466
20.454542,30,3332.086152
20.626207,30,3332.086264
20.454542,30,3333.914145
20.454542,30,3333.914236
20.545685,30,3333.91426
20.454542,30,3335.676304
20.886234,30,3335.685854
20.6592,30,3335.685909
20.454542,30,3337.736685
20.539883,30,3337.736765
20.454542,30,3340.288528
0.96601653,2,3342.210721
20.454542,30,3343.959604
20.771713,30,3343.959719
20.454542,30,3345.65622
20.454542,30,3345.656305
20.539877,30,3350.455024
20.539877,30,3354.317043
20.454542,30,3354.317111
20.539877,30,3357.188103
20.539877,30,3357.18819
20.625353,30,3357.188211
20.454542,30,3360.879904
20.539877,30,3362.934485
20.454542,30,3362.934636
20.454542,30,3365.474074
20.454542,30,3367.513354
20.454542,30,3369.274313
20.454542,30,3371.284782
20.653387,30,3375.834653
20.454542,30,3382.94495
8.181817,13,3384.736738
20.539877,30,3388.601257
20.454542,30,3388.601341
20.454542,30,3391.402722
21.368101,30,3391.402797
3.2000933,5,3393.300648
22.832891,30,3395.182756
20.897831,30,3395.182838
20.454542,30,3397.171441
20.626204,30,3397.171527
20.454542,30,3397.171546
21.01015,30,3399.785951
3.2045453,5,3399.786011
20.454542,30,3399.786025
20.539883,30,3399.786034
20.571642,30,3401.534864
3.2023268,5,3401.539248
6.2771945,7,3403.266961
7.561286,9,3403.267035
20.625381,30,3403.267053
2.566059,4,3405.188035
20.653387,30,3405.188119
20.74453,30,3407.939968
20.454542,30,3407.940122
20.57386,30,3409.834431
20.571642,30,3409.834539
7.1635923,9,3411.686272
15.55339,23,3413.775967
20.454542,30,3413.776031
0.98509765,2,3413.776045
20.454542,30,3418.472187
20.890862,30,3418.481668
20.738724,30,3420.274415
20.454542,30,3420.274499
7.2102275,10,3422.239972
20.653387,30,3425.002291
4.806818,7,3426.878044
7.760149,9,3426.878389
20.454542,30,3426.878418
20.454542,30,3426.878438
10.414772,14,3426.878455
10.964694,13,3426.87847
12.014809,16,3428.581288
2.4011736,4,3428.581383
4.8045826,7,3428.581407
11.266703,15,3430.572922
11.209592,15,3430.572985
20.454542,30,3430.572997
20.454542,30,3433.000483
17.169239,20,3433.000548
20.57386,30,3434.894275
1.6022727,3,3436.791574
3.2023098,5,3438.882854
8.8125,12,3438.882933
20.738888,30,3438.882955
9.613636,13,3441.486657
16.187605,21,3447.083548
2.4515762,4,3447.08849
19.67506,26,3449.868971
11.215908,15,3449.869227
9.732954,13,3453.487124
12.868975,17,3455.359617
12.815945,17,3458.41385
20.57386,30,3460.177591
12.932635,17,3461.768481
20.77274,30,3461.768569
20.931814,30,3463.57923
14.420452,19,3463.579304
20.57386,30,3466.479912
20.57386,30,3466.479992
20.454542,30,3468.456027
20.931814,30,3468.456118
20.454542,30,3470.468313
20.57386,30,3472.274461
20.454542,30,3480.535035
20.454542,30,3489.24166
20.454542,30,3489.241813
20.454542,30,3489.241863
22.597406,30,3489.241904
22.48295,30,3491.996414
22.005678,30,3491.996492
22.363632,30,3494.012878
22.725122,30,3494.013554
20.454542,30,3495.67213
22.239452,30,3495.672195
20.454542,30,3497.534733
22.005678,30,3500.25328
20.454542,30,3502.179146
21.88636,30,3502.179205
21.767042,30,3504.184491
21.287535,30,3510.754671
20.454542,30,3510.75477
21.287535,30,3512.470465
20.454542,30,3512.470542
4.1249995,6,3512.470564
20.571642,30,3517.413673
8.011364,11,3517.413735
20.454542,30,3519.360363
20.454542,30,3521.150574
20.454542,30,3523.257331
20.454542,30,3525.860377
7.53409,11,3525.860461
20.454542,30,3525.860482
20.454542,30,3527.687193
20.454542,30,3527.687271
20.454542,30,3529.477211
20.454542,30,3529.477296
20.454542,30,3531.445968
20.454542,30,3531.446057
20.454542,30,3533.982455
20.454542,30,3535.701478
20.454542,30,3544.153385
11.710226,18,3550.498623
20.454542,30,3552.361892
20.539877,30,3552.361981
20.454542,30,3552.362005
20.454542,30,3552.362022
20.454542,30,3554.085098
20.454542,30,3554.08519
20.454542,30,3555.960386
21.528406,30,3558.735828
21.528406,30,3558.735949
21.647724,30,3560.585056
21.17045,30,3564.404857
21.051132,30,3567.268961
20.693178,30,3572.860173
20.693178,30,3572.860633
20.659195,30,3575.868713
19.977377,30,3575.868801
20.454542,30,3579.28214
20.625212,30,3579.282205
20.539877,30,3581.008623
18.044441,27,3581.008688
20.454542,30,3583.993825
20.454542,30,3585.813731
4.806818,7,3587.380507
20.454542,30,3587.380631
20.454542,30,3587.380653
2.403409,4,3587.38067
20.454542,30,3589.334682
20.454542,30,3589.334758
20.454542,30,3592.17507
20.540869,30,3592.175142
20.454542,30,3594.114121
20.454542,30,3594.114196
20.97157,30,3595.983526
20.454542,30,3597.965117
8.011364,11,3602.993221
20.539877,30,3606.749711
18.409088,28,3611.313199
20.454542,30,3613.197951
5.204237,7,3613.198044
20.454542,30,3615.175174
20.454542,30,3615.175252
20.539877,30,3615.175269
9.728874,13,3615.175284
20.890862,30,3617.983064
20.454542,30,3617.983133
5.603874,8,3619.916261
21.01015,30,3619.916333
20.454542,30,3621.734949
20.454542,30,3621.735034
9.763601,12,3621.735062
20.539877,30,3623.787061
2.0454545,4,3623.787132
19.812885,24,3623.787147
15.209013,18,3626.652926
17.600842,21,3628.550851
20.454542,30,3628.550933
20.454542,30,3630.34785
6.4621215,9,3632.361808
5.6079545,8,3632.361897
16.566967,19,3635.095181
16.006483,20,3635.095254
15.828328,22,3637.046529
20.454542,30,3639.248155
6.136363,10,3639.248259
20.454542,30,3639.24829
8.45231,12,3641.087912
20.57386,30,3645.352423
20.454542,30,3645.352507
20.777193,25,3645.352532
23.832773,30,3648.98091
25.167004,28,3648.980995
20.454542,30,3651.849223
20.454542,30,3651.849329
21.287535,30,3657.657597
20.454542,30,3670.626676
21.730824,30,3674.544001
20.454542,30,3677.045058
20.931814,30,3679.023187
20.539877,30,3680.868309
21.733229,30,3682.738968
20.778513,30,3682.739054
20.57386,30,3685.714212
20.539877,30,3685.714309
20.57386,30,3685.71434
21.017149,30,3687.643633
1.9602091,3,3687.643751
20.454542,30,3687.643778
20.771713,30,3687.643797
20.812496,30,3689.418275
20.454542,30,3691.421053
20.539877,30,3691.421147
21.3319,30,3694.09405
21.017149,30,3695.972224
20.454542,30,3695.972316
20.454542,30,3697.745365
20.539877,30,3697.745455
20.454542,30,3699.49123
20.454542,30,3702.285685
20.454542,30,3702.285764
20.454542,30,3702.285782
15.681815,24,3702.285796
5.9318175,9,3702.28581
20.454542,30,3704.360239
0.98824227,2,3704.360325
3.409091,6,3704.360343
20.545685,30,3708.115869
20.454542,30,3708.115961
20.82408,30,3708.115986
20.454542,30,3712.614532
21.010153,30,3712.614817
20.539877,30,3714.445458
20.625212,30,3721.053653
20.57386,30,3733.07653
20.693178,30,3738.114311
20.540869,30,3740.019055
22.637634,30,3741.868709
21.287535,30,3746.306238
20.964771,30,3748.376376
20.651175,30,3748.376622
21.919334,30,3748.376739
20.693178,30,3750.282832
21.22761,30,3750.282922
20.693178,30,3750.28294
20.57386,30,3750.282955
20.454542,30,3753.048162
20.651371,30,3754.975934
1.655303,3,3757.049288
1.6022727,3,3757.049732
20.454542,30,3757.049891
20.812496,30,3758.844495
21.322742,30,3758.844596
20.454542,30,3761.813995
21.201574,30,3761.814087
20.454542,30,3765.798446
20.454542,30,3765.798512
20.454542,30,3765.798526
20.454542,30,3765.798536
20.454542,30,3765.798545
5.6079545,8,3767.753574
20.454542,30,3767.753671
20.454542,30,3767.753693
8.931818,12,3767.753709
20.454542,30,3767.753742
8.009129,11,3770.264241
20.454542,30,3772.381901
20.454542,30,3772.382155
20.454542,30,3772.382178
15.968141,19,3774.181358
20.454542,30,3776.201313
4.3295455,7,3776.201387
20.454542,30,3776.201402
20.454542,30,3778.835236
20.454542,30,3784.475224
19.959011,21,3792.757403
20.454542,30,3801.106058
20.454542,30,3804.091745
20.454542,30,3812.769356
20.454542,30,3812.769439
21.494427,30,3814.66497
21.375109,30,3816.572383
21.17045,30,3818.446634
20.693178,30,3821.238372
20.57386,30,3821.238519
21.051132,30,3821.238575
21.017155,30,3823.15731
20.931814,30,3823.1574
20.454542,30,3825.104176
20.6592,30,3829.692977
20.6592,30,3829.693054
20.539877,30,3829.693072
20.57386,30,3829.693086
20.57386,30,3829.693098
20.454542,30,3831.604548
20.454542,30,3831.604623
20.454542,30,3831.604639
20.539883,30,3831.60465
20.454542,30,3831.604662
20.454542,30,3833.499686
20.454542,30,3835.353793
20.454542,30,3835.353878
20.540047,30,3835.353896
20.454542,30,3838.171941
20.545685,30,3839.9579
20.454542,30,3839.957985
20.454542,30,3839.958009
20.886234,30,3841.835036
20.454542,30,3847.994804
20.454542,30,3856.113953
10.909089,17,3856.114048
20.454542,30,3864.947576
20.539877,30,3866.615815
20.539877,30,3874.867232
20.976202,30,3874.867495
20.57386,30,3876.885716
20.454542,30,3879.735353
20.454542,30,3881.753947
20.812496,30,3883.587648
20.539877,30,3883.587956
2.403409,4,3883.58806
20.454542,30,3885.59034
20.454542,30,3885.590411
21.692076,30,3888.479854
20.454542,30,3892.23798
20.454542,30,3892.244009
20.454542,30,3892.244321
20.539877,30,3892.244579
21.843142,30,3892.24462
20.454542,30,3893.946667
20.539877,30,3893.946754
20.539877,30,3893.946771
20.454542,30,3893.946784
20.454542,30,3893.946798
20.454542,30,3896.578795
20.454542,30,3898.277665
20.454542,30,3898.277738
8.011364,11,3898.277752
20.454542,30,3898.277762
17.771513,21,3900.068391
20.454542,30,3900.068764
20.539877,30,3901.870484
20.454542,30,3901.870558
20.539877,30,3901.870575
21.095488,30,3904.114418
20.540047,30,3909.705107
6.2556815,10,3912.490927
20.454542,30,3917.907758
8.8125,12,3917.907825
11.167039,14,3920.756722
20.454542,30,3926.313697
20.571642,30,3929.175106
13.572683,17,3929.175369
15.022742,21,3929.175503
19.976057,24,3931.253514
16.565908,23,3939.402127
20.539877,30,3939.402205
14.655518,20,3939.402222
20.539877,30,3941.158703
14.737541,18,3941.158793
5.357763,7,3943.093303
12.3658695,15,3943.093624
20.539906,30,3945.776047
21.007868,30,3945.776134
20.454542,30,3945.776157
20.454542,30,3947.540711
3.2575755,5,3949.407016
7.207992,10,3949.407099
20.454542,30,3949.407124
20.454542,30,3954.057276
4.0056815,6,3954.057366
20.97157,30,3954.057387
9.666666,13,3954.057404
20.454542,30,3956.044289
20.454542,30,3956.044394
20.454542,30,3956.044421
10.164581,13,3956.044444
9.613636,13,3957.94559
18.879465,27,3957.945666
21.726055,30,3957.945684
20.454542,30,3960.088656
20.539877,30,3960.089109
20.454542,30,3960.089233
5.6079545,8,3962.53586
20.454542,30,3962.535942
20.454542,30,3962.535962
7.2102275,10,3964.45093
4.862579,7,3964.451196
20.539877,30,3964.451332
20.929579,30,3964.451459
3.2023268,5,3966.152397
8.369301,11,3968.151236
4.8576126,7,3968.151326
3.2045453,5,3970.868157
6.4068556,9,3972.837981
20.454542,30,3972.838095
10.412536,14,3974.581919
4.0056815,6,3974.582011
12.81818,17,3976.279268
4.8045826,7,3976.279348
4.9716983,7,3979.037988
20.454542,30,3980.872935
11.215908,15,3980.873011
21.48742,30,3980.873029
22.680597,30,3982.684276
16.022724,21,3982.684697
2.403409,4,3987.209752
18.615875,23,3987.210038
9.6114,13,3987.210133
2.403409,4,3988.943725
13.9681425,17,3988.943996
7.121548,8,3990.848497
9.333736,12,3992.669597
11.771717,15,3995.587542
10.487456,13,3995.587614
13.371754,17,3995.587626
4.8045826,7,3995.587636
16.020332,21,3997.453337
15.805383,20,3999.160408
20.873968,28,4000.978432
13.368104,16,4003.983616
16.00202,20,4005.793706
14.760149,16,4005.793788
22.362421,24,4005.793811
12.767076,16,4007.786348
14.565126,17,4007.786418
21.28977,30,4009.385775
12.017044,16,4009.385872
17.576128,22,4012.474901
21.17045,30,4012.474965
21.528406,30,4018.074318
9.102272,14,4018.074747
20.897831,30,4018.074891
21.406853,30,4020.551459
21.960611,30,4020.551543
22.680399,30,4024.080714
21.136467,30,4025.772455
21.409088,30,4038.747389
22.324327,30,4042.38945
21.051132,30,4045.308961
21.051132,30,4045.309054
20.454542,30,4049.179257
20.454542,30,4049.179342
20.81026,30,4049.17936
21.17045,30,4051.18312
20.6592,30,4054.163296
20.539883,30,4056.077298
20.454542,30,4057.933938
20.812496,30,4057.934068
20.454542,30,4057.934115
21.28977,30,4057.934152
20.454542,30,4059.742811
20.454542,30,4062.882575
20.454542,30,4064.665167
20.57386,30,4066.472875
20.454542,30,4068.08433
20.454542,30,4068.088425
20.454542,30,4068.088482
4.806818,7,4070.977411
20.454542,30,4070.977491
20.454542,30,4070.977512
20.454542,30,4072.781705
20.540047,30,4072.781803
20.454542,30,4074.668122
20.890862,30,4074.668211
20.454542,30,4080.948523
20.454542,30,4080.948609
20.454542,30,4080.948632
20.454542,30,4082.844205
20.539877,30,4082.844288
4.8920455,8,4082.844309
20.738724,30,4087.37738
14.999997,23,4087.377466
20.539877,30,4089.195696
8.737427,13,4095.474641
10.964694,13,4097.276664
10.76482,13,4101.268908
20.653387,30,4106.176906
16.863651,23,4106.176965
20.539854,30,4108.176779
20.771713,30,4108.176845
7.568164,10,4108.176858
11.922782,13,4110.014098
20.539877,30,4112.999093
20.454542,30,4112.99947
20.539877,30,4112.99963
20.539877,30,4114.859911
21.248783,30,4116.667169
20.651173,30,4121.283487
20.454542,30,4121.28358
20.539906,30,4121.283604
4.806818,7,4123.113975
21.606737,30,4123.114051
16.167004,19,4123.114069
20.454542,30,4124.950487
5.6079545,8,4124.950572
15.589692,22,4126.582202
20.57386,30,4126.582295
2.403409,4,4129.679252
20.653389,30,4131.540405
20.454542,30,4131.540514
6.409091,9,4131.540549
20.454542,30,4133.392031
16.022724,21,4133.392094
20.539877,30,4133.392108
20.454542,30,4135.250299
20.454542,30,4135.250385
3.2045453,5,4137.979959
20.890898,30,4137.985287
5.6079545,8,4141.77814
23.979502,29,4141.778221
5.6079545,8,4143.488353
20.57386,30,4143.488436
13.619316,18,4143.488452
20.454542,30,4146.264381
13.619316,18,4146.264482
4.0056815,6,4146.264507
10.414772,14,4146.264526
20.454542,30,4149.989089
5.681692,8,4151.689728
21.379465,26,4151.694564
16.294245,20,4154.58029
19.576483,24,4156.366819
20.897831,30,4158.18085
7.2614756,11,4159.884043
4.889827,8,4159.884121
14.16924,17,4159.884135
14.026449,19,4162.745696
20.454542,30,4164.688899
19.405497,26,4164.688988
21.37538,26,4166.750537
15.760447,21,4166.750632
19.769663,23,4168.766196
13.708079,19,4173.744594
22.475952,29,4175.484729
9.630789,15,4177.084574
17.452003,22,4179.800787
22.283617,29,4181.584849
21.733059,30,4185.102165
21.28977,30,4191.689966
22.162579,30,4193.57507
23.554386,30,4193.575154
21.28755,30,4193.575177
21.363506,30,4197.83497
20.931814,30,4199.934442
20.778542,30,4204.385203
20.6592,30,4204.385281
20.454542,30,4206.178416
20.571642,30,4206.178487
20.454542,30,4208.04853
20.454542,30,4208.048631
20.454542,30,4208.048659
12.881072,15,4210.060889
20.454542,30,4212.867214
20.454542,30,4214.747192
20.454542,30,4214.747286
2.1625543,4,4216.650364
20.454542,30,4216.650444
20.454542,30,4218.486678
20.886234,30,4221.152359
20.539877,30,4222.89349
20.539877,30,4222.893573
20.539877,30,4222.893594
12.06818,18,4222.893611
13.755787,20,4222.893627
20.454542,30,4224.988394
20.454542,30,4226.856303
20.539877,30,4226.856397
20.454542,30,4229.584415
20.539877,30,4229.584505
20.539877,30,4231.655337
9.470583,14,4233.600648
12.636451,19,4233.601021
20.539877,30,4235.384326
20.539877,30,4238.148152
20.454542,30,4239.958706
4.5596437,6,4241.947875
8.882913,11,4243.584923
13.765927,18,4243.585017
12.589897,19,4243.585039
16.427158,22,4243.585056
9.082144,11,4246.385357
2.7613456,4,4248.260225
11.083994,13,4250.064414
14.396647,21,4251.845782
22.429386,29,4251.845875
19.832554,25,4251.845897
2.403409,4,4251.845914
6.409091,9,4254.660771
10.98759,12,4254.660855
16.901241,20,4254.660877
13.083994,15,4254.660894
3.2045453,5,4254.660909
20.454542,30,4256.592491
10.957163,12,4256.592577
20.454542,30,4256.592598
7.760149,9,4256.592613
17.126408,20,4258.399559
16.065985,20,4260.07825
8.98944,10,4262.872657
4.0056815,6,4264.642349
21.808222,25,4266.588346
8.567171,11,4266.588444
4.806818,7,4268.389772
20.454542,30,4268.389855
20.886234,30,4271.27652
4.806818,7,4271.276723
9.567001,12,4271.276794
6.409091,9,4271.276858
9.567001,12,4273.156937
20.454542,30,4273.157025
12.010176,15,4274.961362
20.454542,30,4276.764245
8.176244,11,4276.764336
7.766035,10,4276.764352
2.403409,4,4276.764366
20.454542,30,4279.586172
8.567171,11,4279.58626
7.1635923,9,4279.586281
1.6022727,3,4283.36747
9.170437,12,4283.367563
20.454542,30,4285.035113
6.4817743,8,4285.03521
20.454542,30,4285.035238
5.057841,7,4285.03526
14.16924,17,4285.035281
2.5205088,4,4287.980086
13.597395,16,4287.980159
20.454542,30,4287.980171
5.772835,8,4287.980182
9.567001,12,4287.980191
16.282875,18,4289.892555
14.566967,17,4289.89265
20.454542,30,4289.892675
20.454542,30,4289.892694
1.6000372,3,4291.948323
16.964693,19,4291.948415
2.4564393,4,4293.961049
20.57386,30,4296.989326
9.408031,12,4296.989395
20.454542,30,4296.989408
14.566967,17,4302.615802
18.970377,22,4302.615884
20.731361,23,4302.615903
6.571736,9,4305.377074
12.374982,16,4305.377169
5.605719,8,4307.102347
12.374982,16,4307.102435
16.964693,19,4307.102458
8.369301,11,4310.687061
13.604505,16,4313.585714
17.392849,19,4313.585806
3.2045453,5,4313.585828
10.281026,12,4313.585846
15.16924,18,4317.413463
21.970377,25,4317.413767
17.365868,20,4319.344633
13.562882,16,4319.344731
13.172037,17,4324.053008
17.163557,19,4325.884712
11.380789,15,4327.599947
8.8125,12,4331.990329
20.009514,24,4333.699233
24.862528,28,4335.691338
12.88863,16,4338.584405
20.57386,30,4338.598329
20.454542,30,4340.484648
22.96061,25,4342.346577
22.373785,26,4342.346672
21.647724,30,4346.869745
21.762962,30,4350.582837
17.401978,21,4350.582925
21.28977,30,4352.688403
21.409088,30,4352.688485
21.17045,30,4355.656029
11.590907,18,4355.656109
20.57386,30,4355.656127
20.454542,30,4357.567518
20.454542,30,4359.385951
20.454542,30,4359.386039
3.2023098,5,4360.985154
3.2023098,5,4364.145077
20.454542,30,4365.888859
20.454542,30,4365.888945
20.886234,30,4367.753929
20.454542,30,4369.485411
3.2023098,5,4369.485475
20.454542,30,4374.182275
6.4068556,9,4374.182363
20.454542,30,4376.11394
20.454542,30,4376.114001
20.812496,30,4376.11402
20.454542,30,4376.11403
8.8125,12,4378.018049
7.2102275,10,4378.018133
7.207992,10,4380.744752
20.454542,30,4380.744836
11.365874,14,4380.744854
20.57386,30,4382.580352
20.454542,30,4382.580423
2.4011736,4,4384.48465
20.454542,30,4386.357576
20.454542,30,4388.77175
20.539877,30,4390.681135
10.465671,14,4392.756236
20.454542,30,4394.789891
21.01015,30,4397.480277
20.454542,30,4399.446988
4.772727,8,4399.44724
13.371754,17,4401.146369
17.77497,22,4401.14646
8.8125,12,4401.146487
20.454542,30,4401.146508
20.454542,30,4401.146526
20.454542,30,4403.216254
3.2045453,5,4405.944165
20.454542,30,4405.944318
20.454542,30,4405.944359
2.403409,4,4410.051528
20.454542,30,4410.051616
13.27007,17,4411.872103
12.370901,16,4414.089274
19.468885,23,4415.984199
8.977381,12,4415.984285
20.454542,30,4417.80469
16.364841,20,4417.804763
23.138216,27,4422.482842
20.454542,30,4424.514081
10.262114,13,4426.655547
16.373785,20,4426.655971
7.7637997,10,4431.085609
11.167039,14,4431.085702
20.454542,30,4433.17741
12.530263,15,4433.177496
20.539877,30,4433.177517
20.539877,30,4437.256141
20.454542,30,4437.256237
2.403409,4,4439.652416
17.247887,26,4441.454429
20.454542,30,4441.454523
20.454542,30,4441.468
20.454542,30,4443.464709
20.454542,30,4443.464797
10.928074,13,4445.561586
20.454542,30,4445.561671
13.859081,16,4448.267389
17.729126,20,4448.267623
17.885149,20,4448.267753
12.368133,15,4450.279783
20.454542,30,4452.08356
23.765831,26,4454.186535
11.765831,14,4456.888183
20.454542,30,4456.888271
11.526815,13,4458.677071
11.561285,13,4460.581018
20.539877,30,4460.581109
20.454542,30,4465.241173
20.454542,30,4465.246216
20.454542,30,4467.249821
7.375108,10,4469.165002
20.454542,30,4469.165093
6.409091,9,4473.437764
2.5303361,4,4473.437912
20.454542,30,4473.437974
20.539877,30,4475.460707
8.009146,11,4475.463869
20.454542,30,4479.564497
20.454542,30,4479.56458
8.011364,11,4484.335185
20.454542,30,4486.265181
10.964694,13,4488.188828
20.454542,30,4488.189208
13.066966,19,4488.189362
20.454542,30,4490.656726
15.351056,22,4490.656822
12.769311,16,4490.65684
3.2045453,5,4490.656854
15.351056,22,4492.545237
7.2033567,9,4494.577288
11.662068,14,4494.577375
2.403409,4,4496.480779
15.054424,19,4496.481016
20.454542,30,4496.481129
20.454542,30,4496.481231
12.129088,14,4498.964483
2.403409,4,4498.964565
14.078331,15,4500.878943
20.571642,30,4500.879033
20.57386,30,4500.885974
10.414772,14,4503.015303
20.454542,30,4503.015416
20.454542,30,4504.814986
20.454542,30,4504.815362
20.454542,30,4504.815608
7.375108,10,4507.470862
13.209014,16,4507.471885
6.409091,9,4507.47206
20.454542,30,4507.472202
20.454542,30,4509.515951
6.409091,9,4511.384042
20.454542,30,4511.387715
14.373819,18,4511.3878
11.169274,14,4513.171963
20.454542,30,4513.172057
11.765831,14,4519.548641
13.566967,16,4521.434852
21.17045,30,4521.435346
5.1647544,7,4521.43553
11.36811,14,4523.972189
21.169239,24,4525.884811
20.693178,30,4529.659196
12.134773,15,4529.659283
13.603076,17,4532.164963
21.691967,25,4532.165047
13.62878,19,4534.290325
17.771513,21,4534.294806
14.16924,17,4536.157733
16.765831,19,4536.157819
15.084013,17,4536.157839
22.935907,26,4544.718574
12.446468,15,4553.28306
20.931814,30,4559.741141
20.931814,30,4559.74122
20.812496,30,4561.662294
21.248787,30,4563.762295
24.586636,30,4566.588322
20.659195,30,4566.588389
20.454542,30,4568.544473
20.454542,30,4568.544556
20.653387,30,4568.544575
20.454542,30,4570.456249
20.454542,30,4570.456342
21.368101,30,4570.456366
20.454542,30,4572.369842
20.653387,30,4575.147036
20.659172,30,4575.147124
20.454542,30,4575.147147
20.539877,30,4577.18973
20.454542,30,4577.189822
7.7611413,9,4579.177949
16.985453,25,4579.178032
8.10137,12,4579.17805
3.2575755,5,4581.256387
14.993287,22,4583.788988
20.625237,30,4583.789061
20.454542,30,4585.764415
21.328495,30,4585.764621
6.409091,9,4585.764653
20.454542,30,4587.647835
1.278391,2,4592.055922
7.8103104,11,4592.056004
5.0842323,7,4592.056023
17.409178,26,4592.056037
20.454542,30,4593.972507
5.9590135,7,4593.972589
5.726172,7,4593.972607
22.082802,30,4593.972622
3.9590473,5,4595.886475
10.185395,15,4595.88655
20.454542,30,4595.886572
22.713476,30,4595.886591
5.0541134,6,4595.886608
22.719158,30,4597.952382
20.454542,30,4597.952465
10.901242,14,4597.952485
20.625212,30,4600.945959
5.9590135,7,4600.946229
9.567001,12,4600.946365
11.247605,14,4600.946491
3.9590473,5,4602.782198
15.368104,18,4604.77213
2.9592168,4,4604.772211
4.054115,5,4604.776319
1.9602091,3,4604.776362
13.366894,16,4604.776381
1.9602091,3,4606.356503
10.959012,12,4606.356761
13.597395,16,4608.996075
20.850216,30,4608.996147
6.9590125,8,4608.996161
10.362421,12,4608.996172
4.1976533,5,4608.996182
6.76015,8,4610.887293
5.123407,6,4612.884711
7.277194,8,4612.8848
17.628485,22,4614.965022
3.1234238,4,4614.965106
18.991886,26,4614.965126
13.197648,14,4614.965141
3.0541215,4,4617.757158
8.760149,10,4617.757252
7.277194,8,4617.757274
6.9590125,8,4617.757292
9.959012,11,4617.757309
8.959012,10,4617.757325
10.959012,12,4619.564674
19.365868,22,4619.564763
5.9590135,7,4619.564781
4.959018,6,4621.374624
4.959018,6,4621.37481
9.959012,11,4621.37486
18.21916,23,4623.18997
1.7671529,3,4623.190042
1.6022727,3,4623.190056
7.9590125,9,4623.190066
8.054113,9,4623.190074
2.4011736,4,4623.190094
3.3671901,5,4625.687832
10.197648,11,4625.687897
24.310066,30,4625.68791
18.537342,23,4625.68792
9.959012,11,4627.781401
18.855524,23,4627.781486
3.2045453,5,4629.637965
8.054113,9,4631.682901
5.4819436,7,4631.682989
15.959012,17,4631.683011
4.0056815,6,4634.374778
1.6022727,3,4634.374973
11.457522,13,4634.375005
6.5612907,8,4634.375022
4.0034633,6,4636.087999
3.2045453,5,4638.084663
1.6000372,3,4639.851898
9.885154,12,4639.851986
21.362421,23,4639.85201
7.7611723,10,4642.685615
11.561285,13,4642.685707
5.6030917,8,4642.685728
6.163762,8,4642.685749
8.60466,11,4642.685767
15.959012,17,4644.553979
17.959011,19,4644.554072
8.084047,10,4644.554096
4.806818,7,4646.488594
14.959012,16,4646.488678
8.68649,11,4646.488697
16.959011,18,4646.488713
4.0056815,6,4646.488726
24.362421,26,4646.488739
3.1996822,5,4646.488752
15.566967,18,4648.396056
9.765837,12,4648.396136
12.765831,15,4650.973423
7.399963,9,4652.882131
13.161323,15,4652.882211
2.403409,4,4654.779902
14.968142,18,4654.779992
5.6806383,7,4656.560995
5.596221,7,4656.561076
16.765831,19,4656.561098
12.765831,15,4656.561116
6.3624563,8,4656.561131
3.7603533,5,4656.561146
6.6010623,8,4659.578609
3.9590473,5,4659.57882
0.96601653,2,4661.660866
5.7601547,7,4661.660964
1.9602091,3,4663.646376
15.765831,18,4663.646466
9.163559,11,4663.646492
8.360187,10,4665.380087
9.360186,11,4665.380181
10.158695,12,4665.380202
11.282876,13,4665.380219
12.562104,15,4665.380235
5.9590135,7,4665.38025
13.853415,16,4665.380267
1.9602091,3,4665.380282
3.9590473,5,4668.391148
8.924543,10,4668.391236
9.757918,11,4670.282165
3.9894397,5,4670.28224
20.163557,22,4670.282258
10.879467,12,4670.282271
11.360186,13,4670.282284
2.9592168,4,4670.282297
10.760149,12,4672.176483
2.9592168,4,4674.084419
12.799921,14,4674.084483
18.156038,20,4674.084496
7.1234064,8,4674.084507
7.760149,9,4674.084517
5.9590135,7,4676.492388
20.28064,22,4676.492484
1.9602091,3,4676.492505
12.959012,14,4678.286187
3.0541215,4,4678.286279
10.879467,12,4678.286306
10.757918,12,4680.077093
24.765831,27,4680.077178
5.9590135,7,4680.077196
6.9590125,8,4681.896224
1.9602091,3,4681.896315
12.55905,14,4681.896337
7.1976485,8,4681.896354
7.1976485,8,4681.896372
8.054113,9,4681.896388
5.9590135,7,4684.584604
7.0541134,8,4686.504461
0.98938525,2,4686.504524
10.123406,11,4688.280128
19.678368,21,4690.007919
9.959012,11,4692.883801
3.9590473,5,4694.778954
7.9590125,9,4694.779017
12.959012,14,4694.779031
10.959012,12,4694.779041
14.98944,16,4696.644723
9.959012,11,4696.644832
10.277194,11,4696.644863
7.9590125,9,4696.64489
7.9590125,9,4698.496736
11.959012,13,4698.496805
14.98944,16,4698.496819
11.277194,12,4698.496829
11.959012,13,4701.349439
8.8795,11,4703.139191
17.959011,19,4703.1393
21.959011,23,4705.078344
21.959011,23,4705.078423
11.760148,13,4705.07844
11.85525,13,4707.178317
18.959011,20,4709.885416
20.959011,22,4713.69319
3.409091,6,4718.089567
16.959011,18,4719.947939
1.6022727,3,4719.948035
8.011364,11,4721.873701
24.195797,25,4734.979824
15.791952,23,4734.983693
19.885147,29,4734.983723
12.374982,16,4736.782791
6.4068556,9,4738.682628
13.282876,15,4738.682712
20.454542,30,4738.682734
20.454542,30,4740.571824
16.004467,18,4743.498331
20.454542,30,4745.294783
20.454542,30,4745.294853
3.197027,5,4745.294867
8.810265,12,4745.294876
20.454542,30,4745.294886
8.810265,12,4747.069433
20.454542,30,4748.868544
20.454542,30,4751.878833
20.454542,30,4753.658391
7.3879857,9,4755.457683
20.454542,30,4755.457942
3.2045453,5,4755.458078
20.454542,30,4757.251976
20.454542,30,4757.252075
20.454542,30,4757.252098
20.454542,30,4757.252115
20.454542,30,4760.085704
21.360594,30,4760.08578
20.454542,30,4760.085794
21.368101,30,4760.085805
8.003845,11,4762.173759
20.454542,30,4762.173834
20.454542,30,4762.173851
20.454542,30,4762.173868
21.606737,30,4764.079107
3.1996822,5,4764.079175
20.454542,30,4765.971207
5.6079545,8,4765.971298
20.454542,30,4768.575481
6.4068556,9,4770.376704
20.454542,30,4772.378283
9.606117,13,4772.378369
5.600436,8,4772.378389
11.208389,15,4776.664615
5.656122,8,4778.496178
2.4011736,4,4778.496261
7.2102275,10,4778.496282
3.2045453,5,4778.496298
8.128447,11,4778.496312
7.207992,10,4778.496327
15.812258,20,4780.373217
21.874344,30,4780.373288
17.181797,22,4780.373302
18.971193,23,4786.998013
1.6000372,3,4786.9981
10.414772,14,4788.978513
16.536442,21,4788.978576
3.25534,5,4788.978589
3.2023098,5,4790.885285
12.667758,16,4790.885362
20.777193,25,4793.669312
10.799696,14,4795.489236
19.976057,24,4795.48933
20.929579,30,4797.479396
15.57265,19,4797.479486
19.971972,24,4797.479507
17.396694,21,4799.385052
14.369354,18,4802.187518
13.164776,16,4805.891119
21.01015,30,4805.891206
18.174921,22,4807.689749
8.369301,11,4812.276407
12.935116,17,4812.276789
17.970547,21,4816.086326
20.454542,30,4822.27915
20.454542,30,4822.279333
17.968142,21,4822.279401
20.890862,30,4822.279459
20.454542,30,4824.154345
20.539877,30,4824.154419
21.373955,25,4824.154444
16.310108,23,4826.887292
10.111049,13,4826.887371
1.0040901,2,4826.887394
20.625212,30,4826.887412
9.377976,13,4828.68439
21.368101,30,4828.684612
18.90666,25,4830.590623
13.861491,18,4832.404682
16.765831,19,4836.564664
4.5614896,6,4836.564752
2.7613456,4,4838.538036
20.454542,30,4840.652385
4.959018,6,4840.652469
5.9590135,7,4840.652489
9.476895,12,4840.652505
20.454542,30,4840.652521
7.964729,10,4843.539136
12.61253,15,4843.539299
7.964729,10,4843.539361
20.539877,30,4843.539408
3.9590473,5,4843.539457
1.278391,2,4845.473202
19.122717,27,4845.473285
18.594164,26,4845.473304
1.9602091,3,4847.316667
22.400978,30,4849.185157
26.060072,30,4849.185221
17.124105,25,4849.185236
0.96601653,2,4849.185245
10.193985,12,4849.185255
9.561285,11,4852.085543
4.959018,6,4852.08562
21.883972,30,4852.089022
1.0543947,2,4854.056473
11.362421,13,4854.056555
20.818268,30,4854.056573
20.473703,28,4856.14493
21.12965,30,4856.14502
4.959018,6,4856.145041
22.003284,30,4857.97031
3.277229,4,4860.585381
2.9592168,4,4860.585447
7.0541134,8,4860.585462
7.656386,9,4860.585472
4.1976533,5,4860.585482
2.1978035,3,4862.581506
20.900978,26,4862.581607
15.362421,17,4862.581633
3.1234238,4,4862.581651
6.9590125,8,4862.581668
10.047725,11,4864.273203
16.564732,19,4864.273292
3.9590473,5,4864.273315
9.959012,11,4864.273335
9.98944,11,4866.06056
23.677896,29,4866.060644
17.860931,20,4868.73706
2.9592168,4,4868.742356
23.15444,30,4868.742826
1.9251442,3,4868.743072
20.996935,22,4868.743268
7.7905307,9,4868.743452
1.0543947,2,4870.678508
14.788727,16,4870.678582
3.9590473,5,4870.678597
2.0795274,3,4870.678607
2.5660536,4,4870.678616
3.9590473,5,4872.588886
5.362626,7,4872.589009
0.98938525,2,4872.589032
8.98944,10,4874.758753
23.793024,30,4874.758847
9.959012,11,4874.758869
7.9571624,9,4874.758896
1.9894304,3,4874.758912
1.9602091,3,4874.758927
7.9590125,9,4874.758942
14.277194,15,4877.370769
5.362626,7,4879.319422
13.052263,14,4879.319493
4.879502,6,4881.215598
16.561285,18,4881.215771
7.0541134,8,4881.215807
16.998785,18,4881.215832
3.9590473,5,4881.215857
14.959012,16,4882.984314
4.760184,6,4882.984391
2.8517704,4,4882.98441
10.399992,12,4887.073226
5.65662,7,4887.073311
1.1240078,2,4887.07333
4.959018,6,4887.073345
4.000838,6,4887.073359
5.195796,6,4887.073372
7.9205785,9,4888.957596
18.998785,20,4888.957695
12.559224,14,4890.883262
4.0853662,6,4893.745166
9.804714,12,4893.745258
6.5592504,8,4893.74528
4.959018,6,4895.773222
10.760178,12,4895.773311
5.0783367,6,4895.773333
2.9875655,4,4895.773351
14.052263,15,4897.686186
16.203352,18,4897.686274
27.159472,29,4897.686299
1.7905216,3,4897.686317
4.9571686,6,4899.680357
1.9602091,3,4899.680452
12.457522,14,4899.680472
15.018448,20,4902.353878
11.955312,13,4902.35415
8.455294,10,4902.354286
1.9602091,3,4902.354414
18.059803,20,4902.354541
1.9602091,3,4902.354665
7.0522637,8,4904.251491
17.953724,19,4904.251583
5.9571676,7,4904.25161
1.9602091,3,4906.190793
13.758299,15,4906.190869
10.593428,12,4906.190883
15.765956,17,4908.063439
11.684418,14,4908.063734
12.959012,14,4908.063866
10.054113,11,4911.123341
2.7613456,4,4911.133736
3.9590473,5,4911.133813
5.957164,7,4912.960216
17.756449,19,4912.960306
6.9590125,8,4912.960324
4.7579536,6,4914.786777
7.1104646,8,4914.786863
1.9602091,3,4914.786877
14.650632,16,4914.786888
1.9602091,3,4914.7869
4.760184,6,4914.786912
5.9571724,7,4916.686311
3.927465,5,4916.686377
16.582088,18,4919.653192
13.760148,15,4919.653299
4.957168,6,4919.653319
1.278391,2,4919.653335
1.278391,2,4919.65335
9.273495,10,4919.653366
6.9590125,8,4921.61465
1.9602091,3,4921.614884
7.3042603,9,4921.61501
20.950024,22,4921.615125
11.277194,12,4921.615235
6.197649,7,4921.615348
12.760149,14,4923.542999
4.1976533,5,4923.543122
5.1976495,6,4923.543156
1.9602091,3,4925.384208
12.195798,13,4925.384286
4.1234093,5,4925.3843
1.9602091,3,4928.286663
5.4080234,7,4928.28674
8.957163,10,4930.246093
11.760149,13,4932.052269
4.959018,6,4932.052526
28.557585,30,4932.052668
13.998785,15,4932.052797
18.953466,20,4932.052921
8.924542,10,4932.05304
16.760149,18,4932.053154
3.7611759,5,4933.848226
9.757918,11,4936.682412
6.957172,8,4936.682495
6.9590125,8,4936.682516
15.557206,17,4938.481225
7.5652437,9,4940.377427
10.957162,12,4940.37751
7.9590125,9,4940.377527
10.761141,12,4942.369012
10.760318,12,4942.369098
16.959011,18,4942.369122
24.758297,26,4942.36914
15.959012,17,4946.8448
5.6587496,8,4948.737857
6.341017,10,4953.356313
16.885275,18,4953.356399
10.976153,16,4955.378317
14.957162,16,4955.378404
15.760149,17,4955.378426
10.414772,14,4961.785569
3.1996822,5,4963.808426
11.70333,17,4965.779074
4.801955,7,4970.634985
18.723095,26,4981.148967
22.277254,30,4983.082749
22.384855,30,4984.835514
20.886234,30,4987.510231
21.085081,30,4987.510293
20.454542,30,4989.452336
14.412933,19,4989.452422
20.625381,30,4989.452441
2.4011736,4,4989.452455
20.454542,30,4991.487265
2.398546,4,4991.487357
20.454542,30,4991.487379
12.815945,17,4991.487397
2.3959103,4,4993.272333
20.571642,30,4995.999648
20.454542,30,4995.999766
20.57386,30,4995.999784
20.57386,30,4995.999794
1.597429,3,4995.999804
20.454542,30,4997.974652
2.4564393,4,4997.974737
20.454542,30,4999.970622
20.454542,30,4999.970709
20.454542,30,4999.970732
16.821625,22,4999.97075
3.2045453,5,5001.744843
20.454542,30,5001.744927
20.454542,30,5004.391752
20.454542,30,5004.39185
20.539906,30,5004.391873
20.812496,30,5006.257603
20.454542,30,5006.257701
20.454542,30,5006.257724
20.454542,30,5006.25774
1.7167277,3,5008.27846
6.5261736,9,5008.278529
5.6030917,8,5008.278543
16.147415,21,5010.351192
20.454542,30,5010.351276
2.398546,4,5012.909579
7.2053647,10,5012.909651
19.071983,24,5012.909672
19.173117,24,5015.097818
6.409091,9,5015.133915
2.398546,4,5015.13424
20.454542,30,5018.885114
2.4011736,4,5018.885205
7.4921904,10,5021.244751
11.215908,15,5021.244987
8.8125,12,5021.245112
1.6022727,3,5021.245224
8.003845,11,5023.07207
13.290572,17,5023.072255
4.003446,6,5024.914835
8.807637,12,5024.914923
11.089899,14,5024.91495
12.181925,16,5024.914972
21.973822,26,5024.914991
4.0008187,6,5026.879411
2.3959103,4,5029.752178
9.964055,13,5029.752475
13.373989,17,5029.752622
4.806818,7,5029.752755
15.976091,20,5029.752888
2.4011736,4,5031.614208
2.4011736,4,5033.668501
10.767847,14,5033.668591
9.969338,13,5033.668612
14.167606,18,5033.668628
3.2023098,5,5035.745921
15.371555,19,5035.746022
10.414772,14,5037.964403
10.194803,13,5039.857363
3.1996822,5,5039.85745
16.970377,20,5039.857479
1.7167277,3,5041.772032
7.8035226,10,5041.772119
6.7940135,9,5043.646232
3.1996822,5,5043.646313
13.368104,16,5043.646335
8.364438,11,5046.344201
7.5659285,10,5046.344294
10.654551,13,5048.277231
11.206804,14,5048.27732
6.566453,9,5048.277342
17.010149,20,5048.27736
5.8899174,8,5048.277377
12.564732,15,5050.38394
7.5606456,10,5050.384022
20.368923,24,5050.384045
16.968142,20,5050.384062
11.55945,14,5050.384078
21.368923,25,5050.384108
5.997855,8,5052.185759
4.9716983,7,5052.185849
19.063242,22,5052.185874
9.363445,12,5052.185893
7.0842166,9,5052.18591
9.96246,12,5054.503295
17.368103,20,5054.503355
20.769278,24,5054.503367
19.169239,22,5054.503378
1.597429,3,5054.503386
4.806818,7,5054.503394
11.927989,14,5054.503401
2.3959103,4,5056.488014
4.0008187,6,5056.488087
3.321628,5,5056.488105
9.957177,12,5058.255426
6.9573803,9,5060.17636
7.3973355,9,5063.014454
3.2023098,5,5063.01455
8.76363,11,5064.819553
5.27921,7,5064.819709
3.3694255,5,5064.819791
10.564737,13,5066.634012
5.1647544,7,5066.634107
7.362427,9,5068.499511
7.7637997,10,5068.499581
6.9648986,9,5068.499597
9.562139,12,5068.499607
7.3973355,9,5068.499617
16.957176,19,5068.499626
9.15604,11,5071.371189
6.4552884,8,5071.371281
12.858697,15,5071.371302
10.763597,13,5073.336503
7.964729,10,5075.235863
11.158695,13,5075.236008
17.964693,20,5075.236063
13.256424,15,5081.782495
13.163558,15,5085.513426
12.598822,14,5085.513539
1.6022727,3,5088.472989
8.112314,9,5090.381531
15.362421,17,5090.381711
9.126424,12,5092.158629
8.762971,11,5094.368179
11.959012,13,5097.181325
15.065875,19,5099.137022
3.2045453,5,5101.261724
10.407984,12,5101.261822
15.58514,19,5103.171788
20.699896,26,5105.955038
20.964695,23,5109.970593
17.446468,20,5111.7758
20.454542,30,5116.547416
20.454542,30,5116.547496
20.454542,30,5116.54752
20.454542,30,5118.389686
20.454542,30,5118.389766
11.215908,15,5120.28134
20.454542,30,5120.281427
20.454542,30,5120.281451
1.6022727,3,5123.092403
11.199667,14,5123.092478
17.714798,24,5124.983199
1.6000543,3,5124.983284
20.454542,30,5126.962662
18.027174,24,5126.967365
20.454542,30,5128.783694
2.403409,4,5128.78403
4.003446,6,5128.784173
23.435102,30,5128.784288
29.561285,30,5128.784375
10.765832,13,5130.872804
3.2023098,5,5130.872892
20.454542,30,5130.872914
6.5739713,9,5130.87293
12.134773,15,5130.872947
12.065478,15,5132.866909
20.454542,30,5132.866987
20.454542,30,5132.867005
2.4011736,4,5132.867018
20.454542,30,5132.867032
20.454542,30,5132.867045
13.572683,17,5132.867058
14.976261,19,5134.973362
20.454542,30,5134.974598
9.995122,12,5134.974629
18.174921,22,5136.748695
3.1996822,5,5136.748805
20.454542,30,5139.074502
2.398546,4,5139.074597
3.197027,5,5139.074619
7.964729,10,5139.074635
2.5682893,4,5140.983207
16.26434,19,5140.983277
2.4011736,4,5140.983293
2.3989825,4,5140.983306
4.6593237,7,5143.047044
11.860931,14,5144.968843
16.063627,19,5144.968926
1.9602091,3,5144.968951
4.5592537,6,5147.18315
6.9648986,9,5147.183359
6.392891,8,5147.183451
23.275982,30,5149.163907
3.9590473,5,5149.163998
11.765831,14,5149.164018
3.5624819,5,5149.164032
20.937586,30,5149.164047
8.161328,10,5151.085337
7.556429,9,5151.085817
2.1978035,3,5151.086002
12.008426,15,5152.987553
9.15604,11,5152.987684
10.612529,13,5155.853333
7.9590125,9,5155.85343
3.9590473,5,5157.646938
2.9592168,4,5157.647023
2.9592168,4,5157.647043
9.757918,11,5157.647057
4.959018,6,5157.647072
1.9602091,3,5157.647086
1.278391,2,5157.647099
6.7179484,8,5157.647112
4.98944,6,5157.647126
6.9590125,8,5157.64714
14.011075,17,5157.647153
3.2753882,4,5157.647167
0.96601653,2,5161.386654
15.07692,17,5161.386724
5.9571633,7,5161.38674
8.556428,10,5161.386754
3.9571974,5,5161.386765
1.9602091,3,5164.135052
1.9602091,3,5164.135154
1.9602091,3,5164.135184
2.4383488,4,5164.135208
7.275344,8,5166.057925
10.649679,12,5166.058008
4.959018,6,5166.058026
12.959012,14,5166.058042
13.36208,16,5166.058056
13.554578,15,5166.058069
4.1976533,5,5167.98961
15.729129,18,5167.989677
12.357558,14,5167.989694
4.9223156,6,5167.989706
19.566967,22,5169.687551
17.60501,20,5169.687623
5.9590135,7,5172.576993
1.9602091,3,5172.57708
13.959012,15,5174.545254
1.9602091,3,5176.280985
7.9590125,9,5176.281083
2.41598,4,5176.281105
8.959012,10,5178.256453
1.9602091,3,5178.256546
6.996936,8,5178.256571
8.957162,10,5178.256587
7.1635923,9,5181.156826
14.957162,16,5181.1569
1.9602091,3,5181.156918
7.1234064,8,5183.07498
21.962463,24,5183.075056
7.7601495,9,5185.385649
8.760149,10,5185.385734
8.959012,10,5185.385761
8.760149,10,5187.373182
2.9894383,4,5187.373263
7.996555,9,5187.37328
17.790577,19,5189.74137
14.275344,15,5189.74151
23.843184,27,5189.741561
12.054113,13,5189.741603
1.9602091,3,5189.741641
6.9590125,8,5189.741679
3.9590473,5,5189.741724
10.078331,11,5189.741761
11.959012,13,5189.741795
13.957162,15,5189.741825
2.7613456,4,5191.673134
17.790575,19,5191.673225
6.9590125,8,5193.744709
12.760148,14,5193.744791
5.277195,6,5193.744812
1.6022727,3,5195.609853
2.5682893,4,5198.461886
15.959012,17,5198.461982
7.9590125,9,5198.462006
13.957167,15,5198.462023
3.3238635,5,5200.4455
15.959012,17,5200.445591
4.6012125,6,5200.445613
18.959011,20,5200.44563
6.2771945,7,5200.445647
4.806818,7,5202.2809
13.995122,16,5202.280969
11.98944,13,5204.145087
15.922313,17,5204.145175
7.9590125,9,5204.145197
1.6022727,3,5207.048914
13.123406,14,5207.049003
6.9648986,9,5207.049028
6.464852,9,5208.886353
6.9648986,9,5208.886443
9.613636,13,5208.886465
4.0034633,6,5208.886483
11.765831,14,5211.049844
8.163564,10,5212.750533
15.054113,16,5212.750622
19.959011,21,5215.661399
8.977381,12,5215.661489
8.488618,11,5215.661508
0.91561085,2,5217.595883
6.6623497,9,5217.596078
10.368138,13,5217.596146
4.801955,7,5219.548697
7.2583947,10,5221.194869
7.2102275,10,5221.194955
9.170437,12,5224.251867
14.55905,16,5224.251961
9.96671,13,5225.88721
1.597429,3,5225.887295
15.163558,17,5225.887318
9.608772,13,5227.857037
8.009129,11,5227.859844
16.561285,18,5227.859984
3.25534,5,5227.860101
8.810265,12,5227.860121
6.4042277,9,5227.860139
4.801955,7,5229.86032
8.006501,11,5232.485994
7.207992,10,5234.2861
15.771513,19,5234.286189
9.969338,13,5234.28621
1.597429,3,5234.286224
3.197027,5,5234.286238
10.409909,14,5236.106837
16.777227,21,5238.016157
4.0008187,6,5238.016241
9.778517,13,5238.016261
8.009129,11,5238.016276
24.407875,27,5242.392358
15.373791,19,5242.392448
4.7992997,7,5242.392471
10.770474,14,5244.390476
1.6000372,3,5244.39056
3.2023098,5,5244.390582
3.3190005,5,5244.390601
21.413557,25,5246.189327
14.567792,18,5246.189399
15.76665,19,5246.18942
7.6874824,10,5246.189433
8.2907,11,5248.66646
1.6022727,3,5248.666542
20.169239,23,5248.66656
4.1683264,6,5250.569693
6.571736,9,5250.569775
16.98874,22,5250.569793
11.886172,15,5252.536693
17.174921,21,5252.536798
9.192141,12,5252.536828
14.175125,18,5254.492658
10.169444,13,5254.492747
2.403409,4,5256.780504
15.970377,19,5256.780586
11.360591,14,5258.783988
10.169444,13,5260.817281
15.199668,18,5260.817491
15.965514,19,5260.817579
13.206779,16,5260.817657
26.777193,30,5260.817673
5.162519,7,5260.817686
9.480108,12,5260.817699
13.407876,16,5260.817711
4.9716983,7,5260.817723
4.3298044,6,5262.664984
8.057561,10,5265.286613
10.760969,13,5269.068685
8.9307165,11,5269.068766
14.599221,17,5273.565114
17.167004,20,5275.514498
13.566967,16,5275.514581
16.592531,19,5277.275769
11.36208,14,5279.33669
15.959831,18,5283.991311
17.964693,20,5285.848832
22.169239,25,5285.848933
14.999997,23,5307.367536
11.590907,18,5307.367628
20.57386,30,5307.36765
21.051132,30,5307.367706
10.312606,16,5309.275262
20.454542,30,5311.081688
20.454542,30,5311.081789
10.169444,13,5312.986083
20.693178,30,5312.986175
26.020296,30,5315.866603
20.539877,30,5315.866683
20.539877,30,5315.866704
20.454542,30,5317.752449
20.454542,30,5317.752724
18.772814,28,5319.680458
20.454542,30,5319.68055
21.12965,30,5319.686654
2.5228117,4,5321.488015
1.6000372,3,5321.488095
5.559084,7,5321.488112
20.454542,30,5324.489093
20.454542,30,5324.489178
24.429386,30,5324.489202
20.454542,30,5324.489221
20.454542,30,5324.489238
21.764654,30,5324.489256
20.539877,30,5324.489273
20.454542,30,5324.489291
3.6818,5,5326.536215
24.62825,30,5326.53664
2.3959103,4,5328.456115
20.454542,30,5328.456217
6.76015,8,5328.456241
10.161323,12,5333.080896
5.556463,7,5333.080983
23.03734,30,5333.081004
9.987604,12,5334.848063
9.55905,11,5334.84815
12.591713,14,5336.592655
8.556428,10,5336.592762
20.454542,30,5336.59279
4.959018,6,5336.592811
20.454542,30,5338.466932
7.354915,9,5341.352248
5.7601547,7,5341.352332
2.5634325,4,5341.352355
20.454542,30,5341.352376
8.756078,10,5343.374604
12.25779,14,5343.374693
7.554588,9,5343.374712
20.454542,30,5343.374727
2.0772972,3,5343.374743
16.601057,18,5345.147339
3.9965816,5,5345.147427
9.959012,11,5347.091335
11.756068,13,5347.091424
21.055742,30,5347.091445
8.959012,10,5347.091462
9.186467,11,5347.091476
10.87276,12,5349.760348
1.9974614,3,5349.760628
2.5660536,4,5349.760758
12.561285,14,5349.760877
5.1976495,6,5349.760998
6.5592256,8,5349.76112
20.454542,30,5349.761239
8.561285,10,5349.761355
2.5634325,4,5351.680559
7.760149,9,5351.680929
4.760184,6,5353.490827
13.680605,15,5353.491114
1.9251442,3,5353.491204
8.555368,10,5358.078212
8.45266,10,5358.083374
1.9583726,3,5358.083413
15.457523,17,5360.061682
15.567093,17,5360.061763
7.1215563,8,5360.06178
1.7167473,3,5360.061795
19.355713,21,5362.035833
7.87461,9,5362.036353
6.7560697,8,5362.036421
4.760184,6,5362.036463
2.566059,4,5362.036499
14.959012,16,5362.036536
6.7583003,8,5364.088145
15.561455,17,5364.088219
6.5564337,8,5366.766676
11.354909,13,5366.766762
7.554596,9,5366.766778
2.7591155,4,5366.766791
7.7883463,9,5366.766805
5.160674,7,5366.766818
6.9965553,8,5366.766831
10.760178,12,5366.766843
0.96601653,2,5368.691968
1.0508548,2,5368.692065
7.9571714,9,5368.697175
14.193986,16,5368.697266
3.7257817,5,5370.675148
9.258659,11,5370.67524
2.7262807,4,5370.675263
4.591711,6,5372.587014
1.597429,3,5372.587092
13.675747,15,5372.587112
8.760149,10,5374.881962
3.3619134,5,5376.764397
5.356678,7,5376.764485
5.7579246,7,5376.764508
24.197647,25,5376.764526
5.4850836,8,5378.389826
2.7591155,4,5378.389914
3.557625,5,5378.389937
14.351226,16,5378.389952
4.3879766,6,5378.389968
4.524683,6,5380.314087
8.556428,10,5380.334369
10.723449,12,5383.281479
3.7581232,5,5383.281564
3.5997288,5,5383.281586
7.2456255,10,5383.281605
17.561287,19,5383.281622
7.354915,9,5385.098126
1.9602091,3,5385.098222
7.357564,9,5385.098243
3.7952194,5,5386.954227
2.7591155,4,5386.954323
16.758297,18,5386.954347
8.601057,10,5386.954365
8.797686,10,5388.790321
1.9602091,3,5388.790407
9.354909,11,5388.790431
13.521953,15,5388.790449
17.95716,19,5388.790467
12.158695,14,5391.352541
4.959018,6,5391.352829
0.98938525,2,5391.352955
10.357558,12,5391.353068
5.0541134,6,5393.386521
6.5564337,8,5393.386593
3.9590473,5,5393.386616
1.9894304,3,5395.150256
10.123406,11,5395.150345
8.656385,10,5395.15037
20.760147,22,5395.150387
2.9592168,4,5395.150405
8.959012,10,5396.963153
13.757918,15,5400.012892
3.9590473,5,5402.072146
1.9602091,3,5402.077167
9.054113,10,5402.077215
6.2771945,7,5404.254187
8.959012,10,5404.254285
4.959018,6,5404.25431
5.9590135,7,5404.25433
24.757917,26,5404.254348
19.757917,21,5404.254365
10.959012,12,5404.254381
2.9592168,4,5406.070494
15.556428,17,5406.070579
13.959012,15,5408.476911
12.757918,14,5408.476991
11.959012,13,5410.176418
6.9590125,8,5410.176482
17.757917,19,5410.176499
12.98944,14,5412.144915
10.959012,12,5412.144999
4.959018,6,5412.155864
11.98944,13,5412.156045
1.1985551,2,5412.156168
12.959012,14,5414.16838
2.9592168,4,5414.168467
11.959012,13,5416.952303
8.959012,10,5416.95239
9.959012,11,5416.952412
1.9602091,3,5418.864904
12.959012,14,5418.864986
9.98944,11,5418.865004
6.9590125,8,5420.565178
6.9590125,8,5420.565259
8.197649,9,5422.473049
2.0033383,3,5422.473299
11.959012,13,5422.47343
7.9571714,9,5422.473547
4.959018,6,5422.473665
17.054111,18,5422.473778
7.9590125,9,5425.359816
9.959012,11,5427.281632
6.0541134,7,5427.281732
10.761141,12,5427.281756
15.957162,17,5427.281774
6.0541134,7,5427.281791
8.855257,10,5429.267733
18.885305,20,5429.26783
3.9947236,5,5429.267856
8.074635,9,5431.088338
12.959012,14,5434.049088
14.119705,15,5434.049179
20.054111,21,5435.952174
4.0056815,6,5435.952252
19.98574,21,5437.67536
8.758299,10,5437.675452
15.955311,17,5437.675472
1.597429,3,5437.675488
5.8060455,8,5439.45302
19.95531,21,5439.453091
4.003446,6,5439.453114
4.1939306,6,5442.27601
2.757267,4,5444.181873
5.767972,8,5444.181942
1.6000543,3,5444.181954
5.454545,9,5447.724409
7.3710265,10,5447.724464
12.561285,14,5447.724478
1.597429,3,5447.724488
20.920843,22,5450.744387
6.5564337,8,5450.744476
9.657883,14,5450.744498
3.2045453,5,5450.744517
9.763601,12,5452.877885
11.562109,14,5452.877956
6.9590125,8,5454.847584
6.955057,8,5454.847701
15.7583,17,5454.847725
5.7886853,8,5456.616132
13.523943,16,5456.616212
20.959011,22,5456.616232
2.403409,4,5459.336774
22.054111,23,5459.336867
2.398546,4,5459.336889
14.237641,20,5459.336908
6.5739713,9,5463.236334
10.402194,12,5463.236426
5.7653165,8,5465.071193
4.0056815,6,5465.071291
6.7621646,9,5467.835436
3.9981632,6,5467.835519
4.3636184,6,5467.835544
12.189123,14,5469.650845
7.2053647,10,5469.650929
4.003446,6,5469.65095
7.758517,10,5473.452351
9.191751,11,5473.452445
12.054933,14,5473.452467
7.1587296,9,5473.452484
1.6000372,3,5473.4525
21.06439,30,5476.093373
6.0005107,8,5476.093436
10.163558,12,5476.09345
2.3959103,4,5478.278168
20.454542,30,5478.278242
20.539883,30,5478.282137
4.8549857,7,5478.282171
14.959831,17,5480.073837
7.6598806,10,5480.073917
13.760968,16,5481.871094
18.409088,28,5481.87118
1.597429,3,5481.871202
20.454542,30,5484.734468
6.5311556,9,5484.734568
4.003446,6,5486.665464
1.597429,3,5486.667882
20.454542,30,5486.668027
1.597429,3,5488.850071
20.454542,30,5488.850151
11.962459,14,5488.85017
11.858696,14,5488.850185
20.454542,30,5490.891543
13.331399,16,5490.891743
7.0766983,9,5493.356463
10.964694,13,5493.356545
20.539877,30,5493.356565
6.8772316,8,5495.377718
10.659833,13,5495.377783
8.8776655,11,5497.38867
1.7243308,3,5497.388745
13.684051,16,5497.388762
2.800828,4,5497.388773
20.693178,30,5497.388783
8.156045,10,5497.388794
20.571642,30,5499.35836
8.591712,10,5499.358451
10.476877,12,5499.35847
9.161324,11,5501.534097
10.363276,13,5501.543234
5.56132,7,5501.543299
5.1598916,7,5501.543323
14.191751,16,5503.385741
18.965513,22,5503.386007
1.853301,3,5503.386133
2.9967098,4,5503.386157
11.161323,13,5505.152933
9.357558,11,5507.152823
6.559055,8,5507.152922
15.765831,18,5507.152945
5.598849,7,5507.152962
10.163558,12,5507.152983
4.7579536,6,5509.9807
10.357558,12,5509.980786
6.9987855,8,5509.980804
4.7579536,6,5509.980819
2.9592168,4,5511.909396
18.564732,21,5511.909467
9.354909,11,5511.909487
9.964695,12,5513.977268
4.959018,6,5513.97734
13.959831,16,5513.977353
15.765831,18,5513.977363
12.556428,14,5516.24016
4.054115,5,5516.240246
1.9602091,3,5516.240268
3.1234238,4,5518.844999
7.9590125,9,5518.845086
6.9590125,8,5518.845107
9.788346,11,5520.848763
7.1976485,8,5520.848852
13.556428,15,5520.848873
7.9590125,9,5520.848888
10.197648,11,5522.941339
17.158695,19,5522.941419
11.757918,13,5522.94144
10.996554,12,5522.941457
4.959018,6,5522.941472
3.9590473,5,5524.87273
7.0541134,8,5524.872816
4.19534,5,5524.872835
6.1234064,7,5527.056523
7.9590125,9,5527.056619
10.765956,12,5529.078184
7.0541134,8,5529.078251
11.959012,13,5529.078265
3.9875898,5,5529.078275
0.96601653,2,5530.888243
7.7611413,9,5530.888308
1.9602091,3,5530.888323
3.40935,5,5532.736751
3.9590473,5,5532.736869
3.5031393,5,5532.736915
3.5724947,5,5532.736951
17.757917,19,5532.736987
1.9602091,3,5535.84738
8.760178,10,5535.847463
6.9590125,8,5535.847487
6.9571667,8,5537.769753
2.9592168,4,5537.769848
13.197648,14,5539.576325
8.760149,10,5539.579863
9.957162,11,5539.579997
8.959012,10,5541.487018
5.9590135,7,5541.487102
19.760149,21,5541.487124
5.277195,6,5541.487143
6.9590125,8,5541.48716
8.959012,10,5541.487176
4.2772,5,5544.544463
3.9590473,5,5544.544546
1.9894304,3,5544.544567
9.760149,11,5546.37736
11.998785,13,5548.114532
19.95716,21,5548.114597
4.959018,6,5548.114612
3.1976752,4,5550.09349
1.9602091,3,5550.093553
3.9590473,5,5550.093575
5.0541134,6,5550.093585
4.959018,6,5551.98787
19.959011,21,5551.988149
3.9590473,5,5551.98824
3.9590473,5,5551.988313
15.957162,17,5551.988388
8.277194,9,5551.988472
8.959012,10,5554.073316
1.9602091,3,5554.0734
17.989439,19,5554.073416
20.959011,22,5554.073431
25.989439,27,5555.919479
6.9590125,8,5555.919551
6.0541134,7,5555.919571
22.95716,24,5557.877625
3.1976752,4,5557.877717
13.197648,14,5557.877739
4.054115,5,5557.877757
18.959011,20,5557.877772
5.9590135,7,5557.877788
6.0541134,7,5560.599133
10.959012,12,5560.599221
16.959011,18,5562.592577
2.398546,4,5562.592666
3.197027,5,5562.59269
15.123406,16,5564.678051
2.5634325,4,5564.67813
6.8746104,8,5566.584481
2.5660536,4,5566.584558
16.123405,17,5566.584572
3.197027,5,5568.756269
4.0056815,6,5568.756351
1.597429,3,5568.756372
12.98944,14,5570.784935
5.9590135,7,5570.785103
7.561286,9,5570.785121
6.198622,8,5570.785131
2.7613456,4,5570.78514
7.156074,9,5572.843144
8.054113,9,5572.843269
14.959012,16,5574.752249
9.559484,12,5574.752337
4.96418,7,5574.752361
1.597429,3,5577.397106
6.759509,9,5577.399719
21.197647,22,5577.399786
12.959012,14,5577.39982
1.6000372,3,5579.283147
9.556428,11,5581.392678
13.959012,15,5581.392763
12.760149,14,5581.392786
20.959011,22,5581.392803
4.7992997,7,5581.392821
2.398546,4,5583.477135
4.1201367,6,5583.477395
13.957176,16,5586.097776
2.403409,4,5586.09787
18.959011,20,5586.097894
2.3959103,4,5586.097912
5.6079545,8,5586.097929
6.409091,9,5588.060909
8.807637,12,5588.060992
15.790577,17,5588.06101
25.277193,26,5588.061024
1.6022727,3,5588.061038
11.798085,14,5588.061051
16.123405,17,5588.061064
8.562308,11,5589.884151
7.2053647,10,5591.665313
1.6530674,3,5594.475163
8.011364,11,5594.475232
3.1996822,5,5596.36437
12.367463,16,5598.334561
7.202709,10,5598.334672
13.100143,17,5600.185524
4.921273,7,5600.185619
9.611401,13,5600.185644
11.215908,15,5602.962878
4.7992997,7,5602.962956
5.605719,8,5604.868376
8.804981,12,5604.868456
1.597429,3,5604.868475
17.976057,22,5604.86849
14.773527,19,5606.584545
6.4572587,9,5606.584632
2.4011736,4,5608.579196
11.380789,15,5608.579282
8.804981,12,5608.5793
6.404228,9,5608.579316
8.059531,11,5608.579329
4.8045826,7,5611.27909
2.3959103,4,5611.279177
13.969735,18,5613.089652
3.25534,5,5613.089737
10.665795,14,5613.089757
6.4068556,9,5613.089774
21.572649,25,5613.089791
8.969862,12,5613.089805
18.600842,22,5614.969792
13.970378,17,5616.865631
13.764,17,5616.865715
12.572853,16,5619.583706
14.729525,18,5619.583833
11.970411,15,5619.583857
3.9981632,6,5621.372674
2.3959103,4,5621.372751
3.2500572,5,5621.372766
10.564737,13,5621.372779
3.2045453,5,5623.152199
13.965515,17,5623.152282
12.368105,15,5623.1523
4.9239006,7,5624.880298
11.55945,14,5627.834377
7.3675895,10,5627.834831
10.763597,13,5627.835083
6.759509,9,5627.835352
8.7583475,11,5627.835558
8.564936,11,5627.835824
22.174921,26,5629.742409
19.691967,23,5629.742589
7.568164,10,5629.742663
5.7886853,8,5629.742724
11.758313,14,5629.742777
10.36062,13,5631.483033
3.2023098,5,5631.483125
19.769278,23,5633.449417
7.7611723,10,5633.449504
9.96246,12,5633.449522
7.360192,9,5636.258219
9.964695,12,5638.168344
13.564732,16,5640.049658
15.788741,18,5641.786931
8.367065,11,5644.483907
7.3246827,10,5644.48397
10.791396,13,5646.530333
13.161323,15,5646.530414
4.926136,7,5646.530437
6.7670274,9,5646.530456
13.765831,16,5646.530473
4.0056815,6,5646.53049
16.126852,18,5646.530505
8.8125,12,5648.525899
3.2045453,5,5652.856148
1.597429,3,5652.856239
5.6030912,8,5654.67754
14.167005,17,5654.677624
15.164377,18,5658.734798
12.81818,17,5661.177234
10.407254,14,5663.137046
16.998676,19,5663.137142
11.215908,15,5663.141998
2.5634325,4,5663.142046
6.003138,8,5663.142069
3.2023098,5,5663.14209
18.17307,22,5665.014212
12.813318,17,5665.014283
14.533325,18,5665.014299
16.735222,21,5665.014313
6.856117,9,5665.014326
1.7140921,3,5666.948974
13.261362,18,5666.949079
19.576479,24,5666.949109
16.26434,19,5669.751488
5.6541514,7,5669.751603
17.138216,21,5671.675391
2.398546,4,5671.675478
17.373354,22,5673.656159
3.2023098,5,5673.65625
17.777199,22,5673.656273
9.611401,13,5673.656292
16.567787,20,5675.555798
12.603075,16,5678.320701
18.742723,23,5678.320769
4.8045826,7,5680.281914
1.597429,3,5680.282002
9.773654,13,5680.282023
13.766656,17,5682.171814
13.176118,17,5682.171898
7.207992,10,5684.136496
15.168639,19,5684.137169
22.573467,27,5684.137266
17.46665,21,5684.13732
21.573473,26,5684.137369
4.802364,7,5686.846482
8.293332,11,5686.846574
14.170262,18,5686.846601
9.162919,12,5690.755807
7.758517,10,5690.755893
5.956172,8,5690.755911
1.597429,3,5690.755926
1.6022727,3,5690.755939
3.3634777,5,5690.755954
2.403409,4,5692.567775
8.216167,11,5692.567868
6.960036,9,5692.567887
6.3624563,8,5692.567902
22.974207,27,5692.567917
9.009786,12,5692.56793
11.36811,14,5695.547478
2.4011736,4,5695.54757
11.1617565,14,5695.547594
11.854642,15,5695.547614
1.0018555,2,5695.547633
2.5634325,4,5695.547651
10.678772,13,5695.547714
1.9251442,3,5697.314061
7.159517,9,5697.31434
13.615982,17,5699.287981
1.9602091,3,5699.288064
1.9602091,3,5699.288091
12.589876,15,5699.288111
7.5894766,9,5699.28813
1.9602091,3,5701.260587
6.1588993,8,5701.260683
10.962459,13,5701.260705
14.326541,17,5701.260723
21.023718,27,5704.066698
2.9592168,4,5704.066785
3.9590473,5,5704.066808
4.959018,6,5706.047124
15.628291,22,5706.047235
3.9590473,5,5706.047276
8.556428,10,5706.047308
5.277195,6,5707.916716
3.9894397,5,5707.916799
1.9602091,3,5707.916826
6.7883463,8,5707.91684
1.9894304,3,5707.916852
15.406146,18,5709.761413
7.760149,9,5709.761499
4.959018,6,5712.772842
4.959018,6,5714.716661
3.9590473,5,5714.734041
9.123406,10,5716.757539
2.123509,3,5716.757638
3.9590473,5,5716.757661
6.98944,8,5716.75768
4.959018,6,5718.535319
2.1978035,3,5718.535491
15.15423,17,5718.535558
11.959012,13,5721.281978
10.959012,12,5721.282067
5.9590135,7,5721.28209
15.387986,17,5723.138073
12.959012,14,5723.138265
13.998785,15,5723.138336
7.9590125,9,5723.13839
9.959012,11,5725.072181
13.959012,15,5726.845918
8.98944,10,5729.752825
21.362421,23,5729.752906
3.9590473,5,5729.752924
8.959012,10,5729.752939
8.959012,10,5729.752953
7.9590125,9,5729.752966
20.128258,23,5731.55743
13.959012,15,5731.557517
13.959012,15,5731.557538
7.0541134,8,5731.557554
1.1985551,2,5733.473007
5.9590135,7,5733.473101
15.197648,16,5733.473126
7.9590125,9,5733.473145
18.757917,20,5733.473163
11.959012,13,5733.473179
16.959011,18,5735.108811
25.362421,27,5735.10888
7.9590125,9,5735.108894
8.959012,10,5738.056356
5.9590135,7,5738.056437
8.959012,10,5738.056458
4.959018,6,5738.056474
13.123406,14,5738.056491
13.959012,15,5740.09149
7.98944,9,5741.87113
8.277194,9,5741.871203
8.959012,10,5741.871221
3.9572015,5,5743.672425
5.1976495,6,5743.67268
3.9572015,5,5743.672809
6.2771945,7,5746.543639
18.959011,20,5746.553262
12.98944,14,5746.553319
3.7952194,5,5748.397429
4.5566325,6,5748.397521
7.9590125,9,5748.397546
2.0541613,3,5748.397565
5.9590135,7,5748.397583
4.5566325,6,5750.270802
12.98944,14,5750.27108
8.959012,10,5750.271215
8.277194,9,5752.094856
10.054113,11,5752.094924
13.959012,15,5752.100795
6.7208223,8,5752.100857
10.054113,11,5752.100871
3.3645625,5,5754.761308
9.277194,10,5754.761397
4.3561063,6,5754.761417
16.277193,17,5754.761431
7.98944,9,5754.761444
3.5624819,5,5756.657138
8.277194,9,5756.657229
10.277194,11,5756.657253
3.5602462,5,5756.65727
14.959012,16,5756.657288
5.559084,7,5756.657303
10.959012,12,5756.65732
4.3561063,6,5760.474413
8.757918,10,5760.474498
2.3959103,4,5760.474515
14.054113,15,5760.474529
1.6000372,3,5763.083383
10.556428,12,5763.083457
5.9590135,7,5765.252561
4.1612325,6,5765.252649
5.559084,7,5767.078253
9.598949,11,5767.078352
3.197027,5,5767.078377
8.757918,10,5768.891753
8.320434,10,5768.891847
10.554578,12,5768.89187
1.597429,3,5771.860426
2.3959103,4,5771.860515
9.158725,11,5771.860538
4.8527203,7,5771.860556
1.6000372,3,5771.860573
6.559085,8,5771.860602
10.556428,12,5775.365292
11.156039,13,5775.36537
7.2039375,10,5775.365386
22.76015,24,5777.249117
9.077728,11,5777.249195
8.455287,10,5777.249209
8.39996,10,5777.249221
14.357565,16,5779.98958
4.0056815,6,5779.989661
4.0564766,6,5782.100789
7.2102275,10,5782.100848
7.322027,10,5782.100861
19.786495,21,5782.10087
22.959011,24,5782.100878
4.0056815,6,5784.017075
4.9239006,7,5784.033843
12.397695,14,5785.805011
9.559484,12,5785.805097
8.977381,12,5788.706226
7.207992,10,5788.706296
14.161323,16,5790.577386
3.1996822,5,5790.577467
6.409091,9,5790.577487
11.686287,14,5790.577503
16.962458,19,5792.372551
7.202709,10,5792.372638
17.561285,19,5794.192925
8.003845,11,5794.192998
1.597429,3,5797.181314
4.8045826,7,5797.181527
4.8045826,7,5797.1816
8.003845,11,5799.089879
8.009129,11,5801.025089
8.011364,11,5801.025139
10.77271,14,5801.025151
22.19175,24,5801.02516
7.2102275,10,5805.987333
4.8550606,7,5805.987408
4.053924,6,5805.987426
3.2045453,5,5805.987439
2.403409,4,5805.98745
8.011364,11,5805.987462
7.202709,10,5805.987475
5.861213,8,5807.966031
12.405642,15,5807.966117
23.556427,25,5807.966139
16.368923,20,5809.874186
12.331399,15,5809.874257
10.134873,13,5809.874274
3.9981632,6,5809.874286
10.063291,13,5809.874298
13.771519,17,5811.780086
16.567787,20,5811.780146
2.4516358,4,5814.578491
7.9876027,10,5814.578555
14.866614,18,5816.577229
3.385282,5,5816.577319
20.81026,30,5816.577342
7.360192,9,5816.577359
11.391012,14,5816.577376
2.5634325,4,5816.577394
17.799706,21,5816.577411
10.564737,13,5816.577427
5.3879843,7,5816.577443
3.8506887,6,5818.584543
4.361383,6,5818.584637
11.399959,13,5823.219645
9.561285,11,5823.219776
9.55905,11,5825.148235
7.485406,10,5827.114154
10.354909,12,5827.114239
7.757919,9,5827.114267
10.156039,12,5827.114289
18.968142,22,5827.114311
17.763596,20,5833.879322
6.818181,11,5835.672617
11.120532,12,5835.672699
7.4465094,10,5837.48819
11.887839,16,5840.380914
22.40111,25,5840.381009
14.757918,16,5842.472393
11.491889,15,5844.440273
15.760954,19,5846.255113
12.929399,16,5848.97833
26.597395,29,5850.881745
17.757917,19,5850.881839
8.128298,11,5850.881864
17.966295,21,5854.474287
3.9590473,5,5854.474365
10.383674,15,5854.474382
15.53735,20,5859.348536
4.170562,6,5859.348617
16.572649,20,5859.348634
7.362427,9,5859.348647
11.775984,16,5859.348661
15.532498,18,5861.246396
11.455287,13,5861.246474
16.264614,22,5862.970759
4.5614896,6,5862.971027
16.580954,22,5862.971152
15.582797,21,5862.971258
15.308467,22,5865.791543
19.745348,26,5865.813263
13.855524,18,5865.813368
20.90517,24,5867.650945
2.4011736,4,5869.582976
18.668024,25,5869.583042
5.8774076,7,5869.583056
1.597429,3,5869.583066
4.2772,5,5869.583075
4.597097,6,5871.546337
14.247773,17,5871.546421
23.15259,30,5874.583461
17.855524,22,5874.583544
9.362451,11,5874.583562
6.1170964,7,5874.583578
15.957162,17,5874.583593
3.316345,5,5876.477193
1.6022727,3,5876.477285
14.559435,16,5876.477307
2.398546,4,5878.374952
20.454542,30,5878.375043
18.582796,24,5878.375068
12.121556,13,5878.375086
20.454542,30,5880.160709
3.1996822,5,5880.160793
4.0056815,6,5880.160807
16.765831,19,5880.160819
1.597429,3,5880.16083
21.60671,30,5880.160842
4.0056815,6,5883.158625
20.258657,22,5883.158705
14.959012,16,5883.158727
20.4669,27,5885.176996
13.123406,14,5885.177087
8.972518,12,5889.346323
15.123406,16,5889.346414
1.597429,3,5889.346435
4.0056815,6,5889.346452
3.2045453,5,5891.883555
2.4011736,4,5891.883639
11.521953,13,5891.883696
4.0511937,6,5893.769788
9.606117,13,5893.769871
7.2102275,10,5895.614226
8.8125,12,5895.614303
10.414772,14,5895.614322
13.565165,17,5897.46966
5.600436,8,5897.469738
15.362421,17,5900.380694
8.009129,11,5900.380946
10.006192,13,5900.381052
17.959011,19,5900.381142
4.8549857,7,5900.381228
3.2045453,5,5902.253389
3.197027,5,5902.253475
8.011364,11,5904.080147
10.414772,14,5904.080469
10.409909,14,5904.080553
11.380789,15,5904.080617
9.494318,13,5905.880306
9.603899,13,5905.88045
5.7653165,8,5905.88047
2.3974714,4,5908.955119
9.613636,13,5908.955212
10.405844,14,5908.955229
1.6000372,3,5910.935436
8.006501,11,5912.778642
8.288044,11,5912.778721
6.3624563,8,5912.778739
11.398531,14,5914.514003
1.597429,3,5914.514097
3.1996822,5,5917.38343
5.6038747,8,5917.38352
9.161324,11,5917.383543
3.9981632,6,5917.383562
8.009129,11,5917.383579
3.1996822,5,5917.383593
5.6035004,8,5919.364199
2.6827443,4,5919.364285
6.7226286,9,5921.082683
8.564862,10,5921.082779
17.172686,21,5921.082805
1.6022727,3,5922.68159
9.959832,12,5922.681666
20.571642,30,5922.681681
1.597429,3,5922.681692
14.559619,17,5925.689168
18.687881,22,5925.68923
17.771513,21,5927.656171
6.9648986,9,5927.656269
10.3640585,13,5927.656292
4.358755,6,5929.482996
5.318727,7,5929.483083
15.68221,18,5929.483102
23.000805,26,5929.483118
6.156244,8,5929.483135
13.161723,16,5929.483148
19.570799,23,5929.483162
15.36179,18,5934.134631
6.360221,8,5934.135169
7.9571667,9,5934.135396
8.39996,10,5934.135604
11.992887,14,5936.076875
14.442772,18,5937.890945
12.362421,14,5942.493409
15.765831,18,5942.49349
3.3238635,5,5944.382675
3.2045453,5,5944.38276
16.930225,19,5944.382782
11.357558,13,5944.382802
3.2045453,5,5947.977236
1.6022727,3,5950.774445
1.6022727,3,5950.774535
11.215908,15,5954.364856
12.404203,16,5956.293894
5.6079545,8,5959.254282
20.688335,30,5961.159748
10.970581,14,5962.888582
12.81818,17,5964.494518
15.579526,20,5964.494606
7.2102275,10,5964.49463
15.616777,20,5967.34374
10.882919,13,5971.152266
2.3985653,4,5971.15236
20.81026,30,5971.152382
17.138601,21,5972.841469
13.777135,18,5972.841563
4.7992992,7,5975.792451
16.603077,20,5975.792522
6.4015727,9,5977.716151
20.804998,30,5979.677928
23.773762,28,5979.678008
12.504466,18,5979.678025
4.8045826,7,5981.582366
5.600436,8,5981.582437
21.84053,30,5981.582451
20.693178,30,5981.582461
20.571642,30,5984.480862
14.058414,17,5984.480937
20.571642,30,5984.480957
10.403615,14,5986.204553
20.454542,30,5986.204654
3.197027,5,5986.204682
1.597429,3,5988.183168
20.454542,30,5988.183235
1.6000372,3,5988.183254
4.7992997,7,5989.988635
20.57386,30,5989.988717
20.454542,30,5989.988737
20.454542,30,5989.988753
20.454542,30,5992.985411
20.454542,30,5992.985478
4.8549857,7,5992.985492
20.454542,30,5992.985502
20.454542,30,5992.985511
20.454542,30,5992.98552
10.462939,14,5994.907165
2.398546,4,5996.769861
8.530365,11,5996.769947
5.6030917,8,5996.769967
11.57161,15,5996.769981
2.398546,4,5998.47556
19.344198,25,6003.483293
6.5691085,9,6003.483362
8.332,11,6003.483376
4.1864123,6,6003.483387
5.7962036,8,6003.483397
6.0852094,8,6003.483406
4.969463,7,6003.483414
3.3671901,5,6003.483423
4.1630435,6,6005.352882
9.604531,12,6007.076353
4.3561063,6,6007.076444
7.4768825,9,6009.964667
15.16924,18,6011.83591
10.803369,13,6011.836031
21.12965,30,6013.685071
1.9894304,3,6013.685143
17.164377,20,6013.685162
6.559055,8,6013.685178
6.4769115,8,6013.685193
8.360187,10,6013.685209
3.200465,5,6015.374369
23.03734,30,6018.369647
19.169239,22,6018.369819
10.394675,12,6018.369888
5.556463,7,6018.3699
9.385336,11,6020.256276
19.965513,23,6020.256356
12.161323,14,6020.256374
6.75792,8,6020.256389
14.860932,17,6022.180234
16.365868,19,6022.180612
2.9592168,4,6022.180767
3.9590473,5,6022.180893
13.387986,15,6024.036695
1.9602091,3,6024.036803
8.977381,12,6024.036834
17.566967,20,6026.796481
4.959018,6,6026.796556
8.011364,11,6026.79657
0.96601653,2,6028.668689
18.28064,20,6030.676655
8.277194,9,6032.845079
8.975145,12,6032.845177
8.176244,11,6032.845206
12.797686,14,6032.845232
5.9590135,7,6032.845254
8.959012,10,6035.781916
11.866622,15,6035.791848
1.1985551,2,6035.791901
16.55905,18,6035.791917
6.5917125,8,6037.756396
11.123406,12,6037.759677
24.331398,27,6037.759717
3.9894397,5,6037.759734
6.98944,8,6037.75975
7.9590125,9,6039.577731
5.9590135,7,6041.393085
7.4817452,9,6041.393165
6.9590125,8,6041.393185
15.288559,18,6041.393201
10.197648,11,6044.587276
6.9590125,8,6044.587392
10.959012,12,6044.587411
3.9590473,5,6044.587426
1.9602091,3,6044.587439
10.5325,13,6044.587452
16.970377,20,6046.575479
2.5682893,4,6046.57558
13.959012,15,6046.575605
9.98944,11,6046.575621
4.959018,6,6048.36522
10.765832,13,6050.284892
15.959012,17,6050.284983
10.163558,12,6050.285003
2.9592168,4,6055.10094
20.734808,24,6055.101177
27.360186,29,6055.101297
4.99879,6,6055.101408
8.163564,10,6055.101517
12.962459,15,6055.101626
7.9590125,9,6055.101732
8.163564,10,6055.101842
4.959018,6,6056.889863
8.959012,10,6058.660353
3.277229,4,6058.660445
5.9590135,7,6058.660467
17.959011,19,6058.660484
7.9590125,9,6058.660499
12.123406,13,6061.466967
9.959012,11,6061.467045
7.9590125,9,6061.467062
14.959012,16,6063.277076
7.9590125,9,6065.257979
10.123406,11,6067.248149
7.9590125,9,6067.248239
7.1234064,8,6067.24826
14.959012,16,6070.192374
10.760149,12,6070.192447
11.959012,13,6070.192462
2.9592168,4,6070.192473
3.9894397,5,6070.192483
9.197648,10,6071.991989
14.959012,16,6071.992063
6.197649,7,6071.992085
15.457522,17,6071.992101
16.989439,18,6071.992119
5.9590135,7,6075.756272
13.123406,14,6075.756367
1.7649229,3,6078.58116
5.961034,8,6078.581243
13.591713,15,6078.581264
10.054113,11,6078.581281
8.959012,10,6080.347029
6.9590125,8,6080.347123
16.959011,18,6080.347145
10.959012,12,6080.347163
3.9590473,5,6080.347178
3.7581232,5,6080.347193
10.561285,12,6080.347208
3.1976752,4,6080.347222
5.6496806,7,6082.203925
4.5547743,6,6082.204002
12.197648,13,6082.204018
13.123406,14,6084.012169
10.959012,12,6084.012266
4.122764,6,6084.012289
11.959012,13,6086.741301
13.959012,15,6086.741451
3.2023098,5,6086.741504
1.6000372,3,6086.741543
8.955317,10,6086.741581
1.597429,3,6086.741615
5.6030917,8,6088.577241
8.45001,10,6088.577315
14.959012,16,6088.577331
19.959011,21,6088.577343
12.959012,14,6088.577355
9.556428,11,6090.547856
4.003446,6,6090.547939
8.556428,10,6090.54796
8.006501,11,6092.766268
1.597429,3,6092.766355
4.003446,6,6095.474167
22.959011,24,6095.474246
4.8549857,7,6099.082992
2.3959103,4,6099.083214
1.6000372,3,6099.083287
20.989439,22,6100.860828
8.003845,11,6103.368008
9.816589,13,6103.368098
3.2045453,5,6105.213656
9.608773,13,6105.213733
5.7224097,8,6105.213752
10.765191,14,6107.485868
9.964055,13,6107.485936
2.4011736,4,6107.485953
9.773654,13,6107.485967
1.597429,3,6109.403794
8.369301,11,6109.403869
4.806818,7,6109.403891
3.9981632,6,6112.17758
12.771547,16,6112.177671
3.9981632,6,6112.177694
10.56211,13,6113.967583
1.7649229,3,6113.967699
10.726499,13,6113.967722
10.564737,13,6113.967738
12.970383,16,6113.967755
10.564737,13,6113.967769
1.9602091,3,6115.888616
1.597429,3,6115.888698
9.853415,12,6115.888721
11.36811,14,6117.682371
11.566968,14,6117.682467
13.363241,16,6117.682489
9.763601,12,6117.682508
11.765831,14,6120.536169
4.5566325,6,6120.536304
15.965514,19,6120.536344
5.556463,7,6120.536373
20.170057,24,6122.436627
1.7649229,3,6122.43905
15.532498,18,6122.439281
16.970377,20,6122.439471
4.959018,6,6124.337151
1.9602091,3,6124.34387
2.9894383,4,6126.387729
5.556463,7,6126.387817
6.9590125,8,6126.387839
16.365868,19,6129.340268
19.167004,22,6129.340375
11.161323,13,6129.340407
2.9592168,4,6131.366707
20.331398,23,6131.366795
6.9965553,8,6131.366817
11.561285,13,6133.435266
4.959018,6,6133.435343
7.9590125,9,6133.435361
11.757918,13,6135.443166
6.9590125,8,6135.443269
19.760967,22,6135.4433
9.757918,11,6138.104779
7.9590125,9,6138.104853
8.757918,10,6138.104871
5.0541134,6,6138.104884
11.959012,13,6139.899164
10.757918,12,6139.899249
14.589478,16,6139.899275
6.9590125,8,6139.899294
10.757918,12,6141.735129
0.96601653,2,6143.582914
8.959012,10,6143.583006
2.9592168,4,6146.461293
13.757918,15,6146.461379
13.757918,15,6146.461397
12.959012,14,6150.11459
1.9602091,3,6150.114664
9.98944,11,6150.114683
8.98944,10,6150.114697
6.9590125,8,6150.11471
1.9602091,3,6151.86208
13.959012,15,6151.862171
9.123406,10,6151.862195
12.959012,14,6151.862214
5.9590135,7,6154.870224
11.98944,13,6154.870306
10.959012,12,6154.870323
6.0541134,7,6154.870336
11.123406,12,6156.713444
1.0831046,2,6156.713554
12.959012,14,6156.713582
21.556427,23,6156.713603
23.680603,25,6156.713624
9.959012,11,6158.765093
10.959012,12,6158.765177
9.959012,11,6158.765199
16.959011,18,6158.765214
2.7591155,4,6160.454494
14.959012,16,6163.560755
4.959018,6,6163.560849
8.959012,10,6163.560872
4.7579536,6,6165.368109
2.9967098,4,6165.368203
12.959012,14,6167.283641
5.7579246,7,6167.283764
4.5566325,6,6167.283786
0.7989179,2,6167.283801
16.959011,18,6169.160649
7.9590125,9,6169.160894
10.959012,12,6169.161026
19.989439,21,6169.16114
14.959012,16,6169.16125
15.959012,17,6169.161365
5.9590135,7,6169.161479
15.197648,16,6172.016434
7.9590125,9,6173.713728
2.5634325,4,6173.713793
16.054113,17,6173.713806
2.9967098,4,6173.713816
4.5614896,6,6175.562483
6.9590125,8,6175.562896
6.75792,8,6177.293072
8.795064,10,6177.293161
2.3959103,4,6177.293185
13.161327,15,6177.293202
8.757918,10,6177.29322
1.7649229,3,6180.156761
4.4500585,6,6180.156852
17.959011,19,6180.156874
10.123406,11,6181.934719
3.7603533,5,6181.934866
7.076101,8,6183.894793
6.7208223,8,6185.752273
2.5634325,4,6185.752536
15.959012,17,6185.752672
1.9602091,3,6185.752793
12.959012,14,6185.752912
1.597429,3,6185.753028
12.757918,14,6188.515343
17.054111,18,6188.515432
8.98944,10,6188.515461
6.5564337,8,6190.289162
6.0761013,7,6190.289252
19.392849,21,6190.289271
8.757918,10,6190.289288
9.98944,11,6192.259211
1.9602091,3,6192.2593
15.054113,16,6192.259321
13.054113,14,6192.259339
9.450009,11,6192.259354
5.556463,7,6192.259369
16.959011,18,6193.893883
4.586854,6,6193.893965
1.7671529,3,6196.968438
20.959011,22,6196.968565
18.959011,20,6196.968587
7.757919,9,6198.866162
12.879467,14,6198.86625
3.9590473,5,6198.866272
10.757918,12,6198.86629
8.922313,10,6198.866306
2.403409,4,6198.866322
1.1240078,2,6198.866337
3.9590473,5,6202.486791
7.277194,8,6202.486859
6.76015,8,6205.184521
6.409091,9,6205.1846
6.9590125,8,6205.184617
5.360786,7,6206.967681
9.959012,11,6206.967761
2.9592168,4,6206.967781
4.275359,5,6208.865354
14.757918,16,6208.865433
6.9590125,8,6208.865454
5.772835,8,6208.86547
15.556428,17,6208.865485
3.9571974,5,6208.865502
4.5614896,6,6210.690873
10.759304,12,6210.690947
8.790568,10,6210.695364
11.089899,14,6210.695386
15.758472,17,6212.963091
4.756096,6,6214.869078
9.68632,12,6214.869157
12.788727,14,6214.869173
3.9590473,5,6218.88118
3.1976752,4,6218.881248
10.957162,12,6221.786332
23.554577,25,6221.795738
16.758299,18,6223.583692
10.656387,12,6223.58377
14.959012,16,6225.385869
14.760149,16,6225.385938
21.758303,23,6225.385952
11.760148,13,6225.385962
29.95532,30,6229.809359
9.756068,11,6229.809651
7.7641892,10,6229.809751
14.161709,16,6229.809831
14.786878,16,6229.809911
9.407984,11,6229.809988
1.9602091,3,6231.761276
9.955333,11,6231.761357
1.9602091,3,6231.761382
4.8580627,8,6231.7614
5.539909,9,6233.779629
7.6193175,12,6233.779752
6.903517,11,6233.779776
16.572649,20,6235.8348
3.0465775,5,6235.834873
13.98944,15,6235.83489
2.7613456,4,6238.117821
14.184777,17,6238.117888
1.597429,3,6238.117904
2.5660536,4,6238.117916
12.957162,14,6238.117927
6.760154,8,6238.117938
1.7882915,3,6238.117949
6.275345,7,6238.117959
8.186023,12,6239.896225
14.566967,17,6241.861283
17.084139,18,6241.861372
0.7989179,2,6241.861396
4.760184,6,6243.773221
2.3974714,4,6243.773304
5.519321,7,6246.572037
4.5566325,6,6246.572116
7.5545793,9,6248.583816
17.71307,24,6248.584032
9.929537,13,6248.584122
5.355114,7,6248.584137
4.387983,6,6250.449037
4.356944,6,6250.449148
1.8816142,3,6250.449178
8.959012,10,6250.449204
8.357594,10,6250.449228
3.855258,5,6252.683564
4.1630435,6,6252.683634
17.95716,19,6252.683651
6.5564337,8,6252.683713
5.596221,7,6252.683726
3.3619134,5,6252.683737
6.156244,8,6255.216327
8.35491,10,6255.216407
7.357564,9,6257.174962
3.557625,5,6257.175066
10.623893,15,6257.175088
6.617189,10,6257.175119
19.02027,24,6259.372715
15.449059,23,6259.372808
12.559055,14,6259.372831
3.557625,5,6259.372847
2.3959103,4,6261.260682
3.3619134,5,6261.260972
21.34984,28,6263.964438
5.3603907,7,6263.964528
3.557625,5,6265.968276
1.7671529,3,6265.968363
5.556463,7,6265.968381
3.7581232,5,6265.968395
6.75792,8,6268.076979
15.359715,21,6268.077042
12.957167,14,6268.077055
6.75792,8,6269.993649
16.356922,24,6269.993722
9.161324,11,6269.993737
10.45001,12,6269.993749
20.156662,28,6269.99376
3.5944521,5,6269.99377
6.559055,8,6269.99378
3.9223301,5,6272.536154
4.5566325,6,6272.53633
8.996554,10,6272.536397
10.556428,12,6274.582388
8.757918,10,6274.582467
6.795065,8,6274.582489
4.054115,5,6274.582507
5.9590135,7,6276.779594
1.597429,3,6276.780036
11.757918,13,6276.780082
16.764791,19,6278.465837
8.959012,10,6278.465931
10.757918,12,6278.465954
1.7649229,3,6281.234499
6.9590125,8,6281.2346
5.355114,7,6281.234625
4.959018,6,6281.234645
16.651527,18,6281.234664
0.7989179,2,6281.234683
12.593545,14,6281.234703
20.771713,30,6283.252779
4.9223156,6,6283.252868
9.959012,11,6283.252885
11.556428,13,6285.365118
3.7581232,5,6285.365198
13.788346,15,6285.365216
5.7601547,7,6285.365231
7.87461,9,6286.964572
6.7208223,8,6286.964655
1.597429,3,6286.964672
6.795065,8,6286.964687
1.1985551,2,6286.9647
13.757918,15,6289.220077
8.120533,9,6289.220145
7.556429,9,6289.220159
9.651529,11,6289.220169
3.3619134,5,6289.220179
2.5634325,4,6289.220189
9.757918,11,6289.220199
1.597429,3,6289.220208
1.5982071,3,6293.446648
1.6000543,3,6293.446741
5.9571633,7,6293.446764
1.5982071,3,6293.446783
11.959012,13,6293.446799
11.358556,13,6295.272862
3.9246306,5,6295.272964
11.121556,12,6298.097888
10.357734,12,6298.097975
2.7214236,4,6298.097995
2.5634325,4,6298.098011
3.9965816,5,6299.8871
4.7579536,6,6302.060219
8.959012,10,6302.060309
12.85525,14,6302.060328
9.918604,11,6302.060343
10.556428,12,6302.060357
5.7579246,7,6302.060371
6.76015,8,6303.778958
9.556428,11,6303.779038
13.562277,15,6306.386046
12.955312,14,6306.386126
6.8746104,8,6306.386151
4.560082,6,6306.386169
3.40935,5,6308.208967
4.4480944,6,6308.209051
12.552745,14,6310.236819
8.760178,10,6310.236968
5.554613,7,6311.884367
4.564897,6,6311.884447
8.195335,9,6311.884462
3.765991,5,6311.884474
12.758298,14,6311.884485
2.403409,4,6311.884497
8.077473,9,6311.884508
13.365999,15,6311.884519
1.7671529,3,6311.88453
3.9590473,5,6311.884541
16.955313,18,6311.884553
3.2000465,5,6311.884564
12.788699,14,6314.861058
8.593039,10,6314.861137
14.995093,16,6314.861155
13.678368,15,6316.836696
0.8011364,2,6316.836784
13.559055,15,6316.840987
12.562277,14,6318.643129
13.953473,15,6320.386616
2.403409,4,6320.386704
1.6022727,3,6320.386728
3.2045453,5,6323.402423
6.571611,10,6323.402494
7.7887034,9,6323.40251
7.4079847,9,6325.293108
8.201099,10,6329.069
14.959012,16,6329.069081
6.5612907,8,6331.770804
16.557203,18,6331.770889
3.2045453,5,6333.763863
5.9590135,7,6333.763942
9.680603,11,6335.546112
14.701127,20,6340.484406
8.011364,11,6340.484488
12.16701,15,6340.484513
10.412537,14,6340.484531
8.808046,12,6342.406782
7.208009,10,6342.406856
7.995121,10,6344.29009
13.362421,15,6344.29019
11.809205,15,6344.290219
13.167006,16,6344.290241
6.5311484,9,6344.290264
7.0842166,9,6348.771745
9.567001,12,6348.771967
2.4011736,4,6348.772041
20.959011,22,6348.7721
4.857716,7,6348.772159
1.597429,3,6350.736273
6.9648986,9,6350.736434
3.3694255,5,6350.751728
14.920542,22,6352.834427
11.965554,15,6352.834511
2.398546,4,6352.834536
14.77839,19,6352.834556
2.7591155,4,6352.834576
19.11605,27,6354.703313
3.6019642,5,6354.703372
15.170099,19,6354.703389
14.16701,17,6357.484212
0.8568973,2,6357.484281
2.3959103,4,6357.484293
5.355114,7,6357.484303
5.3603907,7,6359.277822
14.761469,22,6359.277916
16.951738,23,6361.346715
10.78874,13,6361.346793
9.96246,12,6361.34681
8.357559,10,6361.346825
2.3959103,4,6361.346838
5.355114,7,6363.370629
5.7579246,7,6363.370716
3.7581232,5,6363.370737
4.5614896,6,6363.370766
4.589475,6,6363.370783
16.714878,24,6363.370797
13.004467,15,6363.370811
9.360186,11,6363.370825
23.514612,30,6366.078693
18.986204,25,6366.07877
18.0317,25,6366.078793
15.129088,17,6366.07881
1.278391,2,6368.084573
7.651529,9,6368.084651
6.5612907,8,6368.084671
5.7579246,7,6368.084686
22.400978,30,6370.049941
18.429388,25,6370.050033
4.7579536,6,6370.050057
5.9590135,7,6371.756559
6.9590125,8,6371.756647
1.9583726,3,6374.485352
1.9583726,3,6374.485418
3.9590473,5,6374.48543
4.794138,6,6374.485441
8.959012,10,6374.48545
7.5930386,9,6374.485459
4.5930734,6,6374.485468
5.0031843,6,6374.485476
4.957168,6,6376.48306
5.7611423,7,6378.488881
6.2753444,7,6378.489214
1.278391,2,6378.489321
8.959012,10,6380.183256
13.760149,15,6380.183338
10.760178,12,6382.849029
11.0761,12,6382.84915
5.9571676,7,6382.849187
8.996554,10,6382.849211
7.9571624,9,6382.849232
3.1976752,4,6382.849254
3.9590473,5,6382.849274
3.9590473,5,6384.774388
7.790576,9,6384.774466
3.9590473,5,6384.774483
10.197648,11,6386.714074
13.959012,15,6386.714142
1.9602091,3,6386.714157
6.2771945,7,6388.614021
5.9590135,7,6388.614359
8.959012,10,6388.614546
10.123406,11,6388.614736
9.760148,11,6388.614913
1.1240078,2,6391.357749
12.957162,14,6391.358019
8.757918,10,6391.358136
5.9590135,7,6393.264179
6.9590125,8,6395.07222
4.959018,6,6395.072311
1.1985551,2,6395.072337
1.9602091,3,6396.937654
6.197649,7,6396.937771
12.757918,14,6399.598863
5.9590135,7,6399.598944
13.277194,14,6399.598968
25.354908,27,6399.598985
6.9590125,8,6399.599001
17.959011,19,6399.599017
4.2772,5,6399.599031
6.9590125,8,6401.514222
5.98944,7,6401.514296
16.959011,18,6403.544213
13.959012,15,6403.544312
3.1976752,4,6403.544339
17.760149,19,6403.544362
1.1985551,2,6405.581728
9.959012,11,6405.581813
14.277194,15,6405.581836
9.959012,11,6405.581854
1.9602091,3,6405.581871
8.123406,9,6405.581888
4.1234093,5,6405.581903
12.959012,14,6408.058106
4.959018,6,6408.058239
10.959012,12,6408.058266
13.959012,15,6408.058286
9.277194,10,6410.148488
12.959012,14,6410.148585
11.959012,13,6410.148614
8.123406,9,6412.064476
4.959018,6,6412.064566
3.1234238,4,6412.06459
5.9590135,7,6413.93649
6.9590125,8,6413.943824
5.9590135,7,6416.488038
11.959012,13,6416.488113
7.0541134,8,6416.488131
12.959012,14,6418.714273
3.0541215,4,6418.714374
9.123406,10,6418.714398
8.277194,9,6418.714417
0.96601653,2,6420.613391
5.123407,6,6420.613475
5.9590135,7,6420.613492
13.959012,15,6420.613505
9.959012,11,6422.276447
10.277194,11,6422.276789
4.9571724,6,6424.712759
2.9195397,4,6424.712835
14.959012,16,6424.712857
8.959012,10,6424.712874
7.9590125,9,6424.712889
17.959011,19,6424.712905
22.989439,24,6424.712921
1.7649229,3,6424.712936
8.959012,10,6426.569431
5.123407,6,6426.569525
4.959018,6,6426.569549
8.054113,9,6428.414109
1.597429,3,6428.414201
7.9590125,9,6428.414227
2.5988455,4,6428.414249
4.959018,6,6428.414268
4.959018,6,6430.279003
10.959012,12,6430.279088
1.9602091,3,6430.279106
5.277195,6,6430.27912
3.9572015,5,6430.279135
1.597429,3,6430.27915
3.9572015,5,6430.279163
1.597429,3,6433.186581
12.959012,14,6433.186644
11.959012,13,6433.186658
8.959012,10,6433.186671
10.959012,12,6433.186682
14.123406,15,6435.352907
4.5592537,6,6435.352998
11.277194,12,6437.349577
12.959012,14,6437.349665
1.597429,3,6437.349687
3.197027,5,6442.089873
4.959018,6,6442.08997
6.4068556,9,6444.083202
4.003446,6,6444.08329
15.959012,17,6444.083314
16.959011,18,6444.08333
9.0761,10,6446.047802
8.959012,10,6446.047888
8.561285,10,6446.047905
8.054113,9,6446.04792
6.4015727,9,6448.14646
11.959012,13,6448.146551
9.87461,11,6448.146576
12.959012,14,6448.146595
4.0008187,6,6450.987911
8.009129,11,6450.987999
4.8045826,7,6450.988023
4.9716983,7,6450.988043
6.5208907,9,6452.857634
7.589867,10,6452.857721
1.597429,3,6452.857745
3.197027,5,6452.857763
4.8045826,7,6452.85778
8.957182,11,6456.57882
10.805604,13,6456.578902
4.806818,7,6459.557382
2.4011736,4,6459.558
11.357558,13,6459.572008
4.003446,6,6461.260036
15.757918,17,6461.260123
11.211045,15,6463.157242
10.660512,14,6463.157327
12.760968,15,6463.157345
7.202709,10,6465.172072
0.91561085,2,6465.172154
11.57161,15,6469.879351
29.959011,30,6469.879441
1.6504337,3,6471.773471
2.398546,4,6471.773556
4.8045826,7,6471.773573
19.357557,21,6473.776991
18.885149,21,6473.777063
3.197027,5,6473.777075
2.398546,4,6473.777084
8.006501,11,6476.57687
18.55905,20,6476.581182
5.605719,8,6476.581234
15.772534,20,6476.581256
10.767847,14,6476.581274
11.215908,15,6478.449185
11.266703,15,6480.29223
7.203129,10,6480.2923
12.799705,16,6482.302038
9.611401,13,6485.06867
11.211437,15,6485.068759
3.2023098,5,6485.06878
11.613327,15,6485.068797
5.277195,6,6487.115463
5.7579246,7,6487.115716
8.924719,12,6489.087996
7.7883463,9,6491.014004
18.49087,22,6491.014268
2.403409,4,6494.057261
15.574663,20,6494.057348
4.0056815,6,6494.057371
9.054113,10,6496.035507
2.6566675,4,6496.035776
18.368103,21,6496.03591
7.766035,10,6496.036035
11.824789,17,6496.036167
16.772366,21,6496.036295
21.068922,25,6496.036424
18.377264,23,6497.891615
7.568164,10,6497.891739
3.656434,5,6497.891764
20.57081,25,6497.891782
18.267786,22,6499.854548
6.5739713,9,6502.576539
10.776218,15,6502.576613
1.6000543,3,6502.57663
9.662068,12,6502.576644
4.170562,6,6504.583499
8.9647,11,6504.583567
3.390564,5,6504.583582
14.779989,20,6504.583592
23.817892,28,6506.59012
2.7613456,4,6506.590204
1.278391,2,6506.590227
0.96601653,2,6506.590243
10.968351,14,6508.645614
12.803753,15,6508.645708
8.56494,11,6508.645731
4.760184,6,6508.645749
7.362427,9,6511.175479
1.0508548,2,6511.175566
6.5612907,8,6513.064604
8.054113,9,6513.064677
6.5612907,8,6513.064696
14.419354,18,6514.913933
4.2772,5,6514.914021
1.7649229,3,6514.914043
22.986208,29,6514.91406
19.554577,21,6514.914077
6.75792,8,6514.914093
4.98944,6,6514.914109
8.360192,10,6516.742484
5.1976495,6,6516.742806
13.163558,15,6516.74285
16.048506,21,6516.742881
4.054115,5,6519.483584
14.526815,16,6519.483719
10.598827,12,6519.483747
2.5634325,4,6519.483764
1.9602091,3,6519.483782
9.957167,11,6519.483797
12.2011,14,6519.483812
7.9590125,9,6521.479043
5.355114,7,6521.479132
5.556463,7,6521.479157
1.7140921,3,6523.45031
9.959012,11,6523.450403
1.7882915,3,6523.450426
6.9590125,8,6523.450446
11.760149,13,6525.388605
2.5634325,4,6528.34929
4.959018,6,6528.349386
8.556428,10,6530.161716
6.197649,7,6530.1618
8.922313,10,6530.161819
15.591713,17,6532.168168
7.9590125,9,6532.168254
10.054113,11,6534.087952
7.9571667,9,6534.088052
23.419348,27,6534.088075
8.35491,10,6534.088093
6.559055,8,6536.576092
7.556429,9,6538.378825
5.6587496,8,6538.378904
10.959012,12,6540.283861
18.407984,20,6540.283927
15.959012,17,6540.283941
10.959012,12,6540.283951
9.790577,11,6542.26717
7.2053647,10,6542.267263
5.6030917,8,6542.267287
9.659147,13,6544.972631
4.003446,6,6544.972709
2.398546,4,6544.972726
7.207992,10,6544.97274
12.357558,14,6544.972754
8.931818,12,6544.972768
1.597429,3,6548.899968
19.959011,21,6548.900046
14.959012,16,6548.900064
12.017044,16,6550.780392
7.207992,10,6550.780481
3.2045453,5,6550.780503
10.765191,14,6550.780519
13.959012,15,6550.780535
14.959012,16,6553.444722
11.375926,15,6555.251946
10.77271,14,6557.098297
8.361782,11,6557.098366
9.664535,13,6557.09838
7.563301,10,6558.88786
11.132552,14,6558.887929
9.363445,12,6558.887944
13.36647,17,6558.887955
12.771547,16,6561.801162
11.1617565,14,6561.801227
8.361782,11,6561.801241
17.959011,19,6563.709128
7.530864,10,6563.709208
5.965891,8,6565.63501
8.398522,11,6565.639801
8.562308,11,6567.38451
3.1996822,5,6567.384588
10.326133,13,6567.384605
7.1635923,9,6570.08202
13.965515,17,6570.082086
13.771519,17,6570.082101
4.6515374,6,6570.082112
11.256824,14,6570.082123
6.354944,8,6570.082133
10.56211,13,6571.836015
2.403409,4,6571.836126
10.566973,13,6571.836163
9.275359,11,6571.836198
12.487423,15,6571.836233
2.9592168,4,6575.564307
4.5592537,6,6575.564422
11.158695,13,6578.363891
7.55905,9,6578.363979
3.5602462,5,6580.15393
15.564732,18,6581.897981
5.6079545,8,6581.898068
12.368105,15,6581.898091
4.358755,6,6583.861478
10.156039,12,6583.861568
9.959012,11,6583.861588
5.556463,7,6586.381922
3.2045453,5,6586.38201
11.964694,14,6586.382033
17.564732,20,6586.382051
7.5935464,9,6586.382067
10.579653,14,6588.264035
4.959018,6,6588.264118
12.388814,14,6589.960324
17.161322,19,6589.960614
1.7671529,3,6589.960751
7.652861,9,6589.960874
20.562103,23,6591.873471
9.959012,11,6591.873553
19.198467,21,6591.873569
9.015453,12,6591.87358
9.98944,11,6591.873592
1.6022727,3,6594.58977
1.9602091,3,6596.561926
12.161707,14,6598.503524
6.161532,8,6598.503609
3.3927941,5,6600.377409
18.174921,22,6600.377489
3.1234238,4,6600.377506
12.396687,15,6600.377517
3.2045453,5,6603.085271
13.968148,17,6604.857635
10.000795,13,6604.857715
17.57265,21,6604.857733
11.964694,14,6606.707092
22.379465,27,6606.707152
10.362421,12,6606.707166
15.959012,17,6606.707176
11.052263,12,6606.707185
8.407984,10,6608.574231
20.0761,21,6608.574296
10.959012,12,6611.260817
9.362421,11,6613.286981
12.078331,13,6613.287069
3.1976752,4,6613.287092
9.197648,10,6613.287111
4.000838,6,6615.187615
7.760149,9,6615.187722
3.2023098,5,6615.187743
4.969468,7,6615.187758
20.561285,22,6616.966363
3.5602517,5,6616.966455
6.9590125,8,6616.966475
4.3587613,6,6619.435374
6.7621703,9,6619.435493
1.6000372,3,6619.435528
10.164587,13,6621.65233
12.656386,14,6621.652414
4.7579536,6,6621.652433
26.572649,30,6621.652448
13.591713,15,6621.652462
4.7950907,6,6623.357361
10.680603,12,6623.357453
9.556428,11,6623.357472
13.020315,18,6623.357488
3.1997015,5,6623.357501
3.2023098,5,6624.885783
3.197027,5,6624.885854
10.767854,14,6627.849555
2.398546,4,6627.849634
2.4011736,4,6627.849651
5.2818375,7,6627.849663
2.5204918,4,6627.849674
1.597429,3,6627.849684
1.597429,3,6627.849695
1.6471453,3,6629.792358
21.964693,24,6629.792448
1.597429,3,6629.79247
21.054111,22,6629.792487
18.775978,23,6631.674901
11.253802,13,6631.675139
11.593545,13,6633.57093
17.702087,23,6633.571007
19.197647,20,6633.571026
1.6530674,3,6633.571039
12.354909,14,6636.140643
2.3959103,4,6636.140729
1.597429,3,6638.045266
9.959012,11,6638.045355
6.5208907,9,6639.856333
3.2023098,5,6639.85642
13.959012,15,6639.856439
4.7992997,7,6639.856454
21.772728,26,6639.856468
1.597429,3,6641.86504
8.192095,11,6644.571989
7.3728724,10,6646.369838
4.0056815,6,6646.369919
10.965718,14,6646.36994
4.2037725,6,6646.369958
6.5691085,9,6646.369973
11.799704,15,6648.260809
11.57161,15,6648.260902
18.959011,20,6648.260925
8.7583475,11,6653.048917
8.7583475,11,6653.049278
4.0008187,6,6653.049408
11.164412,14,6653.04952
9.567001,12,6653.049638
6.9303274,9,6653.049754
11.993285,15,6653.049868
9.758319,12,6654.973032
2.5894222,4,6654.973123
1.7649229,3,6654.979732
11.455687,14,6656.856816
6.1269555,8,6656.856906
11.55945,14,6656.85693
6.129191,8,6656.856949
2.3959103,4,6656.856965
3.3619134,5,6656.856981
11.877631,14,6656.856997
8.526815,10,6658.734364
4.5614896,6,6658.734452
1.7649229,3,6658.734472
8.561285,10,6658.734487
1.7882915,3,6658.734502
15.002232,17,6658.734516
0.9258228,2,6661.605619
11.729126,14,6661.605898
6.390613,8,6661.606002
5.7950687,7,6661.606079
8.992886,11,6663.762829
5.7950687,7,6663.762917
6.559055,8,6663.762938
3.9965816,5,6663.762954
1.9894304,3,6663.762969
16.164377,19,6663.762985
10.559455,13,6663.763
21.286324,24,6665.583297
12.763596,15,6665.583392
3.1976752,4,6665.583415
10.163558,12,6667.287521
4.959018,6,6670.274358
1.7671529,3,6670.27444
6.354944,8,6670.274457
6.9590125,8,6670.274472
26.277193,27,6670.274486
6.5564337,8,6672.188654
5.98944,7,6672.188744
7.55905,9,6676.152928
7.1234064,8,6678.951084
9.556428,11,6678.951175
12.959012,14,6682.991117
5.965891,8,6682.991191
5.9590135,7,6685.096793
10.959012,12,6685.09686
19.354908,21,6685.096873
1.6022727,3,6685.096883
14.720822,16,6687.216513
13.054113,14,6687.216602
3.2045453,5,6687.216636
14.996554,16,6688.873625
10.98944,12,6688.873708
8.8125,12,6688.873728
6.409091,9,6690.725121
13.959012,15,6690.725187
7.2102275,10,6690.725198
13.277194,14,6690.725206
3.0541215,4,6690.725214
11.215908,15,6692.584583
10.169444,13,6692.584656
12.959012,14,6692.584669
14.959012,16,6692.584677
2.4591699,4,6695.481732
10.98944,12,6695.4818
1.6022727,3,6697.182569
14.959012,16,6697.182655
4.0056815,6,6697.182678
16.959011,18,6697.182693
15.959012,17,6699.083258
3.7603533,5,6699.083346
15.771513,19,6699.083365
11.805603,14,6699.083378
16.572649,20,6701.25271
4.9716983,7,6701.252801
4.760184,6,6703.952493
9.004471,11,6705.747421
8.129091,10,6705.7475
2.2773986,3,6705.747518
5.9245434,7,6707.734726
11.36811,14,6707.734805
9.959012,11,6707.734822
1.1985551,2,6709.371305
6.9590125,8,6709.371394
21.197647,22,6709.371418
1.7649229,3,6712.334764
18.612421,22,6712.335059
18.368103,21,6712.335219
16.866613,20,6712.335361
10.964694,13,6712.335503
9.959012,11,6714.191147
1.9602091,3,6714.191432
10.597394,13,6714.19156
22.66775,26,6716.05257
5.9590135,7,6716.05265
11.561285,13,6716.052671
7.879467,9,6716.052689
19.362421,21,6716.052701
8.392849,10,6716.052715
7.9590125,9,6718.056657
9.959012,11,6718.056743
5.9590135,7,6720.934691
3.1234238,4,6720.934838
10.054113,11,6720.934881
1.9602091,3,6722.618388
10.959012,12,6722.618451
9.2753525,10,6722.618466
1.8497318,3,6722.618478
11.959012,13,6724.734348
5.794133,7,6724.734598
2.8512197,4,6724.734694
13.964694,16,6724.734785
2.9573765,4,6724.73487
2.757267,4,6724.734956
5.649666,7,6724.73504
0.9258228,2,6726.580382
5.9571633,7,6726.580481
14.765956,16,6726.580508
2.5642135,4,6726.580528
2.7613456,4,6729.636023
17.192137,19,6729.636178
6.1234064,7,6729.636234
2.7591155,4,6731.555325
3.9590473,5,6735.27073
9.55458,11,6735.270821
11.875387,13,6735.270842
8.556428,10,6735.270859
1.9602091,3,6737.960215
5.1976495,6,6737.960301
4.959018,6,6737.96032
20.959011,22,6737.960335
16.760149,18,6737.96035
18.962843,21,6737.960363
6.5564337,8,6739.585567
3.9590473,5,6739.585634
7.5637507,10,6739.585649
5.556463,7,6739.585662
7.355753,9,6739.585673
9.788346,11,6739.585684
2.2773986,3,6741.634382
5.1976495,6,6741.634446
13.567092,15,6743.986398
18.054111,19,6743.99172
16.75929,18,6746.498481
14.358557,16,6746.498567
3.1234238,4,6748.367112
22.197647,23,6748.367195
17.959011,19,6750.369384
11.756069,13,6750.36948
10.761752,13,6752.368294
16.758299,18,6752.368383
11.757918,13,6752.368402
9.662585,13,6755.291883
6.924543,8,6755.291969
12.0761,13,6755.301826
1.9602091,3,6757.365055
8.65909,13,6757.365133
5.9590135,7,6757.365153
7.5030847,9,6757.365169
6.9590125,8,6757.365183
10.142044,15,6759.172857
9.277194,10,6759.172941
7.207992,10,6759.172957
4.054115,5,6759.172972
5.9590135,7,6761.133963
9.959012,11,6763.786572
9.778517,13,6763.786638
16.959011,18,6763.786652
5.1572423,7,6765.678455
1.8816142,3,6765.67854
6.756062,8,6765.678558
7.98944,9,6765.678572
8.702413,13,6765.678586
5.7927556,7,6767.550164
11.959012,13,6767.550247
5.7579246,7,6769.565531
15.052249,16,6769.565627
10.757918,12,6769.565653
2.7572908,4,6769.565672
1.7269592,3,6772.173184
11.878441,14,6772.173261
1.7671529,3,6772.173279
15.760149,17,6772.173292
2.5660536,4,6772.173306
22.95716,24,6772.17332
1.9583726,3,6772.173333
6.9590125,8,6772.173345
1.597429,3,6774.041547
6.5564337,8,6774.041701
6.519306,8,6774.041732
17.376411,22,6774.041757
15.562278,17,6774.041787
5.9571633,7,6774.04181
9.959012,11,6775.917027
16.95716,18,6777.857203
4.6541643,6,6777.857291
2.7591155,4,6777.857314
4.2772,5,6780.784275
3.3927448,5,6780.78434
1.853301,3,6780.784353
9.55458,11,6780.784363
1.597429,3,6780.784373
7.1564703,9,6782.535067
16.955313,18,6782.535139
11.075462,13,6784.55185
4.959018,6,6784.551922
3.9590473,5,6784.551945
8.320525,10,6784.551961
6.5564337,8,6784.551978
7.076101,8,6789.535448
6.0056458,8,6789.535793
5.9590135,7,6789.535996
15.756068,17,6789.536201
7.757919,9,6789.536409
15.35121,17,6791.371956
18.109198,24,6791.372044
4.7579536,6,6791.372066
5.7208247,7,6793.416742
8.959012,10,6793.416811
8.357929,10,6795.257433
16.455292,18,6798.164979
16.156038,18,6798.165067
3.0541215,4,6798.165086
11.959012,13,6799.980942
6.75792,8,6799.981008
14.407984,16,6799.981022
10.654151,12,6799.981032
5.9590135,7,6799.98104
19.557205,21,6801.791826
13.197648,14,6801.791906
7.568164,10,6801.791925
4.959018,6,6801.791939
11.771717,15,6803.751945
13.760148,15,6803.762998
1.278391,2,6806.740381
9.731363,12,6806.740474
9.805607,12,6806.7405
3.9590473,5,6808.402475
13.355747,15,6808.402546
3.9894397,5,6808.402561
10.959012,12,6808.402574
12.123406,13,6808.402585
9.959012,11,6808.402596
7.362427,9,6808.402607
0.96601653,2,6808.402619
11.885149,14,6810.47459
2.123509,3,6810.474776
8.959012,10,6812.453954
4.959018,6,6812.454049
3.9590473,5,6812.454072
1.1985551,2,6812.454091
5.9590135,7,6815.172451
12.959012,14,6815.196137
2.123509,3,6815.196321
5.9590135,7,6816.961915
9.959012,11,6816.961993
7.1976485,8,6816.96201
10.959012,12,6816.962024
1.9894304,3,6816.962038
14.959012,16,6818.815711
8.959012,10,6818.81578
7.9590125,9,6818.815795
6.9590125,8,6823.81498
5.9590135,7,6823.815069
5.9590135,7,6823.815092
1.9602091,3,6823.81511
2.0541613,3,6823.815126
7.1976485,8,6823.815142
2.9592168,4,6823.815157
13.959012,15,6825.574623
6.9590125,8,6825.574711
4.959018,6,6825.574733
19.277193,20,6827.462489
16.52458,18,6827.462587
1.1985551,2,6827.462608
15.959012,17,6827.462626
8.959012,10,6829.273594
2.1978035,3,6829.273673
21.368103,24,6829.273693
1.9602091,3,6829.273707
3.277229,4,6832.190598
1.9602091,3,6832.190677
7.9590125,9,6832.190698
4.959018,6,6832.190716
16.054113,17,6832.190732
5.9590135,7,6832.190749
17.962458,20,6832.190764
15.123406,16,6833.876314
1.9602091,3,6835.753719
7.9590125,9,6835.753798
11.959012,13,6835.753815
1.9602091,3,6837.560479
12.054113,13,6837.560562
12.959012,14,6837.560582
1.9602091,3,6837.560598
5.9590135,7,6837.560612
6.1234064,7,6837.560626
2.123509,3,6840.588945
3.9590473,5,6840.589021
5.123407,6,6840.589037
9.277194,10,6840.589047
1.9602091,3,6842.548303
6.9590125,8,6842.548408
6.1234064,7,6844.490732
1.9602091,3,6844.490818
18.760149,20,6844.495437
4.2772,5,6846.434691
2.9592168,4,6846.435187
13.123406,14,6846.435255
9.959012,11,6846.435308
2.9592168,4,6849.281627
10.054113,11,6849.281711
6.9590125,8,6849.281733
9.959012,11,6851.192151
9.98944,11,6851.192239
1.597429,3,6851.192263
19.959011,21,6851.192282
3.2753794,4,6851.1923
4.1976533,5,6851.192317
5.9590135,7,6853.17506
17.959011,19,6853.175155
6.9590125,8,6853.175174
5.554613,7,6853.175189
16.959011,18,6853.175203
15.959012,17,6854.990759
3.9572015,5,6854.991648
10.959012,12,6854.991734
1.9602091,3,6854.991752
3.3619134,5,6854.991764
10.054113,11,6854.991778
20.123405,21,6857.879112
5.957164,7,6857.879194
19.197647,20,6857.879216
10.959012,12,6857.879232
12.959012,14,6857.879249
3.7603533,5,6857.879265
10.959012,12,6857.879281
10.98944,12,6857.879295
7.7560687,9,6860.011525
1.6022727,3,6860.01159
5.8746157,7,6861.937193
2.3993287,4,6861.937275
3.9981632,6,6864.046865
3.855258,5,6864.046949
4.959018,6,6864.04697
12.050413,13,6866.589132
7.7883463,9,6866.589197
12.050413,13,6866.589214
2.403409,4,6866.589228
6.4005365,9,6872.777458
9.757918,11,6872.77755
13.754219,15,6872.777573
11.556428,13,6875.097438
4.801955,7,6875.097526
7.2102275,10,6876.976154
6.4068556,9,6878.857577
8.009129,11,6885.696487
9.606117,13,6885.713487
9.606117,13,6885.713538
4.806818,7,6889.465665
12.014809,16,6892.068989
12.017044,16,6892.069082
10.539464,14,6892.069103
18.959011,20,6892.06912
6.409091,9,6892.069137
14.415589,19,6892.069154
15.371588,19,6892.069169
16.959011,18,6894.076755
13.781961,18,6894.076821
10.603022,14,6896.065198
10.77271,14,6896.065278
11.573846,15,6896.065297
17.576302,22,6897.771991
13.572683,17,6900.452277
17.887962,22,6900.452372
15.973856,20,6900.452394
18.214693,22,6904.26274
12.572853,16,6906.0687
10.005525,13,6906.068788
16.771513,20,6908.87393
16.80194,20,6908.874018
20.973822,25,6910.649848
14.566967,17,6910.649941
19.572649,23,6912.482005
20.688335,30,6914.356096
20.454542,30,6919.253266
20.454542,30,6919.253355
20.818268,30,6919.253378
19.572649,23,6921.175319
9.458858,14,6921.175399
11.914851,18,6923.100666
3.9298947,6,6923.10076
9.909151,15,6923.10079
5.367933,8,6923.100813
10.457977,15,6923.100833
9.173945,13,6925.744208
18.457832,23,6925.7443
11.219376,16,6925.744321
13.4290285,19,6925.744337
11.094166,15,6927.813664
9.02001,13,6927.813774
12.537349,17,6929.908261
11.219372,16,6929.908338
7.179095,9,6929.908354
6.9052,10,6929.908367
10.173724,14,6929.90838
4.1976533,5,6931.775254
9.003456,11,6931.775325
10.537581,15,6931.77534
1.597429,3,6931.775351
13.314234,18,6934.802273
14.900956,20,6934.802364
16.21916,21,6936.885754
3.9223301,5,6936.885837
16.582767,22,6939.087883
2.398546,4,6939.087954
9.446442,12,6939.08797
5.556463,7,6939.087983
7.9590125,9,6939.087994
5.98944,7,6941.004345
13.446468,16,6941.00441
2.4011736,4,6941.00443
6.7560697,8,6941.004443
15.128258,18,6943.668648
7.9590125,9,6943.668742
20.041504,26,6945.66544
19.90095,25,6947.835532
6.9590125,8,6947.835769
6.4572587,9,6949.857496
23.628222,30,6949.857566
15.277194,16,6949.857584
13.795064,15,6952.814553
12.054113,13,6952.814642
2.403409,4,6952.814662
8.003845,11,6952.814678
7.202709,10,6954.804697
4.926136,7,6956.648594
12.959012,14,6956.648675
2.4011736,4,6956.648692
13.959012,15,6956.648706
14.959012,16,6956.648717
1.597429,3,6958.67169
8.8125,12,6958.671775
3.1996822,5,6961.383313
8.807637,12,6961.383394
10.577417,14,6963.387268
3.2023098,5,6963.387356
8.810265,12,6963.387378
8.455734,11,6965.314398
10.770474,14,6965.314474
12.370119,16,6965.314493
1.6022727,3,6965.314507
19.554577,21,6965.314521
6.28308,8,6965.314534
10.331415,13,6967.180365
8.564936,11,6967.180434
5.8899174,8,6967.18045
10.164581,13,6967.180461
3.1996822,5,6967.18047
5.7705994,8,6969.953498
10.391012,13,6969.953582
11.192149,14,6969.953603
5.605719,8,6971.780812
15.371555,19,6971.780892
16.200485,20,6971.780915
4.0511937,6,6973.464764
2.403409,4,6975.452676
2.403409,4,6978.236253
3.2045453,5,6978.236345
15.365869,18,6980.175815
16.169239,19,6980.175909
16.970377,20,6980.17593
17.161722,20,6981.796067
7.2102275,10,6981.796139
10.412537,14,6981.796156
5.6079545,8,6981.796168
4.806818,7,6983.876345
13.729126,16,6983.876407
9.613636,13,6986.65467
15.57265,19,6986.655039
2.403409,4,6992.183307
9.613636,13,6994.914004
10.412537,14,6994.93457
4.0056815,6,6994.934649
4.806818,7,6994.934671
5.6637154,8,6994.93469
16.565126,19,6996.850876
3.2023268,5,6996.855852
15.17272,19,6996.856007
12.96552,16,6996.856129
15.098982,19,6996.856153
15.367086,19,6996.856173
12.012573,16,6998.784966
10.731361,13,6998.785164
12.980831,17,6998.785248
12.372752,16,7000.751196
8.369301,11,7000.751277
14.772505,18,7000.751294
8.174008,11,7005.114596
11.970411,15,7005.11469
4.6012125,6,7006.945669
3.656434,5,7006.94576
16.172691,20,7006.945781
15.57265,19,7006.945803
9.579544,14,7008.989193
10.964694,13,7008.989255
14.769284,18,7008.98927
6.5739713,9,7013.659142
5.6079545,8,7013.659232
7.362427,9,7013.659255
20.570414,24,7015.516384
13.413664,16,7015.516459
2.403409,4,7017.566765
15.566967,18,7017.566843
6.464852,9,7017.566861
1.1985551,2,7017.566876
9.561285,11,7020.550123
8.561285,10,7020.550215
20.411322,24,7022.453
20.939352,25,7022.453089
16.193985,18,7022.453113
9.964695,12,7022.453133
5.6079545,8,7024.344465
7.1976485,8,7024.344545
4.8019743,7,7024.344568
9.613636,13,7026.190527
20.294239,24,7026.190608
27.37155,30,7028.480377
10.964694,13,7028.480464
3.2045453,5,7030.346105
4.8598485,7,7030.346185
2.4011736,4,7030.346207
15.457522,17,7030.346223
4.806818,7,7032.356975
7.2027087,10,7034.3138
11.760149,13,7034.313891
5.9590135,7,7034.313924
15.566967,18,7034.313949
15.360571,17,7037.114861
16.022724,21,7039.014782
13.619316,18,7042.748607
19.859081,22,7042.748693
17.959011,19,7045.414418
12.959012,14,7045.414512
22.446468,25,7045.414536
20.656385,22,7047.365523
20.812496,30,7049.361407
5.7272725,8,7051.417318
14.98944,16,7051.417396
15.221588,20,7051.417414
12.81818,17,7053.952554
14.959012,16,7055.879799
10.414772,14,7064.173176
4.003446,6,7064.173269
20.82954,27,7064.173289
4.8598485,7,7066.073729
11.215908,15,7066.073814
19.280298,25,7066.073832
18.431606,26,7076.713974
18.631935,26,7079.356181
22.037382,30,7081.287642
21.606922,30,7085.31535
20.548704,27,7088.145279
23.631695,30,7088.14535
21.832794,29,7088.145367
21.2053,30,7088.145381
21.026794,28,7088.145394
21.860987,29,7088.145406
22.057222,29,7089.990211
21.749994,28,7089.990289
14.420452,19,7091.974986
20.688335,30,7094.24179
9.608773,13,7094.241916
1.597429,3,7094.241959
20.693178,30,7094.241995
20.571642,30,7096.483944
24.031849,30,7098.382644
12.017044,16,7098.382722
1.597429,3,7100.289371
23.669739,30,7100.289589
20.454542,30,7102.053832
14.44644,17,7102.053919
4.090909,7,7102.053942
22.431812,29,7104.994705
2.4011736,4,7104.994972
1.6022727,3,7104.995097
20.454542,30,7106.987988
20.454542,30,7108.981508
20.454542,30,7108.98157
21.625814,28,7108.981583
20.454542,30,7108.981593
2.4011736,4,7110.820355
20.454542,30,7110.820428
1.9602091,3,7115.567569
20.454542,30,7117.555245
20.454542,30,7119.551831
20.780672,26,7119.551919
19.981771,25,7119.551942
10.414772,14,7123.798425
8.8125,12,7125.796198
20.454542,30,7127.622959
4.003446,6,7127.623028
11.215908,15,7130.42242
16.013783,21,7132.420955
8.807637,12,7134.416573
19.576014,25,7134.416677
6.4526606,8,7136.481408
2.4011736,4,7136.48149
11.211045,15,7136.481509
20.454542,30,7140.964455
20.454542,30,7142.776518
4.5963492,6,7142.77661
19.783077,25,7144.572414
4.0056815,6,7147.548409
4.1234093,5,7147.548508
15.215298,20,7147.548532
13.219167,18,7149.65071
12.189123,14,7149.6508
24.194885,30,7149.650825
20.454542,30,7151.380394
21.645489,30,7151.3805
17.982933,23,7151.380519
11.380789,15,7151.380533
24.981108,30,7151.380545
20.355522,28,7153.116054
22.719158,30,7153.116439
17.658678,24,7153.119341
21.523544,30,7153.119481
8.0761,9,7153.11961
1.9602091,3,7153.119783
5.9590135,7,7155.952993
17.181797,22,7155.953084
13.158695,15,7157.814185
17.821432,23,7157.814278
24.017843,30,7157.814308
10.556428,12,7157.814332
17.578363,22,7157.814354
5.0541134,6,7157.814377
3.9590473,5,7157.814398
9.959012,11,7159.819091
16.203331,18,7161.759794
21.276567,27,7161.759888
20.924295,30,7164.156174
4.959018,6,7164.156268
9.959012,11,7166.170103
2.403409,4,7166.17019
3.9590473,5,7166.170209
5.9590135,7,7166.170224
8.197649,9,7168.056374
20.57386,30,7169.861981
4.0056815,6,7169.862062
4.959018,6,7172.41562
9.959012,11,7172.415743
8.959012,10,7174.493919
2.0454545,4,7174.494001
8.011364,11,7176.448271
9.959012,11,7176.448359
10.195335,11,7176.448383
23.944237,28,7176.448401
4.0056815,6,7176.44842
9.98944,11,7181.186573
24.656385,26,7183.143371
12.980825,17,7183.143493
13.959012,15,7183.143537
10.288763,13,7185.186558
6.409091,9,7185.186646
7.207992,10,7186.934038
16.054113,17,7186.934171
14.760178,16,7186.9342
14.277194,15,7189.585268
17.785797,23,7191.467175
4.5681815,7,7191.467247
17.955313,19,7193.415213
16.380661,21,7193.415282
16.578533,21,7195.285649
4.0384026,6,7195.28574
13.568603,17,7198.045452
0.98938525,2,7199.913746
3.5434985,6,7199.913818
16.020338,21,7199.913835
4.959018,6,7199.913848
26.176516,30,7199.91386
15.455567,20,7199.913872
10.245387,13,7201.845862
17.216904,22,7203.596603
1.0831046,2,7203.596815
10.578252,14,7206.241492
5.454545,9,7206.241589
8.856787,11,7206.241609
14.492271,18,7208.149425
7.773503,11,7208.149518
1.597429,3,7209.937488
5.1976495,6,7211.953008
7.9590125,9,7211.953094
17.834751,23,7214.871046
14.360994,18,7214.871124
5.7583084,7,7214.871142
13.215578,16,7214.871156
2.4515762,4,7216.844263
9.444625,12,7216.84435
11.083994,13,7218.735387
2.403409,4,7218.735897
9.095382,13,7220.670357
15.126408,18,7220.670455
9.955313,11,7223.582757
19.535492,24,7223.58284
4.806818,7,7223.582861
3.197027,5,7225.479254
20.454542,30,7225.479321
6.409091,9,7225.479335
20.454542,30,7227.38134
1.597429,3,7229.156544
2.4011736,4,7231.879745
13.98944,15,7231.879826
20.454542,30,7231.87984
9.776281,13,7231.879849
6.881483,9,7233.886367
20.454542,30,7233.886456
25.771513,29,7233.88648
6.997103,9,7235.681859
10.799696,14,7235.681946
3.1996822,5,7235.681964
20.454542,30,7237.74521
15.959831,18,7237.745305
7.8587046,10,7237.745331
9.162919,12,7237.74535
20.659195,30,7240.688196
2.525473,4,7240.688277
9.562139,12,7240.688298
0.9258228,2,7240.688315
6.9573803,9,7240.688329
20.539877,30,7240.688344
7.9624934,10,7240.688359
5.1967187,7,7242.701465
5.7705994,8,7242.701548
10.564737,13,7242.701568
2.5634325,4,7242.701585
0.98938525,2,7244.559533
5.4023485,7,7244.559623
1.9894304,3,7249.076022
9.562139,12,7249.0761
10.566973,13,7249.076117
16.763994,20,7249.07613
21.883972,30,7249.076143
4.924546,6,7249.076154
3.9590473,5,7251.010928
7.5935464,9,7251.010991
18.385948,26,7251.011005
3.9590473,5,7251.011015
1.9894304,3,7251.011025
4.959018,6,7251.011033
20.401018,29,7251.011041
15.46097,18,7251.01105
6.1234064,7,7253.098388
8.362422,10,7253.098457
17.310074,24,7253.098474
8.561285,10,7254.766039
8.591712,10,7254.766128
7.8530197,9,7254.766149
1.9602091,3,7259.252542
7.9590125,9,7259.252625
3.9590473,5,7259.252644
13.860932,16,7259.252658
23.790802,30,7261.081728
5.277195,6,7261.081807
4.959018,6,7261.08183
2.9592168,4,7262.780707
3.9590473,5,7262.78078
10.959012,12,7265.590471
6.98944,8,7265.59055
9.757918,11,7265.590575
9.959012,11,7267.517498
15.360186,17,7267.517581
6.9590125,8,7267.517602
7.9590125,9,7269.466436
1.9602091,3,7269.466521
12.277194,13,7269.466538
3.9590473,5,7269.466553
3.9590473,5,7269.466566
7.9590125,9,7269.466578
8.959012,10,7269.466591
21.962458,24,7269.466604
8.959012,10,7271.346657
9.197648,10,7271.346742
7.9590125,9,7271.346759
4.959018,6,7271.346775
8.959012,10,7271.346789
4.959018,6,7273.947464
15.959012,17,7273.947571
1.9602091,3,7273.947608
11.054113,12,7275.837242
1.9602091,3,7275.83733
10.98944,12,7275.837347
3.9590473,5,7275.837407
3.1976752,4,7277.749968
7.1976485,8,7277.75006
10.054113,11,7277.750083
18.959011,20,7279.651835
1.9602091,3,7282.256378
20.123405,21,7284.244455
1.9602091,3,7284.244688
19.959011,21,7284.244812
6.9590125,8,7286.217636
20.959011,22,7288.040775
4.806818,7,7288.040864
8.98944,10,7290.956556
8.959012,10,7290.956645
6.409091,9,7290.956666
9.957162,11,7290.956682
8.959012,10,7290.956698
8.277194,9,7292.987716
6.1234064,7,7292.987795
17.054111,18,7292.987815
11.98759,13,7294.888283
3.2045453,5,7294.88835
13.959012,15,7294.888366
16.054113,17,7296.765373
10.277194,11,7299.548044
4.0056815,6,7301.60296
11.959012,13,7301.603032
10.414772,14,7301.603046
24.959011,26,7303.549138
2.403409,4,7303.549231
17.959011,19,7305.261624
12.017044,16,7305.261713
21.95716,23,7307.814288
19.959011,21,7309.844114
13.959012,15,7309.844213
1.7215909,3,7309.844238
18.959011,20,7311.713316
18.95716,20,7311.713419
8.011364,11,7313.651128
18.959011,20,7313.651215
1.6022727,3,7316.384266
18.123405,19,7316.384337
18.277193,19,7316.384351
8.8125,12,7318.308015
12.983061,17,7318.30808
13.2932,17,7320.285049
9.170437,12,7320.285126
18.979706,24,7321.996035
11.771717,15,7321.999728
12.017044,16,7321.999772
12.769707,16,7324.961229
15.21472,19,7324.961309
8.5326,11,7324.961328
7.2102275,10,7324.961343
16.774992,21,7324.961359
13.771519,17,7326.778351
14.373819,18,7328.784534
12.333634,15,7328.784625
4.3636184,6,7330.57301
8.9647,11,7333.188124
12.763981,15,7333.188192
18.578335,23,7335.09041
9.567001,12,7335.090504
7.879467,9,7335.090529
14.419354,18,7337.084157
9.362421,11,7337.084247
14.713311,18,7338.985588
7.7637997,10,7338.985674
18.822756,23,7341.859211
12.602064,16,7341.859513
11.161327,13,7341.85965
13.167006,16,7345.844553
22.339315,26,7347.64627
15.612528,18,7350.368217
16.198952,23,7353.97736
9.227361,14,7353.977427
7.0470405,10,7355.744838
4.7662206,7,7355.744925
6.539734,9,7358.560751
27.373785,30,7358.561012
19.561285,21,7360.49707
10.336258,14,7360.497155
15.3003645,21,7360.497178
1.9602091,3,7362.387881
13.219167,18,7362.38796
14.184693,19,7364.188464
1.9602091,3,7367.056892
2.9592168,4,7367.056978
16.70027,22,7367.057002
13.2648535,19,7367.057021
10.9293995,14,7367.05704
4.2772,5,7368.956691
15.185074,21,7368.95678
10.795248,13,7368.956804
12.810071,16,7368.956821
21.653496,30,7368.956837
11.446468,14,7368.956854
10.859921,13,7368.95687
14.855524,19,7368.956885
3.9590473,5,7371.092853
5.9590135,7,7371.092919
9.128264,12,7371.092932
16.792645,23,7371.092942
8.760149,10,7371.092951
0.98938525,2,7373.079951
7.362427,9,7373.080043
17.628252,24,7373.080065
14.219161,19,7373.080081
7.9590125,9,7373.080098
1.9602091,3,7373.080114
14.537342,19,7375.665003
3.9590473,5,7375.665083
19.900978,25,7375.665101
16.992119,22,7375.665115
2.0541613,3,7375.665129
15.929395,19,7377.738605
3.9590473,5,7377.738754
3.9590473,5,7379.558135
1.1985551,2,7379.558226
21.037573,27,7381.28288
4.98944,6,7381.282946
3.1976752,4,7381.282959
15.054113,16,7381.28297
5.9590135,7,7381.282979
2.9592168,4,7381.282989
8.959012,10,7381.282998
19.249588,24,7383.953392
22.275976,30,7383.953475
6.197649,7,7383.953497
4.1976533,5,7383.953516
3.9590473,5,7385.899282
7.078331,8,7387.773185
6.9590125,8,7389.562899
4.959018,6,7389.563168
1.278391,2,7389.563303
4.959018,6,7392.287593
4.1976533,5,7392.287683
3.9590473,5,7392.287699
2.9592168,4,7392.28771
4.1976533,5,7394.168577
5.277195,6,7394.168659
6.1234064,7,7396.002203
10.959012,12,7396.005468
10.959012,12,7397.780141
11.959012,13,7397.780233
5.9590135,7,7397.780256
1.9602091,3,7397.780275
7.1976485,8,7397.780292
15.561285,17,7397.780308
14.959012,16,7400.496109
12.959012,14,7400.496196
3.9590473,5,7401.787734
11.959012,13,7401.787804
11.959012,13,7401.787821
15.362421,17,7401.787833
11.959012,13,7401.787845
14.054113,15,7401.787856
9.959012,11,7402.886197
14.123406,15,7402.886284
3.9590473,5,7402.886309
15.959012,17,7402.886329
3.9590473,5,7404.015751
9.959012,11,7404.015843
