#{"t_start": 1774950764.3353643, "env_id": "None"}
r,l,t
1.597429,3,6.345559
2.792487,4,7.857795
2.7591155,4,7.857925
2.1647727,4,7.857945
2.8490164,4,7.85796
2.757267,4,7.857973
2.4011736,4,7.857984
2.5634325,4,7.857996
2.7661605,4,7.858007
3.6068835,6,11.136629
4.760184,6,11.136745
4.9571776,6,11.136766
4.7561126,6,11.136781
4.6912436,7,12.571172
5.648863,7,12.571397
4.444798,7,12.571418
5.358592,7,12.57143
1.7649229,3,12.571443
5.160261,7,12.571454
5.5683722,8,14.271899
6.953466,8,14.272007
7.0034404,9,16.063572
8.054113,9,16.063667
6.609654,9,16.063682
7.9555764,9,16.063692
3.0491812,5,16.063701
2.0541613,3,16.06371
7.7665224,10,17.921783
6.925155,10,17.926627
1.6000543,3,19.568261
8.720251,11,19.5684
7.3424115,11,19.56843
7.2556415,11,19.568455
4.651289,7,19.568477
3.595473,5,21.324427
1.7649229,3,21.324768
8.973875,13,23.019643
5.8738446,7,23.020123
1.0508548,2,24.739925
2.7613456,4,24.740054
4.1234093,5,24.740079
10.236722,15,26.368585
2.6012802,4,26.36872
11.256055,16,28.100571
12.289596,16,28.100695
7.4502864,10,28.100721
2.4011736,4,29.619588
11.587691,17,29.619742
14.987337,17,29.619775
15.354794,17,29.619798
10.197423,12,31.381864
7.6533594,11,31.381979
5.684272,8,31.381999
2.6012802,4,31.382014
5.7668886,9,31.382029
13.544951,19,33.02515
4.9553156,6,33.025295
3.2023098,5,33.025336
5.09261,8,33.025359
15.288102,19,33.025377
3.4001958,5,34.699169
14.382736,20,34.699583
1.8003644,3,34.699744
3.6508596,5,36.379653
3.7863147,5,38.069745
9.557849,11,38.069863
12.581856,15,38.069882
15.221784,22,38.069895
4.3684335,6,38.069908
2.3993435,4,39.737816
13.960255,17,41.277147
14.893005,20,41.277906
13.313918,17,41.278105
8.730747,12,41.278238
7.245626,10,41.278373
4.5640335,6,41.278499
19.047361,24,41.278625
15.33483,20,41.278752
18.253418,26,44.853543
4.2102275,7,44.853663
7.3964067,9,44.853688
5.3567104,7,44.853706
1.7649229,3,46.449102
4.3295455,7,46.449246
6.00815,9,48.097736
2.7595088,4,48.097845
19.177073,28,48.097863
6.412304,9,49.87047
3.3694255,5,49.870584
21.022486,29,49.8706
18.99128,20,49.870611
5.005557,7,49.87062
13.906122,20,49.870629
7.159691,9,49.87064
4.7964077,7,49.87065
21.413977,30,51.629474
11.195798,12,51.629593
21.5962,30,51.629611
8.171674,12,51.629626
9.606236,12,51.629641
21.327234,30,51.629655
23.083872,30,51.629668
22.954897,30,51.62968
21.88586,30,51.629693
4.5592537,6,51.629706
5.026191,8,53.178686
1.7649229,3,53.178975
4.969463,7,53.17914
22.468708,30,56.460989
4.5574074,6,56.461103
5.2022753,7,56.461123
1.9602091,3,56.461135
2.4977314,4,56.461147
21.66768,30,58.150488
8.380356,12,58.150614
3.794167,5,58.150633
23.902483,30,58.150649
12.256775,18,58.150663
21.529713,30,58.150676
3.200102,5,59.877649
1.6000543,3,61.638801
8.360184,10,61.639553
14.38387,20,63.320438
21.245108,26,63.32091
10.977006,15,63.32105
7.6106024,11,63.321079
21.523865,30,63.321101
14.19348,16,65.019344
6.3644214,9,65.019503
6.3642764,9,65.019558
21.011375,30,65.019608
6.7521315,8,65.019655
19.38966,27,65.019698
6.39833,9,66.661834
24.28839,30,66.661943
2.1216552,3,68.332968
10.551659,12,68.339451
5.557235,7,70.159813
2.566059,4,70.159931
5.6458664,8,70.159956
7.6928887,11,70.15997
9.242337,12,70.159983
5.362626,7,70.159996
18.049023,27,71.725768
1.1211282,2,71.725899
1.795329,3,71.725923
2.2488844,4,71.725941
5.3991404,7,71.725957
8.011973,12,73.474407
7.360197,9,73.478044
7.1615305,9,73.478088
1.7649229,3,75.374754
3.8533726,6,76.942548
8.620244,13,78.671038
18.740784,23,80.520117
6.4603124,10,80.52023
19.708652,26,80.520256
22.322113,30,82.389321
3.7261982,6,82.389436
14.143201,20,82.389461
17.433321,25,84.719473
23.31953,30,84.719681
5.38107,8,86.498181
3.166295,5,88.321142
2.398546,4,88.321292
1.480736,3,88.321333
19.100687,25,88.321366
7.4798937,10,88.321399
3.2444696,5,90.251868
7.72683,11,92.644107
3.1952856,5,92.644255
16.18953,23,92.644273
13.565547,17,94.564916
22.68064,30,94.565036
8.692171,12,96.325262
18.233932,26,96.32539
21.346174,30,100.433022
20.40102,29,102.165139
4.1762486,7,102.165263
15.210686,20,102.165287
20.428394,28,102.165305
20.62521,30,103.957688
21.608047,30,105.797868
22.568481,30,105.798013
4.5912395,6,105.798047
20.824081,30,105.798066
5.9647512,9,105.798086
17.143673,23,107.79807
21.09463,30,107.798199
16.138683,21,107.798222
21.12249,30,107.798239
18.063482,24,109.553795
22.545301,30,111.45438
21.933327,30,111.454507
19.009178,28,113.066014
21.951351,30,113.06613
16.186607,22,113.066155
22.005703,30,113.066172
3.0803642,5,115.356683
20.572983,29,117.063
17.460058,23,117.063135
22.172194,30,117.063165
3.8891199,6,118.952378
9.172168,12,118.952478
12.477379,19,120.664407
20.659195,30,120.664537
22.883427,30,120.664562
18.46987,21,123.060104
6.818181,11,123.060227
2.5660536,4,123.060246
2.9573765,4,125.049018
17.847002,25,125.049141
12.707031,19,125.049163
13.342606,18,125.049182
10.055681,15,125.049196
2.4011905,4,126.842465
20.975088,30,126.842586
21.592636,30,126.842606
20.539877,30,126.842622
20.776295,30,126.842637
19.926456,29,126.842651
5.886047,9,128.672536
4.122473,6,128.672687
2.1625543,4,128.67272
10.291783,14,128.672743
1.7649229,3,130.732796
21.372408,30,130.732941
6.444849,9,130.732966
10.758328,12,130.732987
21.05944,30,132.380155
1.9602091,3,132.396979
9.970436,14,132.39711
2.566059,4,132.397148
4.4042153,7,134.075531
10.571655,15,134.075655
0.91821903,2,134.075676
7.960611,10,135.848743
3.758513,5,135.848869
20.85223,30,138.262997
12.020358,17,138.263401
6.5637712,9,138.263567
2.4011736,4,140.036788
19.197493,27,140.03692
16.963055,24,140.036943
1.9583726,3,140.036962
24.808102,30,141.820694
19.127443,27,143.560971
20.964746,30,143.561107
21.687181,30,145.84025
8.240795,11,149.157179
21.558956,30,149.157309
21.02089,30,149.157336
19.500637,26,150.954419
20.96062,26,150.954547
12.002539,16,153.261722
12.289481,16,153.262117
6.1732187,9,153.262266
15.467866,22,153.262399
8.965508,13,154.944289
8.089732,11,154.94441
17.620293,24,154.944429
9.421399,14,154.944446
9.457991,14,156.660743
0.96601653,2,156.660884
21.022926,30,156.66091
9.452403,14,156.660928
12.139647,18,158.570975
2.1192245,3,158.571111
6.9156847,9,158.571136
3.3653452,5,158.571153
3.092137,5,160.997635
8.701147,13,160.997735
22.638117,30,160.997765
0.9182361,2,160.997791
23.193895,30,162.964186
22.583988,30,164.668695
4.3952017,6,164.668784
24.256765,30,164.668807
2.9355145,5,168.652538
21.48392,30,170.39915
10.68796,16,170.41762
20.827484,30,170.417754
23.462635,30,170.417798
5.4070363,8,172.171119
4.5466337,7,172.171255
8.800732,11,172.171283
5.728222,8,173.958442
22.756205,30,176.233721
5.040361,7,177.973512
17.182806,24,177.973603
21.760334,30,179.863719
15.9143505,22,181.63334
21.838688,30,181.633428
21.770512,30,181.633447
20.738728,30,183.861811
23.038176,30,183.862211
20.85803,30,183.862335
22.437418,30,183.862471
20.82421,30,185.507651
21.688616,30,185.507739
14.395613,21,185.507762
9.348078,14,187.548725
22.441637,30,189.360258
0.96601653,2,189.360348
22.194141,30,189.360365
18.780981,24,189.36038
21.601593,30,191.74135
4.0765195,5,191.741431
13.575144,18,191.741451
13.629768,18,191.741465
2.4011905,4,191.741479
20.556086,28,193.630187
11.976503,17,193.630537
17.85958,26,193.630715
20.661793,29,193.630878
7.446491,11,193.631049
21.778778,30,195.322269
15.706085,21,195.322562
21.762922,30,195.322723
5.790441,7,195.322876
18.264791,24,195.323019
5.475956,7,197.139672
21.276772,30,197.139766
3.0522757,4,199.234593
3.9572065,5,199.234682
10.046729,15,199.234699
9.68183,12,199.234714
4.4491854,6,201.152158
3.081147,5,201.152234
1.795329,3,201.15225
16.654827,21,202.80074
4.361388,6,202.80084
3.7593386,5,202.80087
13.91162,20,202.800895
13.86177,16,204.618932
1.795329,3,206.832736
2.5942352,4,206.832834
21.750887,30,206.832854
11.04919,13,208.532642
15.5667305,20,208.532748
10.985506,16,208.532776
5.4140387,8,210.066394
21.325972,30,210.066625
23.550104,30,211.959743
23.702557,30,211.959843
21.212597,30,211.959878
11.015621,14,211.959898
2.0843422,3,214.169276
11.741062,17,214.169375
4.2909164,7,215.853062
20.729498,29,215.853146
21.678703,30,215.853167
21.116709,30,217.54422
5.202117,7,217.544309
3.7340546,6,217.544333
9.339023,13,219.357065
1.6000543,3,219.357156
19.506475,25,219.357177
12.306582,18,221.851338
23.083693,30,221.851422
2.5642135,4,221.851443
15.800675,19,225.560499
11.658044,17,225.560582
5.0032935,7,225.560602
15.226528,21,225.560619
2.2755582,3,225.560633
20.981745,30,225.560647
21.915457,29,225.560663
3.3634777,5,227.4638
9.383113,14,227.463886
3.9572065,5,227.46391
21.634836,30,227.463928
21.292292,30,229.772337
13.142166,19,229.772428
1.7671529,3,231.663653
20.778683,30,235.26738
14.196733,21,235.267493
5.6425195,8,237.354221
23.704502,30,237.354311
18.749046,24,239.0297
8.063932,12,239.029821
2.7272727,5,240.921512
6.2556815,10,240.930653
6.4603353,10,240.930735
21.787994,30,240.930761
2.2734532,3,242.632997
5.172001,8,242.633096
12.133269,17,244.947367
21.415,30,246.625857
12.589694,18,246.625967
17.221409,25,246.626006
19.318146,27,246.626035
23.867638,30,248.269492
1.9602091,3,248.269582
20.85479,30,248.269599
9.366749,13,249.958852
3.3953714,5,249.958917
21.374422,30,249.958931
8.380641,13,249.958941
5.309908,8,252.260069
18.788208,26,252.260138
5.8978634,9,252.260152
22.60958,30,254.217754
18.60179,27,254.217855
24.580341,30,254.217875
20.887957,30,256.144044
21.090076,30,256.144148
10.522053,16,258.024273
24.066345,30,258.024362
20.539854,30,260.307634
21.80261,30,264.00545
22.98423,30,264.005564
8.537537,13,265.831416
21.844728,30,265.831549
21.021778,30,265.831586
11.2552,15,268.264146
20.860167,30,268.264258
21.865185,30,268.264288
22.186646,30,270.101466
7.017028,11,273.764706
20.625212,30,273.764785
20.71055,30,273.7648
22.328436,30,275.760653
20.625353,30,277.635182
20.769482,30,277.635298
5.321508,8,279.058912
21.523376,30,283.07609
20.656977,30,283.076184
20.776278,30,283.076205
20.539854,30,283.076222
21.096062,30,285.068456
20.552221,30,285.068538
20.853157,30,286.977618
21.252327,30,286.9777
11.199906,17,288.89806
17.839895,26,290.946354
14.015127,21,290.946426
20.454542,30,292.649356
7.582233,11,294.477673
16.480606,24,294.477767
16.93738,25,294.477793
7.894962,11,296.543867
21.091045,30,296.543952
20.822008,30,298.751573
20.859997,30,300.537179
17.256105,25,302.435529
9.893428,15,302.435621
2.1365967,4,302.435642
21.019701,30,302.435661
9.61389,14,304.164201
20.625212,30,304.164289
20.915257,30,304.164312
21.658155,30,304.164332
5.1965027,7,306.560837
20.862604,30,306.56092
22.23706,30,306.560943
21.457005,30,308.470489
20.97157,30,308.470583
18.48207,26,308.470605
20.74453,30,308.470622
18.772814,28,308.470639
22.877369,30,310.425412
22.339857,30,310.425528
20.631002,30,312.319399
20.8888,30,314.250174
18.061735,26,314.250238
22.035183,30,316.031983
21.148329,30,318.045168
12.670605,19,319.762495
12.125341,18,319.762572
8.413779,12,319.762585
21.934856,30,323.82923
21.283916,30,323.829344
20.853613,30,323.829364
20.857025,30,325.576396
20.630026,30,325.576809
20.99734,30,325.57693
21.493017,30,327.563785
21.966,30,331.41863
5.454545,9,331.418828
13.017568,18,333.230149
8.442816,13,333.230265
5.1575675,8,334.976809
4.366503,6,334.977169
2.41598,4,334.977266
19.509,27,334.977282
21.121607,30,334.977292
11.660624,16,337.074625
10.535741,15,337.074711
12.557818,18,337.074734
20.454542,30,337.074753
11.0983305,16,337.074769
18.687323,24,337.074785
15.090203,22,337.0748
17.912361,25,338.818475
10.913139,16,338.81859
21.084576,30,340.371555
12.945997,19,340.371643
18.210314,27,340.371665
22.23286,30,340.371681
6.7592955,8,340.371696
0.96601653,2,340.371714
22.559967,30,342.112652
9.735156,14,342.112921
15.636786,21,342.113065
17.559364,25,342.113187
14.836537,22,342.113319
3.9571974,5,344.548074
20.689114,30,344.548193
21.09905,30,344.548217
13.750365,19,346.432982
5.5540752,7,346.433161
15.343867,20,346.433224
3.3671901,5,346.433299
7.950298,9,348.354381
9.9653425,13,348.354458
15.623647,20,348.354477
5.802568,8,350.151153
15.898973,23,350.151266
3.5672967,5,350.151284
21.133593,26,352.451509
1.7649229,3,352.451576
2.5990593,4,352.451589
14.019995,18,352.4516
5.7539616,7,352.45161
2.7613456,4,354.358131
22.212769,30,354.358222
1.1985551,2,356.250272
6.162279,9,356.250352
16.554396,22,356.250369
5.36947,7,356.25038
3.277229,4,358.024491
2.724045,4,358.024571
8.294426,12,358.024585
6.0278854,9,358.024595
1.8555311,3,358.024605
8.8386345,11,358.024615
16.228651,21,360.324295
14.661178,18,360.324428
10.159476,12,360.324455
17.469084,25,360.324477
23.47677,30,360.324507
21.849966,30,362.162853
22.375383,30,362.162942
9.709187,13,362.162959
12.150731,16,362.162974
10.508908,14,362.162986
21.531982,30,362.162999
11.172654,15,362.163012
10.359018,12,363.819516
8.605641,11,363.819623
4.959018,6,363.819649
1.9602091,3,363.819672
3.2753882,4,363.819692
11.792283,13,365.572744
25.214481,30,365.572841
3.794167,5,367.95105
15.588484,22,367.951148
2.792487,4,367.951172
8.003578,10,367.951189
9.245374,12,367.951241
7.764804,10,367.951257
10.316587,13,367.951272
4.1199646,5,367.951288
2.7661605,4,367.951303
5.9571633,7,369.898357
13.195935,15,369.89846
2.0454545,4,369.898561
7.1976485,8,369.898596
4.788677,6,369.898619
1.0018555,2,371.664154
9.889088,12,373.536281
5.7544875,7,375.56049
13.563674,16,375.560558
14.161534,17,375.560572
3.731836,6,375.560581
2.878428,4,375.560591
20.630003,30,377.398289
5.160674,7,377.401613
7.121548,8,377.401685
7.7592874,9,377.4017
3.5584033,5,377.401713
6.562282,8,377.401725
3.494595,6,377.401736
5.522769,7,379.222367
14.365902,17,379.222457
6.053708,9,379.22248
6.75607,8,379.222499
15.095215,19,379.222516
16.66208,20,379.222532
14.858071,17,379.222548
2.4977314,4,380.945709
19.885782,23,380.945799
14.7219515,17,380.945818
5.009255,7,380.945832
24.821823,30,380.945846
1.9602091,3,383.261822
14.392495,16,383.26192
7.8829184,10,383.261945
5.7579246,7,383.261964
8.764821,11,383.26198
2.957371,4,385.067821
3.9221656,5,385.067897
3.9572065,5,385.067911
3.1186829,4,385.06792
9.764548,12,385.06793
7.0435605,9,387.041046
4.7268534,6,387.041137
13.000167,15,387.041159
7.395933,9,387.041177
15.98944,17,387.041194
3.44426,5,388.848929
1.9996915,3,388.849223
2.566059,4,388.849352
7.9045334,10,388.849474
8.856786,11,388.849587
16.041748,19,388.8497
11.956566,14,391.166441
4.555574,6,391.166528
13.608083,16,391.166549
8.562278,10,391.166567
3.6059287,6,391.166584
15.041755,18,391.1666
3.7730153,6,391.166616
4.3242974,6,391.166633
25.20464,30,392.964993
1.7649229,3,392.965072
1.9974614,3,392.965087
3.9194562,5,392.965097
9.74377,13,394.602552
6.6469154,9,394.602639
13.075063,14,394.602661
27.001617,30,394.602679
4.756485,6,394.602697
19.155766,21,396.333464
9.7583,11,396.333554
1.7671529,3,396.333578
7.757919,9,397.962653
3.9572015,5,397.962729
3.765991,5,397.962747
9.560427,11,397.962758
6.395721,8,399.562423
4.9553313,6,399.562514
8.961388,11,399.562536
19.986372,22,399.562554
3.794167,5,399.562571
6.9553094,8,399.562586
1.795329,3,399.562602
14.241607,17,399.562617
9.3585005,11,401.231883
5.9590135,7,401.23195
19.274736,22,401.231963
15.246068,18,401.231973
9.833522,12,401.231982
6.565408,8,401.231991
5.084209,7,402.947111
7.1215563,8,402.947767
4.5466104,7,402.947807
1.9602091,3,402.947827
3.9590473,5,402.947844
1.7882915,3,404.940529
5.883115,8,404.940628
9.760684,11,404.950729
1.7671529,3,404.950854
6.0138845,8,404.950929
7.5553756,9,406.506917
2.7591155,4,406.507009
6.76015,8,406.50703
12.561287,14,406.507049
5.7611423,7,406.507068
4.9571686,6,406.507086
11.33789,14,406.507103
3.9590473,5,406.50712
3.9590473,5,406.507138
9.843146,12,408.097906
6.760154,8,408.098173
3.2444696,5,408.098309
15.561454,17,408.098434
9.79216,11,409.766244
11.557885,13,409.766325
1.9602091,3,409.766338
5.955317,7,409.766349
4.754,6,409.766359
1.7649229,3,411.842197
3.9590473,5,411.842323
7.2051625,9,411.842353
2.0772972,3,411.842372
4.764108,6,411.842392
4.5658574,6,411.84241
1.7671529,3,411.842428
2.7613456,4,413.434476
1.9602091,3,413.43457
3.40935,5,413.434589
2.7613456,4,413.434602
19.055891,21,413.434615
4.076135,5,413.434628
18.244007,21,414.924687
23.407763,26,414.924782
9.557205,11,414.924809
11.362619,13,414.92483
3.855258,5,414.92485
7.760149,9,414.924868
3.277229,4,414.924888
15.6525,19,416.608124
1.9602091,3,416.60821
1.9602091,3,416.60823
8.957162,10,416.608246
2.9592168,4,416.608261
8.849583,10,416.608276
16.754599,18,416.60829
6.924543,8,416.608305
1.9602091,3,416.608319
7.758337,9,416.608333
1.9602091,3,416.608351
8.959012,10,418.752978
7.9590125,9,418.753053
1.9602091,3,418.753069
5.765957,7,420.36007
1.7671529,3,420.360147
1.7649229,3,420.360163
8.957162,10,420.360177
2.566059,4,420.360189
9.720932,11,420.3602
4.957168,6,420.360211
1.9602091,3,422.030298
7.0031834,8,422.030386
15.589723,17,422.030406
3.7562654,5,423.607576
19.962057,22,423.607667
2.9592168,4,423.607695
2.9592168,4,423.607712
11.764106,13,423.607728
6.986004,8,425.562332
2.9573765,4,425.562408
3.9590473,5,425.562422
7.9571714,9,425.562432
3.9572015,5,425.562441
1.795329,3,425.56245
19.786736,21,425.562459
7.7583036,9,427.433598
23.366549,25,427.433683
17.755112,19,427.433701
10.078368,12,427.433715
10.048739,11,428.80909
7.5553603,9,428.809326
11.483354,14,428.809444
0.96601653,2,428.809554
6.7583127,8,430.320753
14.358731,16,430.320843
1.9602091,3,430.320866
0.96601653,2,430.320884
2.9573765,4,430.320904
7.9203167,9,432.424152
6.75792,8,432.424427
9.1625185,11,432.424564
5.9571633,7,432.424686
7.780996,10,432.424808
1.9583726,3,434.106741
2.8530676,4,434.106823
1.9602091,3,434.106841
6.955316,8,434.106853
9.760149,11,434.106866
3.9572065,5,434.106879
10.555375,12,434.10689
21.609556,25,435.762059
0.96601653,2,435.76233
5.360396,7,435.762468
7.7601495,9,435.762588
5.5594707,7,435.762611
14.573847,18,435.762629
12.601057,14,435.762645
15.404446,18,437.223977
5.5590897,7,437.224071
4.760184,6,437.224096
1.9602091,3,437.224113
2.403409,4,437.224129
10.221491,13,437.224146
9.352709,11,437.224163
1.0853348,2,439.327981
11.557611,13,439.32813
4.756104,6,441.033122
16.557585,18,441.033216
8.724331,10,441.033239
1.7671529,3,441.03326
4.760184,6,442.555128
10.557211,12,442.555226
8.758304,10,442.555245
8.788723,10,442.55526
1.9602091,3,442.555273
8.959012,10,442.555286
9.1641655,12,442.5553
6.9590125,8,442.555314
1.9602091,3,444.059624
3.7581232,5,444.059715
17.203577,19,446.097483
15.480094,17,446.097566
3.9875665,5,446.097583
7.169427,10,447.833294
7.121548,8,447.833387
7.1976485,8,447.83341
5.362626,7,449.409867
7.557206,9,449.410141
6.7583,8,449.410288
7.9553165,9,449.410413
14.971494,17,449.410433
6.4045534,8,449.410452
1.9851663,3,451.097977
12.160654,14,451.098055
4.7583427,6,451.098072
1.9858845,3,451.098084
6.7257786,8,451.098096
11.168288,13,451.098107
8.560214,10,451.098119
14.758299,16,451.098131
8.39776,10,453.240885
7.7603183,9,453.240976
5.400533,7,453.240997
8.754858,10,453.241015
4.1990967,6,453.241031
15.823114,19,453.241045
2.5642135,4,454.81048
9.472603,14,454.810554
1.9602091,3,456.433456
1.9583726,3,456.433545
13.072516,14,456.433569
2.7613456,4,456.43359
9.591306,11,456.433607
2.9592168,4,457.929276
3.2140667,5,457.92936
7.880464,9,457.929377
17.221128,24,457.929391
3.9590473,5,457.929404
4.5596437,6,457.929417
7.006223,9,457.92943
1.7649229,3,457.929443
1.7649229,3,457.929455
29.199621,30,457.929468
17.807621,22,460.040412
9.052249,10,460.040506
8.247044,10,460.04053
3.9571974,5,461.624578
3.1234238,4,461.624674
13.406027,16,461.624698
8.804328,11,461.624718
8.366168,10,461.624737
12.557203,14,463.258912
13.951336,15,463.258999
4.208119,6,463.25902
6.562307,8,463.259037
5.2071023,7,464.721367
3.7581232,5,464.721453
6.9226966,8,464.72148
26.95691,29,464.721503
13.362424,15,466.752179
10.76015,12,466.752262
1.9583726,3,466.752282
7.925612,9,466.752311
1.9583726,3,466.752328
19.271643,20,466.752341
8.794007,10,466.752355
7.85525,9,466.752369
25.585777,27,466.752382
1.795329,3,466.752395
17.561314,19,466.752408
4.760184,6,466.752422
18.252817,22,468.300947
1.7671529,3,468.301033
28.046873,30,468.301054
4.959018,6,468.301071
10.390613,12,468.301086
2.0541613,3,469.783443
14.754218,16,469.783527
6.197649,7,469.78355
7.879496,9,471.462298
14.453762,17,471.462368
7.7603183,9,471.462384
1.9602091,3,471.462394
13.243528,16,471.462404
5.957164,7,471.462413
1.9602091,3,471.462422
1.9602091,3,471.462431
8.195335,9,473.536006
7.9590125,9,473.536081
7.9590125,9,473.536099
13.561286,15,476.70835
2.9592168,4,476.708455
4.765962,6,476.708477
4.19534,5,476.708494
7.76411,9,476.708508
9.955312,11,476.708522
1.9200563,3,476.708536
4.9553394,6,478.343295
14.595269,16,478.343382
7.4460344,9,478.343403
6.9590125,8,478.343419
11.959012,13,480.638317
6.9590125,8,480.638403
9.759291,11,482.33384
7.759291,9,482.333919
7.9590125,9,482.333938
1.9602091,3,482.333954
4.760184,6,482.333969
11.761141,13,482.333983
12.757441,14,482.333998
16.59978,19,482.334012
7.9590125,9,482.334026
8.758307,10,484.249814
11.595269,13,484.249905
5.5614605,7,484.249926
8.957171,10,484.249944
1.9602091,3,484.249959
15.959012,17,484.249976
14.853633,16,485.847411
8.765956,10,485.847503
6.7542357,8,485.847522
15.996935,17,485.847536
0.98938525,2,485.847549
14.197648,15,485.847563
1.7649229,3,485.847575
4.1215634,5,487.7659
8.957162,10,487.765991
7.5600476,9,487.768689
8.957163,10,489.458249
12.792282,14,491.118536
6.9857173,8,491.118637
3.9894397,5,491.118671
2.9592168,4,491.118701
4.765962,6,492.869318
7.9590125,9,492.872669
12.998786,14,492.872775
13.924544,15,492.872845
9.985744,11,492.872911
25.339872,30,492.872975
5.1953363,6,495.132405
2.9943972,4,495.13249
9.197648,10,495.132513
23.362593,25,496.745772
11.99694,13,496.745856
6.7603188,8,496.745878
20.595268,22,496.745895
17.20542,19,496.745914
7.9571624,9,498.484766
8.052263,9,498.491651
10.760148,12,498.491732
16.570925,19,498.491755
6.9590125,8,498.491776
10.959012,12,498.491794
10.998785,12,500.265502
3.9590473,5,500.265574
6.760154,8,500.265587
3.9590473,5,500.265597
19.752748,21,501.854062
16.561455,18,501.854141
17.756449,19,501.854162
10.078359,11,501.854177
4.9571724,6,501.854191
1.9602091,3,501.854206
8.758299,10,503.546842
15.163559,17,503.546946
2.9592168,4,503.546962
4.9571776,6,505.421482
3.9590473,5,505.421587
5.794133,7,505.421619
10.959012,12,505.421648
3.9571974,5,507.061676
3.9571974,5,507.061749
10.922698,12,507.061765
3.9571974,5,507.061778
1.7671529,3,507.06179
7.4079847,9,509.126296
7.0452332,9,509.12676
8.07425,9,509.131468
11.790437,13,509.1316
19.464043,22,510.94195
14.5575075,16,510.942044
11.757918,13,510.942068
1.9602091,3,510.942086
5.919858,7,510.942102
7.9571624,9,510.942119
3.9988117,5,510.942134
16.752499,18,510.94215
10.985181,12,510.942166
0.96601653,2,510.942181
7.9590125,9,510.942197
1.9602091,3,512.763465
10.924543,12,512.76356
14.794132,16,512.763588
6.725767,8,512.763608
9.758332,11,512.763626
2.8552978,4,512.763642
13.758308,15,512.763659
8.758304,10,514.490101
4.7584777,6,514.490219
6.760154,8,514.493598
2.1625543,4,514.49366
10.757918,12,514.493681
3.8501768,6,515.964131
7.557198,9,515.964257
4.0766654,5,515.964304
1.9602091,3,515.964319
0.96601653,2,517.55726
6.9590125,8,517.557349
2.9573765,4,517.557371
1.9602091,3,517.557388
7.955575,9,517.557404
8.951376,10,517.557421
1.9602091,3,519.27624
3.9894397,5,519.276335
3.9590473,5,519.276359
9.792287,11,519.276378
18.853058,23,520.844333
5.7601547,7,520.844429
1.9974614,3,520.844451
3.9590473,5,520.844469
0.96601653,2,520.844485
10.561285,12,522.934869
18.561247,21,522.935145
9.957171,11,522.935283
26.754623,29,522.935386
8.052263,9,522.9355
6.7659564,8,524.623987
0.96601653,2,524.62408
14.161709,16,526.258465
3.9572015,5,526.258556
22.71774,24,526.258582
1.9602091,3,526.2586
7.595298,9,526.258641
4.1958075,5,527.942755
7.964729,10,527.942832
7.757853,10,527.942851
21.56028,24,527.942864
1.9602091,3,530.047122
2.7591155,4,530.047692
4.1234093,5,530.047733
14.565248,16,530.047751
28.55391,30,530.047765
1.9602091,3,531.62358
8.955317,10,531.623661
11.589866,13,531.623681
1.9602091,3,531.623696
19.654541,21,533.424007
6.5564337,8,533.424445
11.557598,13,533.424609
5.9590135,7,533.424747
1.9602091,3,533.424884
17.252466,19,535.052249
12.957162,14,535.052332
13.757918,15,535.052354
8.362422,10,535.05237
26.818178,30,535.052387
9.7564535,11,536.760941
12.955049,14,536.761011
8.011364,11,536.761024
12.561285,14,536.761034
9.725679,11,538.434872
7.9590125,9,538.434952
9.561285,11,538.434973
1.9602091,3,540.061729
28.163557,30,540.061796
4.957168,6,540.06181
4.959018,6,541.824719
12.9531975,14,541.824804
4.0056815,6,541.824827
9.49912,11,541.824844
13.161323,15,541.82486
4.0056815,6,543.762454
5.488636,8,543.762536
15.219353,20,543.762557
7.372877,10,545.433251
6.0481396,7,545.433345
2.4011736,4,545.433366
5.9825583,7,547.098261
17.396402,21,547.103859
8.952931,10,547.103907
9.400967,11,547.103919
5.555649,7,548.85379
3.5261908,6,548.853859
3.9590473,5,552.335993
2.9573765,4,552.336176
3.273276,4,552.336207
5.207513,7,552.336223
16.864658,23,552.336237
19.870241,21,552.336252
10.376334,14,553.858883
13.955048,15,553.858963
9.7919855,12,557.625108
23.02113,30,557.625186
4.003446,6,557.625205
10.953209,12,557.625217
11.653408,15,559.32361
5.3603907,7,559.323718
6.0511355,9,559.323745
2.3959103,4,559.323767
12.559473,15,561.044483
17.398531,20,561.044568
20.323391,27,561.04459
14.34541,20,561.044607
3.1978648,5,561.044622
3.1978648,5,561.044639
7.206147,10,562.635842
4.754113,6,562.640952
1.597429,3,562.641007
1.597429,3,562.641026
8.810265,12,562.641042
21.726055,30,564.557209
20.778513,30,564.557288
16.037643,23,566.162144
5.4864173,8,566.162232
22.919237,30,566.162251
6.2853184,9,567.851509
21.093622,30,567.851596
13.981255,15,567.851619
3.758513,5,567.851636
15.559435,17,567.851652
17.547823,19,569.445525
2.5990593,4,569.445613
2.3985653,4,571.467344
3.8477137,6,571.467414
18.608757,23,571.467432
2.398546,4,573.150957
5.7601547,7,573.151035
14.247056,19,573.151055
4.800528,7,573.151067
22.20212,30,573.151078
4.7887297,6,573.151088
23.314096,30,574.837669
23.07138,30,574.837757
2.3959103,4,574.837779
12.11365,13,576.460309
25.062527,30,576.460382
6.9875903,8,576.4604
4.0056815,6,578.536062
3.2023098,5,578.548426
1.597429,3,578.548628
23.732964,27,578.548759
8.952931,10,580.238587
8.8125,12,580.238668
5.600436,8,580.238691
5.6030917,8,580.238708
10.718973,12,580.238725
22.559048,30,581.864389
10.646242,12,581.864467
1.9583726,3,581.864481
4.003446,6,581.864491
4.0056815,6,583.467384
5.6079545,8,583.467592
10.754068,12,583.467682
22.960205,30,585.646381
23.350433,30,585.646466
1.6000372,3,585.646486
23.037916,30,587.328303
6.4505177,9,587.328385
2.3959103,4,587.328405
3.557625,5,587.328423
24.070631,30,587.328438
3.5917032,5,587.328451
4.8027377,7,588.960056
17.153046,25,590.699025
1.6022727,3,590.699101
1.597429,3,592.552349
20.770496,30,592.552436
8.003845,11,592.552458
10.412537,14,592.552475
9.278014,11,592.55249
5.7905765,7,592.552506
3.1996822,5,592.552521
4.1249995,6,594.422722
2.398546,4,594.423106
2.4011736,4,594.423383
4.003446,6,594.423632
20.454542,30,594.423862
20.454542,30,594.42409
25.212091,30,594.424322
13.360585,16,596.124262
21.647724,30,596.12437
20.50545,28,596.124394
7.65231,9,596.124414
6.404228,9,597.724016
11.258659,13,597.72412
2.4011736,4,599.56409
13.611797,18,599.564174
20.778513,30,601.11865
12.809237,17,601.118733
22.675737,30,601.118757
2.4011736,4,602.956584
0.7989179,2,602.956655
4.801955,7,604.524454
4.003446,6,604.524537
4.8045826,7,604.52456
3.321628,5,604.524577
4.7992997,7,604.524593
10.277194,11,604.524611
1.1211282,2,606.58646
3.2023098,5,606.58656
21.015457,30,606.592191
11.211045,15,606.59224
1.597429,3,609.697167
21.12487,30,609.697258
22.556438,30,609.697272
12.012181,16,609.697282
9.608773,13,609.697292
8.8125,12,609.697301
4.9571776,6,611.363575
2.398546,4,611.363644
16.020489,21,611.363657
22.000816,30,611.363666
3.1996822,5,611.363674
10.414772,14,611.363682
8.011364,11,611.363689
16.82386,22,611.363697
8.810265,12,611.363705
20.57386,30,613.638549
2.9592168,4,613.638855
20.545685,30,613.638988
4.671456,6,615.151038
8.952922,10,615.151103
8.367065,11,615.151115
20.454542,30,616.756782
1.7649229,3,616.756843
13.03986,20,616.756856
9.932432,13,616.756866
2.0795274,3,616.756873
2.2800252,4,616.756881
12.174832,16,618.446555
3.9572065,5,618.446643
3.1960602,5,620.642138
1.597429,3,622.272824
3.1997015,5,622.272908
3.9553723,5,622.272929
8.8125,12,622.272946
14.818596,20,622.272964
7.7619705,10,622.272982
4.7561197,6,623.83194
4.7992997,7,623.832021
24.62175,30,625.421278
9.158696,11,625.421365
0.91821903,2,625.42139
14.801941,18,627.53671
1.597429,3,627.536795
10.006499,13,627.536813
3.1996822,5,627.536828
24.034084,30,627.536841
21.843138,30,629.060836
12.012963,16,629.060908
2.398546,4,629.060928
1.7167277,3,630.720635
22.084011,30,630.720731
9.656386,11,630.720757
4.1160903,5,630.720777
1.6000372,3,630.720794
20.690943,30,630.72081
7.2102275,10,632.355364
3.9981632,6,632.35545
17.620916,23,634.446661
20.454542,30,634.446753
12.362421,14,634.446771
3.9981632,6,635.985545
4.9186177,7,635.985611
1.597429,3,635.985624
22.48295,30,637.640518
4.1186857,6,639.252186
20.738,26,639.252258
9.966711,13,639.252274
7.2061615,10,639.252286
2.757267,4,639.252297
15.772534,20,640.828781
3.9985533,6,640.828858
19.159088,27,640.828876
4.586854,6,640.828892
24.771513,28,642.317741
15.81818,20,643.846936
22.429577,29,643.847008
1.597429,3,643.847026
21.640205,30,643.847039
22.48529,30,643.847052
1.5982071,3,645.412969
5.9571676,7,645.413381
3.1952257,5,645.413506
13.952307,21,647.347903
15.422306,20,650.302109
21.726059,30,650.302204
6.4626164,9,650.302222
4.9223156,6,654.011812
13.004485,15,654.0119
19.765753,29,655.409862
7.674656,9,655.409997
12.46096,17,655.410015
23.068205,30,655.410027
8.420692,12,655.410039
11.7627735,15,655.410051
11.129087,13,655.410063
17.611593,22,655.410079
6.5698915,9,655.410096
14.034178,20,657.001586
6.930773,10,657.001656
6.75607,8,657.00167
17.987623,24,657.00168
5.1647544,7,657.00169
5.5614605,7,657.0017
18.39532,26,658.618754
19.028198,26,658.618854
21.873903,28,658.618878
10.359584,13,660.934999
22.00329,30,660.935098
21.999226,30,660.935131
1.9602091,3,660.935155
11.444668,15,660.93518
12.226783,16,660.935251
22.633972,30,662.243876
2.1978035,3,662.244323
22.321438,30,662.249574
1.9602091,3,662.24973
15.890436,20,663.859749
18.527636,21,663.859836
2.9592168,4,663.859851
10.128235,13,663.859861
1.9602091,3,665.603691
4.959018,6,665.60377
3.9590473,5,665.60379
6.197649,7,665.603805
8.054113,9,665.603818
7.9590125,9,665.603831
12.4101095,16,665.603844
24.976057,29,665.603858
10.962459,13,665.60387
23.971977,28,667.759393
22.163557,24,667.759469
4.959018,6,667.763552
23.22566,30,667.763611
2.9894383,4,667.763629
20.36137,25,669.027146
1.1240078,2,669.027272
6.9590125,8,669.027292
4.98944,6,669.027308
6.9590125,8,669.027321
1.0543947,2,669.027334
1.9602091,3,669.027347
17.153158,19,670.733065
2.9592168,4,670.733158
13.805586,16,670.733178
6.9590125,8,670.733195
19.56449,23,670.733211
21.450314,26,670.733227
5.98944,7,670.733242
11.959012,13,672.263299
8.959012,10,672.263388
15.362421,17,672.26341
18.55905,20,672.263429
8.959012,10,672.263444
2.9592168,4,672.26346
4.959018,6,672.263478
3.9572065,5,674.321212
14.362421,16,674.321284
23.89689,29,675.656055
16.959011,18,675.656128
10.959012,12,675.656145
4.957168,6,675.656158
23.180729,27,675.65617
0.96601653,2,675.656182
4.195803,5,675.656193
9.197648,10,677.250148
3.9894397,5,677.250239
3.9572015,5,677.250262
10.957162,12,679.003273
7.0541134,8,679.003351
13.855256,15,679.003366
6.7601776,8,681.052618
14.054113,15,681.05286
9.98944,11,681.052973
9.99879,11,681.052991
4.2772,5,681.053004
1.9602091,3,681.053016
1.9602091,3,681.053028
1.9602091,3,681.05304
2.9592168,4,682.44675
2.0541613,3,682.446836
6.9590125,8,682.446853
8.959012,10,682.446865
7.9590125,9,682.446877
7.275348,8,682.446889
9.957162,11,684.067754
6.75792,8,684.067821
3.9590473,5,684.067834
6.4079905,8,684.067845
10.790577,12,684.067854
6.9590125,8,685.665426
11.052263,12,685.665507
4.959018,6,685.665524
1.278391,2,685.665538
13.959012,15,685.66555
1.9602091,3,685.665563
1.278391,2,685.665576
2.9592168,4,685.665587
14.123406,15,685.6656
13.957162,15,688.063496
8.760149,10,688.063574
5.9590135,7,688.063587
8.197649,9,688.063598
8.123406,9,688.063608
10.959012,12,688.063617
9.277194,10,689.568879
3.9590473,5,689.568965
9.760149,11,689.568985
3.9590473,5,689.568997
15.760149,17,689.569009
1.1985551,2,689.569021
3.9590473,5,691.361567
2.9592168,4,691.361643
8.959012,10,691.361658
3.9590473,5,691.361668
10.503085,12,691.361677
11.959012,13,693.121511
6.9590125,8,693.121608
10.959012,12,693.121644
5.9590135,7,693.12167
8.197649,9,693.121693
5.9590135,7,693.121716
14.054113,15,695.342086
2.123509,3,695.342384
14.760149,16,696.757281
5.9590135,7,696.757355
4.98944,6,696.757372
2.9592168,4,696.757384
5.9590135,7,698.469596
2.9894383,4,698.469866
9.959012,11,698.469989
2.123509,3,698.470104
6.0477257,7,700.141973
5.9590135,7,700.142061
5.9590135,7,700.142083
1.9602091,3,700.142101
6.9590125,8,700.142116
11.959012,13,700.142132
6.9590125,8,700.142148
7.9590125,9,700.142163
3.1234238,4,700.142177
6.9590125,8,700.142192
6.9590125,8,700.142206
25.95716,27,702.448433
9.959012,11,702.448524
1.9583726,3,702.448547
8.959012,10,702.448565
5.9875665,7,702.44858
7.9590125,9,702.448597
6.9590125,8,702.448612
12.277194,13,703.823631
1.9974614,3,703.823724
6.1234064,7,703.823752
8.959012,10,705.456864
19.95716,21,705.456957
1.9602091,3,705.456979
1.9602091,3,705.456996
3.277229,4,705.457012
6.9590125,8,707.135366
6.9571624,8,707.135465
1.9602091,3,707.135487
21.561455,23,707.135508
3.9590473,5,709.318006
24.758299,26,709.318206
9.959012,11,709.318281
1.1240078,2,709.318349
4.760184,6,709.318413
14.957162,16,709.318479
9.760154,11,710.920439
8.959012,10,710.920534
19.760153,21,710.920557
15.959012,17,712.548645
12.85525,14,712.54871
3.9590473,5,712.548724
23.277193,24,712.548734
5.0541134,6,712.548743
5.9590135,7,712.548752
7.9590125,9,712.548761
3.277229,4,714.150018
12.959012,14,714.15011
1.9602091,3,714.150131
3.9894397,5,714.150149
3.9590473,5,714.150166
5.9590135,7,714.150183
18.277193,19,714.150199
1.1985551,2,714.150216
13.277194,14,716.417325
13.998786,15,716.417439
8.123406,9,716.417468
16.760149,18,716.41749
11.959012,13,716.417509
10.959012,12,717.762748
1.9602091,3,717.762831
17.275343,18,717.767015
8.959012,10,717.767074
0.96601653,2,717.767095
3.9590473,5,719.270482
3.0505962,4,719.270564
6.9590125,8,719.270581
10.121548,11,720.82769
3.794167,5,720.827774
4.1234093,5,720.827793
9.123406,10,720.827807
1.9602091,3,720.82782
2.9592168,4,720.827834
11.084138,12,720.827847
3.765991,5,723.136271
14.959012,16,723.136362
9.959012,11,723.148399
0.96601653,2,723.148435
14.277194,15,723.148453
6.2753444,7,724.533988
11.959012,13,724.534073
12.855289,14,724.534092
9.959012,11,724.534105
7.277194,8,726.032416
1.9602091,3,726.032824
11.197648,12,727.625774
14.957162,16,727.625855
19.959011,21,727.625872
4.7579536,6,727.625886
6.957163,8,727.6259
6.957163,8,727.625914
10.957162,12,727.625927
4.959018,6,729.921508
12.197648,13,729.921623
6.9590125,8,729.921658
11.121556,12,729.921686
4.2772,5,731.397481
7.9245424,9,731.397572
16.277193,17,731.397593
11.959012,13,731.39761
16.959011,18,731.397626
1.1240078,2,731.397642
2.2773986,3,731.397657
8.760149,10,731.397672
6.7883463,8,731.397688
3.9894397,5,731.397703
1.0543947,2,731.397719
16.277193,17,731.397734
4.959018,6,731.397749
1.9602091,3,732.9544
7.4079847,9,732.954509
11.959012,13,732.954532
5.9590135,7,732.95455
19.559055,21,734.506397
2.123509,3,734.506527
1.9602091,3,734.506553
5.1976495,6,734.506571
1.1985551,2,734.506588
7.9590125,9,736.802352
3.9590473,5,736.802464
3.9590473,5,736.80248
5.9590135,7,736.802491
1.278391,2,736.8025
8.98944,10,736.80251
1.9602091,3,736.80252
10.959012,12,736.802529
14.959012,16,736.802538
6.9590125,8,738.13245
6.2771945,7,739.744701
1.278391,2,739.744778
7.9590125,9,739.744792
9.123406,10,739.744801
11.998785,13,739.74481
11.760149,13,739.744822
13.123406,14,739.744834
5.123407,6,741.432462
3.1234238,4,741.43255
17.959011,19,741.43257
1.1985551,2,741.432586
10.959012,12,741.432601
1.9602091,3,741.432613
2.123509,3,741.432626
3.9590473,5,743.703075
4.1976533,5,743.70337
2.9592168,4,743.703474
7.9590125,9,743.703491
5.9590135,7,743.703503
6.9590125,8,745.045018
6.957172,8,745.045104
3.9590473,5,745.045121
11.959012,13,745.045136
1.9894304,3,745.045149
12.955058,14,746.584194
21.050133,22,746.584283
18.955057,20,746.584302
7.9590125,9,746.584317
17.953209,19,746.584332
9.959012,11,748.206745
0.98938525,2,748.206831
5.9571724,7,748.206855
8.959012,10,750.321776
10.120532,11,750.32205
10.048006,11,750.322085
2.9592168,4,750.322097
19.959011,21,750.322106
5.120533,6,750.322115
6.9590125,8,750.322123
28.114235,29,750.32213
1.9602091,3,750.322138
4.9571776,6,751.840673
8.957171,10,751.840765
10.957171,12,751.840788
13.957162,15,751.840806
2.9573765,4,751.840823
7.9571714,9,751.84084
9.957171,11,751.840856
17.275343,18,751.840872
4.9571724,6,751.840887
7.1234064,8,753.537988
2.957371,4,753.538074
6.955058,8,753.538097
5.955059,7,753.538116
3.1958292,4,753.538132
4.9550643,6,753.538149
9.955058,11,753.538165
7.952932,9,755.148642
12.957162,14,755.148734
12.98944,14,755.148757
3.9894397,5,755.148774
11.957162,13,755.148791
18.95716,20,755.148808
6.9529223,8,757.556634
2.5682893,4,757.556707
2.6482396,4,757.556723
8.952921,10,758.797464
7.9571624,9,758.797538
6.952923,8,758.797555
10.116016,11,760.407896
10.959012,12,762.105585
12.054113,13,762.105676
14.052263,15,762.105702
9.953726,11,764.100328
10.957162,12,764.100416
3.9981632,6,765.544168
17.804968,20,765.544233
13.121556,14,765.544247
6.4068556,9,765.544258
3.9981632,6,765.544266
10.957167,12,767.162949
8.804981,12,768.818586
7.2061477,10,768.818668
1.6022727,3,768.81869
3.2527125,5,770.997732
8.801343,12,770.997837
5.6079545,8,770.997866
17.95716,19,772.42261
1.597429,3,774.203099
9.608773,13,774.203188
11.123406,12,774.203264
1.6022727,3,775.844785
6.4068556,9,777.807889
10.405437,14,777.807951
10.407253,14,779.097556
12.012964,16,779.097633
5.600436,8,779.097678
14.985485,16,780.625028
2.398546,4,780.625138
29.949484,30,780.625171
1.7215909,3,782.104758
12.017044,16,782.104827
12.814099,17,782.104842
8.003845,11,784.404056
15.219353,20,784.408931
6.4068556,9,785.948453
15.219353,20,785.948531
2.403409,4,785.948548
11.327707,15,785.948565
16.018644,21,787.461113
1.6022727,3,787.461198
16.14965,21,787.46122
13.731115,18,787.461237
8.009129,11,787.461253
3.2580707,5,787.461269
16.821625,22,789.1303
14.094336,18,789.130393
11.57161,15,791.503024
14.411524,19,791.503093
18.423897,24,791.503107
12.811082,17,791.503118
4.8598485,7,792.921592
6.4068556,9,794.449456
9.564766,12,794.449523
19.371952,24,795.940432
24.022486,30,798.138025
3.2045453,5,798.138505
20.81026,30,799.542904
15.211834,20,799.543249
20.804998,30,799.543282
7.2102275,10,801.205236
23.981737,29,801.205304
11.964694,14,801.205317
20.688335,30,801.205327
22.281862,30,801.205337
13.562104,16,801.205349
20.688335,30,801.20536
14.418217,19,801.205372
24.031849,30,802.823822
18.42127,24,805.255471
19.634125,27,805.255533
4.058712,6,805.255545
20.539877,30,805.255553
20.539877,30,805.255562
20.539877,30,805.255569
24.029613,30,806.64136
6.5739713,9,806.641453
16.022724,21,806.641475
2.7613456,4,808.328019
13.561285,15,808.328178
24.034084,30,808.328228
14.952397,21,808.328286
7.2102275,10,809.964176
0.8541667,2,811.954956
14.786356,21,811.95508
6.409091,9,813.418209
1.7905216,3,813.4183
3.2045453,5,813.418324
13.468894,17,815.018466
8.8125,12,815.01859
21.347612,28,815.018613
12.374982,16,815.018627
16.015856,20,816.673023
6.9648986,9,816.673124
5.7905765,7,816.673143
5.123407,6,816.673154
6.409091,9,816.673163
23.512384,30,816.673172
7.078331,8,818.959563
14.418217,19,818.959826
7.964729,10,818.959958
7.568164,10,818.960076
16.94075,22,818.96019
14.373819,18,818.960303
4.959018,6,820.360282
15.174955,19,820.360363
2.403409,4,820.360383
14.175125,18,821.957702
12.368105,15,821.957798
3.9590473,5,821.957816
7.561286,9,821.957829
13.619316,18,821.95784
6.76015,8,821.957852
15.359715,21,821.957864
6.76015,8,821.957876
1.9602091,3,823.517437
16.022724,21,823.517564
1.9602091,3,823.517608
8.8125,12,825.658474
18.695417,23,825.658567
1.1240078,2,825.658586
10.362421,12,825.658601
3.2575755,5,825.658615
18.06575,24,825.658629
5.9590135,7,827.062025
13.765831,16,827.062118
1.9602091,3,827.062139
2.403409,4,828.667042
17.624996,23,828.667255
21.389614,28,828.667379
6.9590125,8,830.236104
10.53409,14,830.236204
13.760149,15,830.236229
9.277194,10,832.449564
18.362421,20,832.449894
4.8552513,6,833.762033
1.9602091,3,833.762109
4.054115,5,833.762124
2.403409,4,835.336458
1.9602091,3,835.336563
9.957171,11,837.143495
5.794133,7,837.143581
8.197649,9,837.143604
6.4068723,9,837.143622
9.957171,11,837.143639
22.431812,29,837.143654
23.771513,27,837.14367
9.666666,13,839.323106
2.4011736,4,839.323269
9.957162,11,839.323306
24.031849,30,839.323335
5.6079545,8,839.323359
6.9590125,8,839.323381
5.1647544,7,839.323404
12.957162,14,840.842892
18.211027,23,840.842973
4.5614896,6,840.842991
9.613636,13,842.465509
7.964729,10,842.465587
1.6022727,3,842.465604
14.538181,18,842.465617
7.2079916,10,842.465628
12.014809,16,842.46564
3.2045453,5,844.145431
2.403409,4,844.145512
2.403409,4,844.145532
14.959012,16,844.145549
14.418217,19,844.145566
8.362422,10,846.132756
20.028404,26,846.139444
19.278063,25,846.139634
4.170562,6,847.524142
13.617081,18,847.524228
23.981737,29,849.041116
11.213672,15,849.041196
4.0056815,6,849.041214
21.62844,28,849.041227
24.034084,30,850.673007
2.9592168,4,850.673071
8.293327,11,853.053433
15.422306,20,853.053655
13.572683,17,853.05373
4.959018,6,853.053797
9.959012,11,853.053863
1.9602091,3,853.053927
18.959011,20,853.053991
3.2045453,5,853.054056
3.9894397,5,853.05412
7.362427,9,854.6393
17.678509,23,854.639407
12.268067,16,854.639431
7.362427,9,854.63945
5.965891,8,856.332496
1.9602091,3,856.332577
8.68649,11,856.332598
9.163559,11,856.332616
9.333736,12,856.332631
1.9602091,3,858.070718
1.9602091,3,858.070802
12.743288,18,858.070824
0.96601653,2,858.070841
2.9592168,4,858.070857
8.561285,10,858.070872
17.174921,21,858.070888
1.9602091,3,858.070904
8.930227,11,860.384422
11.163558,13,860.384515
20.959011,22,860.38454
3.0541215,4,860.384559
12.771547,16,860.384576
9.567001,12,860.384593
20.315392,27,860.38461
7.9590125,9,861.925957
11.362421,13,861.927292
9.760149,11,861.927351
4.2772,5,861.927372
18.578335,23,861.927392
2.0541613,3,861.92741
11.362421,13,861.927427
3.9590473,5,863.567145
8.959012,10,863.567242
9.964695,12,863.567256
10.760149,12,863.567267
8.362422,10,863.567277
4.98944,6,863.567286
12.566967,15,865.271917
14.491889,18,865.271996
1.278391,2,865.272021
2.1978035,3,865.272037
7.277194,8,867.670038
9.197648,10,867.670128
13.656386,15,867.670149
2.9592168,4,869.105765
1.9602091,3,869.105949
9.85525,11,869.106025
6.98944,8,869.106104
3.9590473,5,870.757106
4.959018,6,870.757237
6.1234064,7,870.757252
5.0541134,6,870.757262
13.163558,15,870.757272
3.9590473,5,872.251973
14.995122,17,872.252064
7.9590125,9,872.252087
4.959018,6,872.252103
9.959012,11,872.252119
6.9590125,8,872.252137
2.9592168,4,872.252152
11.998785,13,872.252168
11.760149,13,872.252184
24.94643,30,872.2522
3.9590473,5,874.522014
11.123406,12,874.522103
1.9602091,3,874.522118
9.123406,10,874.52213
8.98944,10,874.522142
5.9590135,7,874.522152
6.98944,8,874.522162
9.054113,10,875.901504
1.9602091,3,875.901593
0.96601653,2,875.901615
6.9590125,8,875.90163
3.9590473,5,875.901646
8.197649,9,875.901661
1.9602091,3,877.438181
1.1985551,2,877.438273
9.959012,11,877.438295
7.9590125,9,877.438313
5.9590135,7,877.438327
1.9602091,3,879.002413
10.959012,12,879.002516
12.959012,14,879.002537
16.879467,18,879.002553
7.9590125,9,879.002568
5.123407,6,879.002583
7.9590125,9,881.336106
10.959012,12,881.339408
3.1234238,4,881.339598
3.9590473,5,881.339721
26.139614,30,882.632283
12.277194,13,882.632355
3.9894397,5,882.632369
20.95717,22,882.632378
10.054113,11,882.632386
2.1978035,3,882.632394
5.98944,7,882.632402
3.9590473,5,884.223586
6.9590125,8,884.223709
14.197648,15,884.223738
8.959012,10,885.833848
1.1985551,2,885.833931
1.9602091,3,885.833955
6.9590125,8,888.055482
12.955058,14,888.05557
10.959012,12,888.055595
9.98944,11,888.055612
7.9590125,9,888.055628
15.959012,17,888.055643
7.1976485,8,888.055659
7.9590125,9,888.055674
4.959018,6,889.559137
8.959012,10,889.559237
8.959012,10,889.559252
7.9590125,9,889.559263
3.9590473,5,891.404547
11.195335,12,891.404615
5.9590135,7,891.404629
2.9592168,4,891.404639
18.95716,20,891.404647
11.050589,12,891.404656
5.9590135,7,891.404666
6.9590125,8,891.404676
5.9590135,7,891.404685
4.959018,6,892.90018
15.955048,17,892.900271
8.959012,10,892.900288
10.957171,12,892.900302
5.9571724,7,892.900313
6.9590125,8,892.900325
3.9572065,5,892.900336
8.123406,9,892.900349
8.957162,10,895.246055
3.9590473,5,895.246125
1.7671529,3,895.246139
8.957162,10,895.246148
5.9571633,7,895.246156
9.957171,11,895.246164
11.959012,13,895.246172
15.11866,16,895.24618
3.9572015,5,896.642914
7.98944,9,896.643017
11.275344,12,896.643043
3.9572015,5,896.643063
1.9602091,3,896.64308
1.278391,2,896.6431
6.9590125,8,896.643117
6.0783596,7,898.320035
1.9602091,3,898.32012
3.277229,4,898.320138
4.760324,6,898.320151
1.9602091,3,899.927562
6.2771945,7,899.927651
5.9590135,7,899.927674
9.760179,11,899.927694
0.96601653,2,899.92771
22.95716,24,899.927726
4.05059,5,902.33567
1.9602091,3,902.335766
5.758314,7,902.335787
1.7649229,3,904.074269
14.076485,15,905.706798
6.9590125,8,905.706891
4.050135,5,905.715334
1.7649229,3,905.715394
5.9590135,7,905.715409
12.271103,13,905.715422
6.9590125,8,905.715435
8.074366,9,905.715469
3.0541215,4,905.715481
4.054115,5,907.340551
7.9590125,9,907.340634
4.9851804,6,907.340652
5.9590135,7,907.340667
9.760149,11,907.34068
5.7579246,7,20235.500617
17.953436,19,20235.500717
0.96601653,2,20235.500735
2.9592168,4,20235.50075
7.9590125,9,20235.500762
4.1205354,5,20235.500777
8.955048,10,20235.500789
19.271105,20,20237.640511
8.27138,9,20237.6406
1.9583726,3,20237.640622
7.9571714,9,20237.64064
1.9583726,3,20237.640654
7.955048,9,20237.640668
6.9590125,8,20239.659004
10.98574,12,20239.659086
1.6000372,3,20239.659107
1.8003644,3,20239.659123
2.957371,4,20239.65914
15.959012,17,20239.659156
10.955317,12,20239.659174
12.952921,14,20239.659192
22.95716,24,20241.54759
11.123406,12,20241.547682
3.9590473,5,20241.547706
4.1205354,5,20241.547724
1.7882915,3,20241.547741
15.959012,17,20241.547758
1.597429,3,20241.547775
11.756068,13,20243.865452
2.9967098,4,20243.865543
7.753954,9,20243.865564
11.277194,12,20243.865579
13.756069,15,20243.865592
4.955063,6,20243.865605
5.600436,8,20245.412498
16.121555,17,20245.412593
9.957162,11,20247.392311
11.955048,13,20247.392403
2.398546,4,20247.392428
1.6022727,3,20247.392447
1.7140921,3,20247.392465
5.0742564,6,20247.392481
5.6079545,8,20249.127176
2.398546,4,20249.127312
9.98944,11,20249.127338
3.9590473,5,20249.127358
18.955313,20,20249.127376
1.9602091,3,20249.127394
14.957162,16,20251.522486
9.197648,10,20251.522577
5.9571676,7,20251.522598
2.398546,4,20251.52262
13.952921,15,20251.522636
1.597429,3,20253.293699
6.409091,9,20253.293812
17.959011,19,20253.293835
4.8045826,7,20253.293856
2.5634325,4,20255.224463
16.989439,18,20255.224542
17.95532,19,20255.224557
12.792282,14,20255.224569
13.957171,15,20255.224578
1.7649229,3,20255.224588
1.9583726,3,20257.118671
9.168201,12,20257.118741
4.8005037,7,20259.603518
16.271103,17,20259.60361
3.8530278,5,20259.603639
5.600436,8,20259.603657
4.5547743,6,20259.603674
4.800528,7,20261.242552
10.959012,12,20261.242653
8.009129,11,20261.242674
2.398546,4,20261.24269
4.806818,7,20262.758604
2.403409,4,20262.758892
9.32309,11,20264.465594
3.9981632,6,20264.465692
8.810265,12,20264.465714
6.409091,9,20264.465732
8.803558,12,20266.359641
2.3959103,4,20266.35973
6.566453,9,20268.187814
16.792282,18,20268.187909
4.801955,7,20268.187935
11.2069645,15,20268.187955
11.208389,15,20270.201717
3.2023098,5,20270.201838
6.404228,9,20271.96447
5.725037,8,20274.36496
12.740869,18,20277.802165
9.406856,12,20284.007519
8.006501,11,20284.00763
18.423082,25,20285.556515
9.613636,13,20285.556626
25.974102,30,20289.322649
8.8125,12,20290.972859
10.414772,14,20290.972966
22.242079,30,20292.453953
9.613636,13,20292.454038
22.232716,30,20292.454059
9.613636,13,20292.454074
22.12276,30,20294.259191
22.709988,30,20294.259311
21.282251,30,20294.259332
8.011364,11,20294.259347
9.613636,13,20296.925979
12.81818,17,20296.926106
21.17045,30,20296.926127
21.996735,30,20296.926142
21.99408,30,20296.926156
23.383202,30,20298.652057
21.043613,30,20298.652158
6.409091,9,20300.411335
23.46803,30,20302.106428
15.219353,20,20302.10656
18.418613,24,20304.436234
3.2045453,5,20304.436356
21.523544,30,20304.436381
20.571642,30,20306.076798
23.038572,30,20306.076902
21.528406,30,20306.076921
22.792284,30,20307.85592
5.6079545,8,20307.856034
22.595589,30,20307.856059
15.219353,20,20307.856076
21.282251,30,20307.856091
21.17045,30,20309.619657
4.8598485,7,20309.619778
21.162933,30,20309.619798
21.051132,30,20311.999629
10.414772,14,20312.000122
21.043613,30,20312.000294
21.168215,30,20312.000425
2.5227273,4,20313.585249
20.931814,30,20313.585341
21.287535,30,20313.585367
22.540567,28,20313.58539
19.227268,25,20315.377735
22.602272,30,20315.377832
9.613636,13,20315.377855
12.017044,16,20315.377874
24.029222,30,20315.37789
20.57386,30,20319.396034
20.454542,30,20321.287615
9.613636,13,20321.287709
7.2102275,10,20321.287733
3.2045453,5,20321.287751
4.806818,7,20321.287768
4.926136,7,20321.287783
9.613636,13,20323.101134
13.619316,18,20323.101252
23.230713,30,20323.10127
21.924284,30,20323.101286
22.431812,29,20324.89465
13.619316,18,20327.213991
5.0910163,7,20327.214078
9.613636,13,20329.163838
12.017044,16,20329.16391
20.82954,27,20329.163925
8.8125,12,20329.163937
9.778517,13,20329.163949
13.977254,18,20331.026614
4.3636184,6,20331.026689
3.8796713,5,20331.026706
7.2102275,10,20332.836125
15.221588,20,20332.836208
10.414772,14,20332.836227
8.011364,11,20332.836244
9.004471,11,20335.258529
1.9602091,3,20335.258636
10.414772,14,20335.258661
3.1976752,4,20335.258679
7.2102275,10,20335.258696
1.9602091,3,20335.258713
5.0783367,6,20335.258732
16.82386,22,20337.133713
9.613636,13,20337.133818
9.129088,11,20337.13384
2.7613456,4,20339.105796
1.7671529,3,20339.105908
0.96601653,2,20339.105936
9.964695,12,20339.105955
2.7613456,4,20339.105973
13.977254,18,20339.105989
1.9602091,3,20340.697498
2.9592168,4,20340.697599
12.572853,16,20340.697619
3.9590473,5,20340.697636
20.74842,26,20340.697651
16.673437,21,20340.697665
24.786352,30,20340.69768
13.675077,18,20343.386911
7.964729,10,20343.387004
9.561285,11,20343.387025
18.426132,24,20343.387041
11.264341,14,20343.387056
0.96601653,2,20343.387071
6.7256794,8,20345.224153
19.389914,25,20345.224256
20.348396,26,20345.224278
6.5612907,8,20345.224294
4.959018,6,20346.938975
1.1985551,2,20346.939063
18.742723,23,20346.93908
5.9590135,7,20346.939097
9.964695,12,20346.939112
1.9602091,3,20346.939126
3.9590473,5,20346.93914
8.567171,11,20348.622542
12.561285,14,20348.622639
3.9894397,5,20348.622676
14.16924,17,20348.622694
16.010149,19,20348.62271
22.591837,29,20348.622724
4.5614896,6,20348.622739
2.9592168,4,20348.622752
10.169444,13,20348.622766
5.56132,7,20350.946407
25.782873,30,20350.946876
17.572649,21,20350.947015
3.9590473,5,20350.947131
1.9894304,3,20350.947271
12.765831,15,20350.947288
5.9590135,7,20352.729683
3.9590473,5,20352.72977
13.765831,16,20352.72979
15.561285,17,20354.539662
8.362422,10,20354.539745
13.327952,15,20354.539764
5.9590135,7,20354.539779
17.270021,21,20354.539793
8.959012,10,20354.539806
8.123406,9,20356.174292
1.278391,2,20356.174377
4.959018,6,20356.174394
3.0541215,4,20356.174408
20.775343,25,20356.174424
10.959012,12,20358.056072
10.959012,12,20358.056175
4.959018,6,20358.056194
5.9590135,7,20358.056211
6.9590125,8,20358.056226
9.197648,10,20358.056239
5.9590135,7,20358.056254
0.96601653,2,20359.64764
8.959012,10,20359.64775
5.9590135,7,20359.647775
12.161717,14,20359.647796
0.96601653,2,20359.647814
1.9602091,3,20361.549698
1.1985551,2,20361.549825
4.959018,6,20361.54985
8.957171,10,20361.549869
5.9590135,7,20361.549886
11.957162,13,20363.470173
25.463203,28,20363.499477
0.96601653,2,20363.499721
1.9602091,3,20363.499753
4.959018,6,20365.63287
3.9590473,5,20365.632986
17.561285,19,20365.63301
10.959012,12,20365.633028
4.959018,6,20365.633045
2.2773986,3,20365.633063
11.987567,13,20367.402534
12.957171,14,20367.402885
8.98944,10,20367.403037
1.9583726,3,20367.40317
0.96601653,2,20367.403319
6.9590125,8,20367.403388
4.1182256,5,20367.4034
0.96601653,2,20368.961663
8.959012,10,20368.961763
6.9590125,8,20368.961782
8.9553,10,20368.961794
10.955309,12,20371.012395
7.9590125,9,20371.01248
9.955309,11,20371.012501
7.0505886,8,20373.558704
12.959012,14,20373.558797
15.955048,17,20373.558818
10.957162,12,20373.558834
11.959012,13,20373.558849
1.9602091,3,20373.558863
5.9590135,7,20373.558877
2.9573765,4,20375.261954
3.9572065,5,20375.262266
5.9590135,7,20375.262388
13.959012,15,20375.262512
12.955299,14,20375.262625
13.955311,15,20375.262739
4.9571776,6,20375.262854
2.9573765,4,20375.262967
2.9573765,4,20375.263083
9.191831,10,20377.020782
9.195798,10,20377.020876
7.1234064,8,20377.020898
10.959012,12,20377.020916
6.952932,8,20377.020932
12.955311,14,20377.020948
15.197648,16,20377.020963
9.120532,10,20378.953999
6.753955,8,20378.958111
5.9590135,7,20381.546109
16.959011,18,20381.546172
6.98944,8,20381.546192
1.9602091,3,20381.546206
5.756067,7,20381.546221
3.195362,4,20381.546234
12.98759,14,20381.546247
6.9571624,8,20381.54626
1.597429,3,20383.503732
1.597429,3,20383.503827
15.195798,16,20383.50385
16.95716,18,20383.503871
2.398546,4,20385.431031
3.1996822,5,20385.431118
6.9571667,8,20385.431141
4.5566325,6,20385.431155
11.197648,12,20387.273605
14.955048,16,20387.273682
11.98944,13,20387.2737
13.957162,15,20387.273713
2.5227273,4,20389.642092
10.955048,12,20389.642181
6.9590125,8,20391.315113
8.121556,9,20391.315188
6.4068556,9,20393.19954
12.992591,14,20393.199641
7.9590125,9,20393.199664
4.0008187,6,20393.199683
4.058712,6,20393.1997
3.2045453,5,20393.199716
11.597364,13,20393.199734
4.801955,7,20394.952556
2.398546,4,20394.952644
2.4011736,4,20394.952661
16.959011,18,20394.952676
4.806818,7,20394.952693
8.959012,10,20394.952706
8.959012,10,20397.428925
12.959012,14,20397.429013
8.98764,10,20397.429032
24.95292,26,20399.183043
12.959012,14,20401.047817
13.123406,14,20401.048244
7.207992,10,20402.812574
1.597429,3,20402.812657
6.409091,9,20405.221833
6.4068556,9,20406.935853
13.619316,18,20406.936136
28.80285,30,20406.936275
15.221588,20,20408.565848
12.017044,16,20410.153257
6.4068556,9,20410.153362
8.009129,11,20410.153388
7.2102275,10,20410.153409
14.412935,19,20410.153429
10.414772,14,20410.153448
6.4068556,9,20412.41165
15.214069,20,20412.411767
10.412537,14,20412.411796
12.012181,16,20412.411815
4.0056815,6,20414.205159
8.006501,11,20414.205256
8.003845,11,20416.089484
12.813317,17,20417.761444
16.022724,21,20417.761556
8.011364,11,20417.761577
14.420452,19,20417.761593
13.619316,18,20419.44826
8.810265,12,20421.142001
8.009129,11,20421.142095
4.806818,7,20422.76048
7.2102275,10,20422.760576
3.3238635,5,20426.923854
24.034084,30,20426.923952
25.021402,30,20428.708333
17.624996,23,20428.708437
24.948658,30,20428.70846
4.806818,7,20430.466807
17.620134,23,20430.466894
22.431812,29,20432.394059
21.640205,30,20432.394159
24.191982,30,20432.394183
25.021402,30,20432.394201
16.020489,21,20432.394218
16.816341,22,20432.394235
8.064394,11,20434.56056
11.215908,15,20434.560643
2.6876073,4,20436.440303
16.82386,22,20436.44058
24.026566,30,20436.440707
7.2102275,10,20436.440821
9.613636,13,20436.440931
22.42695,29,20436.441041
6.4068723,9,20438.100353
9.778517,13,20438.100453
10.414772,14,20438.100476
11.380789,15,20438.100493
23.673895,30,20439.534271
9.611401,13,20439.534379
3.7603533,5,20441.953903
12.815945,17,20441.953992
15.272383,20,20443.35131
13.22177,18,20444.99839
3.3671954,5,20444.998495
6.4046216,9,20444.998515
6.6601186,9,20444.99853
21.276293,28,20446.719389
20.28986,29,20446.719486
17.181797,22,20446.719507
14.956671,20,20446.719522
10.210024,13,20446.719538
23.028202,29,20446.719552
6.9648986,9,20449.565296
21.48956,30,20449.565391
24.031849,30,20449.565415
1.9602091,3,20450.967341
6.5612907,8,20450.967453
21.29554,30,20450.967472
8.962464,11,20450.967488
22.960222,30,20450.967504
17.978464,23,20452.717849
2.1978035,3,20452.717938
3.2045453,5,20452.717956
1.9602091,3,20452.717969
22.15434,30,20452.717982
5.965891,8,20452.717996
12.01257,16,20452.718008
7.561286,9,20452.71802
5.7579246,7,20452.718033
9.698863,14,20452.718045
10.695998,15,20454.403016
1.9583726,3,20454.403123
22.600033,30,20457.078822
20.775341,25,20457.078903
8.559055,10,20457.078918
8.764016,11,20457.07893
2.4011736,4,20458.289595
24.029613,30,20458.289701
10.291221,14,20458.289724
18.570799,22,20458.28974
9.964695,12,20460.080933
17.168598,21,20460.081029
6.7583003,8,20460.08105
21.418228,26,20460.081068
5.9590135,7,20460.081084
5.123407,6,20461.958916
4.959018,6,20464.428732
4.0056815,6,20464.428844
18.423897,24,20464.428868
22.124996,30,20464.428887
4.0056815,6,20464.428903
7.9590125,9,20464.428918
12.730525,16,20464.428932
6.9571667,8,20464.428947
10.499999,15,20464.428963
7.957163,9,20464.428978
6.7560787,8,20465.864643
6.197649,7,20465.864737
16.960608,19,20465.864754
14.41114,19,20467.65883
7.786496,9,20467.65893
3.1997015,5,20467.658951
8.955058,10,20467.658967
4.000838,6,20467.658981
2.9894383,4,20467.658995
2.3985653,4,20467.659008
7.9590125,9,20467.659021
0.8011364,2,20469.420059
8.625079,13,20469.420333
7.2027082,10,20471.561192
16.806358,20,20471.561279
5.957164,7,20471.567235
6.9571624,8,20471.567329
6.955048,8,20471.567349
4.9571724,6,20471.567365
7.2027082,10,20471.56738
17.045029,20,20473.000479
4.7561126,6,20473.000572
5.605736,8,20473.000596
9.957171,11,20473.000613
3.2045453,5,20473.000628
3.197027,5,20473.000643
16.406134,18,20473.000659
1.597429,3,20473.000677
1.6471453,3,20473.000691
10.985476,12,20474.80427
5.600436,8,20474.804356
4.959018,6,20474.804377
3.1997015,5,20474.804393
6.3575993,8,20474.804409
5.277195,6,20474.804425
14.561285,16,20474.804439
5.9571724,7,20476.710102
10.957162,12,20476.710174
16.593145,24,20476.710191
0.96601653,2,20476.710215
5.554622,7,20476.710227
3.1970465,5,20476.710239
1.7649229,3,20476.710251
1.597429,3,20479.500328
1.6000543,3,20479.50042
19.161724,22,20479.500442
11.208807,15,20480.760566
5.355114,7,20480.760659
9.606117,13,20480.760684
9.119969,10,20482.629643
8.556428,10,20482.629739
12.273231,13,20482.629763
4.003446,6,20484.643743
21.358458,23,20484.643844
6.4068556,9,20484.643865
5.996556,7,20484.643881
8.362422,10,20487.396746
5.955058,7,20487.396832
12.197648,13,20489.223774
4.7992997,7,20489.224007
24.024752,30,20489.224099
9.611401,13,20489.224164
13.608161,18,20489.224226
14.412935,19,20489.224295
12.123406,13,20490.853163
2.4011736,4,20494.95179
3.2023098,5,20494.951875
7.258395,10,20494.951892
20.635118,28,20494.951904
10.922313,12,20494.951916
2.4011736,4,20496.82291
7.207992,10,20496.822997
11.264075,15,20496.823019
8.006501,11,20496.823035
10.406218,14,20498.352181
2.398546,4,20498.352274
3.2603061,5,20498.352299
10.409909,14,20498.352318
8.011364,11,20498.352334
4.7992997,7,20498.35235
0.7989179,2,20499.945014
8.808046,12,20499.9524
6.764792,9,20502.419062
9.608773,13,20502.419145
10.797069,14,20502.419163
1.9583726,3,20502.419179
12.807023,17,20502.419194
5.993425,8,20502.419218
12.568772,16,20504.07276
26.336943,30,20504.072859
11.208389,15,20504.072884
2.3985653,4,20504.072903
12.812227,17,20504.07292
11.968176,15,20505.6228
10.409909,14,20505.622912
3.316345,5,20507.121711
1.597429,3,20507.121819
12.810661,17,20507.121846
3.0803642,5,20511.571975
4.4488635,7,20511.572073
8.422289,12,20517.814142
5.00652,8,20519.333423
26.101072,30,20525.266714
21.363258,30,20526.461621
4.058712,6,20528.421411
20.659195,30,20528.421494
22.357317,30,20530.258215
23.48784,30,20530.258286
20.454542,30,20530.258301
22.48295,30,20532.608568
22.44846,30,20534.070226
22.38909,30,20534.070325
21.760742,30,20535.933451
22.001598,30,20535.933537
21.40157,30,20537.255728
21.967003,30,20537.255822
21.647724,30,20537.255844
22.003443,30,20539.64691
22.005678,30,20539.65082
22.091959,30,20539.650872
21.162933,30,20541.480643
21.736631,30,20545.009431
21.729925,30,20545.009509
19.229404,27,20545.00953
20.926952,30,20545.009542
21.647724,30,20545.009553
7.366925,10,20547.552931
21.051132,30,20550.904105
21.320513,30,20550.904222
20.57386,30,20550.904249
19.364542,28,20550.904269
21.17045,30,20552.505928
22.361244,30,20554.894486
21.225374,30,20554.894578
21.136467,30,20554.894596
21.599403,30,20556.663901
7.4465094,10,20556.663997
20.75411,29,20556.664019
22.082802,30,20556.664035
4.5418987,7,20558.454032
8.248605,11,20558.454152
21.482742,30,20558.454173
6.409091,9,20558.454187
12.537349,17,20558.454201
22.518078,30,20558.454215
1.278391,2,20558.454228
20.931814,30,20558.454241
12.368905,17,20560.049654
19.7192,28,20560.04975
21.683071,30,20560.04977
21.194237,29,20560.049784
19.883114,29,20560.049797
22.952951,30,20560.04981
3.7263987,5,20560.049823
8.929214,11,20560.049835
21.685307,30,20560.049848
22.955559,30,20560.049861
11.974873,16,20560.049874
5.9590135,7,20560.049887
20.818268,30,20564.311629
22.082802,30,20564.311707
4.1234093,5,20564.311722
12.7373905,17,20564.311732
1.9602091,3,20564.311741
12.171865,16,20565.485927
4.8570943,7,20565.486015
12.537349,17,20565.486035
2.0541613,3,20565.486049
3.9590473,5,20565.486064
2.9592168,4,20565.486079
2.9573765,4,20567.344075
4.987567,6,20567.34416
9.571594,12,20567.344178
6.9630585,9,20567.344192
16.008825,20,20567.344206
21.253613,30,20567.344219
2.9592168,4,20567.344233
22.719158,30,20567.344247
8.406134,10,20570.034725
1.7905216,3,20570.034831
13.939959,18,20570.034849
10.368138,13,20570.034863
1.9602091,3,20571.429167
12.694629,17,20571.42926
1.1985551,2,20571.429284
18.171856,22,20571.429301
1.9602091,3,20571.429317
6.1234064,7,20571.429333
4.9571686,6,20571.429348
5.9571633,7,20571.429365
2.7275317,4,20571.429381
18.67371,26,20572.854676
6.76015,8,20572.854757
4.1976533,5,20572.854774
1.1240078,2,20574.713116
11.760178,13,20574.7132
23.991884,30,20574.71322
3.9590473,5,20574.713235
0.96601653,2,20574.713249
7.957163,9,20577.5035
4.959018,6,20579.043855
15.446468,18,20579.043948
8.957163,10,20579.043968
8.959012,10,20579.043983
18.204134,22,20579.043999
4.959018,6,20580.444316
16.169239,19,20580.444588
10.959012,12,20580.444724
7.924543,9,20580.444844
9.959012,11,20580.444964
3.9590473,5,20582.243704
10.959012,12,20582.243805
6.9590125,8,20582.243827
8.123406,9,20582.243845
5.9590135,7,20582.243859
7.9590125,9,20584.997642
1.9602091,3,20584.997711
3.9590473,5,20584.997724
22.377615,27,20584.997734
14.394555,16,20587.024722
9.959012,11,20587.024808
4.959018,6,20587.024842
6.8566155,8,20587.024858
21.488197,25,20587.024873
13.123406,14,20587.024887
5.9571724,7,20587.024901
6.9590125,8,20587.024914
4.0522647,5,20588.834135
3.9590473,5,20588.834403
9.765956,11,20588.834531
5.9571633,7,20588.834649
3.9590473,5,20588.834766
6.1215563,7,20588.834881
2.957371,4,20588.834993
2.9557893,4,20588.835106
1.9996915,3,20588.835249
3.9572015,5,20590.308807
8.050589,9,20590.308909
12.957162,14,20590.308933
14.951082,16,20590.308951
8.955058,10,20590.30897
9.955309,11,20590.30899
16.404287,18,20592.65396
2.9592168,4,20592.654036
1.9602091,3,20592.654053
4.959018,6,20592.654067
6.924545,8,20594.45308
1.1240078,2,20594.453161
7.1958027,8,20596.242822
3.277229,4,20596.242913
13.959012,15,20596.242934
3.9590473,5,20596.242949
1.9602091,3,20596.242962
15.119442,16,20597.743073
6.0541134,7,20597.743161
15.790577,17,20597.743179
1.7649229,3,20597.743229
3.9590473,5,20597.743245
4.959018,6,20597.743258
5.9590135,7,20600.301607
13.98759,15,20600.301697
10.998785,12,20600.301716
22.453558,24,20600.301733
21.355713,23,20600.30175
6.98944,8,20602.195992
5.556463,7,20602.196074
1.9602091,3,20602.196091
14.957202,17,20602.196104
8.757918,10,20602.196115
20.95292,22,20602.196127
3.9590473,5,20604.270058
4.0056815,6,20604.270144
21.360783,24,20604.270164
7.9947047,9,20606.116883
5.586855,7,20606.116979
2.403409,4,20606.116999
16.156036,18,20606.117014
4.1234093,5,20606.11703
8.054113,9,20606.117045
10.407984,12,20606.11706
2.403409,4,20608.433106
11.760149,13,20608.433205
15.957162,17,20608.433228
9.123406,10,20608.433245
3.2045453,5,20608.433261
10.197648,11,20610.019105
2.403409,4,20610.019191
19.328121,23,20611.857873
11.757918,13,20611.857993
9.758303,11,20611.858028
19.760149,21,20611.85805
19.959011,21,20611.858071
11.959012,13,20611.858091
10.959012,12,20611.858111
4.0056815,6,20613.636716
15.197648,16,20616.047116
9.613636,13,20616.047243
13.197648,14,20616.047265
13.197648,14,20617.4784
10.277194,11,20617.478623
4.806818,7,20619.321861
2.403409,4,20619.321961
4.0056815,6,20619.321982
6.409091,9,20619.322001
10.414772,14,20621.014278
11.215908,15,20621.01437
6.528409,9,20621.014394
8.8125,12,20621.014411
8.8125,12,20621.014428
14.418217,19,20623.306323
13.619316,18,20625.181581
6.409091,9,20625.181668
10.414772,14,20626.988022
3.2045453,5,20628.701671
3.2045453,5,20628.701774
4.806818,7,20630.970912
7.2102275,10,20630.970984
9.740563,13,20630.971003
11.215908,15,20632.784202
13.176118,17,20634.273524
23.435276,30,20640.546376
25.339584,30,20641.954512
25.187492,30,20653.394031
24.70322,30,20653.394289
22.480732,30,20655.013287
22.363632,30,20655.013368
17.187372,24,20656.205609
22.363632,30,20656.20569
22.244314,30,20656.205706
22.761343,30,20656.205718
18.681816,27,20656.205731
22.124996,30,20657.771116
22.242096,30,20657.771185
22.122778,30,20660.279522
22.318054,30,20661.830413
22.00346,30,20661.830674
22.00346,30,20661.830803
22.327414,30,20661.830926
21.88636,30,20663.062811
21.884142,30,20663.062901
21.61374,30,20663.066141
21.767042,30,20664.806841
21.17045,30,20664.806928
21.647724,30,20667.206955
21.647724,30,20667.207028
21.645506,30,20667.207043
21.647724,30,20667.207054
21.528406,30,20668.754372
21.40687,30,20669.967175
21.28977,30,20669.967299
21.721462,30,20669.967316
21.28755,30,20671.624414
21.17045,30,20674.136456
21.482826,30,20674.143296
21.134249,30,20675.829579
21.363506,30,20675.829665
21.048914,30,20675.829684
20.454542,30,20675.8297
21.048914,30,20675.829717
20.929596,30,20677.134323
20.812496,30,20678.924522
20.812496,30,20678.924609
21.005552,30,20681.424008
20.886234,30,20683.164496
20.539877,30,20683.164576
20.539877,30,20684.649112
20.539877,30,20684.649219
20.454542,30,20684.649249
20.539877,30,20686.437521
20.454542,30,20688.466149
20.454542,30,20693.103525
10.227271,16,20695.399638
20.454542,30,20695.399727
20.545685,30,20705.960024
20.454542,30,20705.960217
20.886234,30,20707.444596
12.272725,19,20707.4447
20.539877,30,20707.444734
20.454542,30,20709.705992
20.454542,30,20709.706084
20.653387,30,20709.706105
20.454542,30,20709.70612
20.454542,30,20709.706137
20.454542,30,20711.346079
17.926115,27,20711.346412
20.454542,30,20711.346535
20.454542,30,20712.905787
21.01015,30,20714.516318
20.454542,30,20714.516408
20.454542,30,20714.51643
21.007917,30,20714.516447
1.597429,3,20714.516462
20.454542,30,20716.656884
20.454542,30,20716.65719
20.651173,30,20718.26885
1.597429,3,20718.268941
20.454542,30,20718.268962
20.454542,30,20719.500431
21.368101,30,20719.500522
4.0056815,6,20719.50054
20.566965,30,20719.500554
20.454542,30,20721.217513
15.913556,23,20721.217621
20.454542,30,20723.621569
5.6079545,8,20723.621659
20.454542,30,20723.621675
20.454542,30,20723.621691
4.0056815,6,20725.31021
8.009129,11,20725.310302
20.454542,30,20725.310323
0.8541667,2,20726.724764
20.454542,30,20726.724863
4.806818,7,20726.724888
20.539877,30,20728.460919
20.454542,30,20728.460993
20.454542,30,20728.461008
20.454542,30,20728.46102
20.454542,30,20728.461031
8.011364,11,20728.461042
4.7992997,7,20728.461053
8.8125,12,20728.461063
20.454542,30,20730.902673
20.539877,30,20732.544894
20.454542,30,20732.544979
20.539877,30,20735.44489
20.454542,30,20735.44498
20.454542,30,20738.049634
20.454542,30,20738.049895
20.454542,30,20738.049924
20.454542,30,20739.723556
20.454542,30,20741.168376
10.020491,15,20741.168484
7.207992,10,20741.175453
20.571642,30,20747.002238
20.454542,30,20748.753631
20.454542,30,20748.753739
22.00346,30,20758.97325
21.489729,30,20760.408295
21.52617,30,20760.408373
21.28977,30,20761.800327
21.875153,30,20763.466802
21.528406,30,20763.466884
21.528406,30,20763.466899
20.929579,30,20767.587115
21.40687,30,20767.587245
21.404243,30,20768.872148
20.778683,30,20770.44485
20.778683,30,20770.444932
21.520906,30,20770.444949
21.163368,30,20772.805443
21.36127,30,20772.805534
20.57386,30,20772.805552
21.04627,30,20772.805565
20.812496,30,20774.347042
21.04223,30,20774.34714
20.688335,30,20775.660209
20.80807,30,20775.660299
20.57386,30,20777.302985
20.812496,30,20777.30306
20.571642,30,20777.303076
20.57386,30,20779.419452
20.886234,30,20779.419544
20.57386,30,20779.41956
20.571642,30,20780.74555
20.929596,30,20780.751575
20.454542,30,20780.751634
20.454542,30,20780.751657
20.690943,30,20780.751675
21.88636,30,20780.751693
20.454542,30,20780.75171
20.454542,30,20780.751728
20.454542,30,20782.421171
20.571642,30,20783.857521
20.454542,30,20783.857603
20.454542,30,20787.862247
20.539877,30,20787.862318
21.136467,30,20789.57725
20.571642,30,20789.577345
20.454542,30,20789.577371
20.454542,30,20791.006701
21.051132,30,20793.366543
20.454542,30,20793.366622
20.454542,30,20793.36664
21.28977,30,20797.709733
20.539877,30,20800.139416
20.454542,30,20800.139509
20.454542,30,20809.92137
20.454542,30,20811.423003
20.454542,30,20811.423084
20.454542,30,20813.863358
20.454542,30,20815.457278
20.454542,30,20815.457373
20.454542,30,20815.457401
16.363634,25,20817.239944
20.454542,30,20818.43565
20.539877,30,20818.435726
20.539877,30,20820.926375
20.539877,30,20822.519386
20.454542,30,20822.524023
20.454542,30,20822.524092
20.454542,30,20824.150017
20.454542,30,20824.1501
20.454542,30,20824.150118
20.454542,30,20824.150135
20.766825,30,20825.480271
17.72727,27,20827.948623
18.58075,28,20827.948722
20.62524,30,20827.959569
20.454542,30,20827.959797
20.454542,30,20829.443987
20.454542,30,20829.444081
20.454542,30,20829.444103
20.454542,30,20831.028435
20.539854,30,20831.028526
20.625212,30,20832.537734
20.539877,30,20832.53782
20.454542,30,20832.537841
20.539877,30,20832.537859
20.454542,30,20832.537875
20.625212,30,20832.537892
20.539877,30,20832.537909
20.659195,30,20835.0294
20.454542,30,20836.527298
20.454542,30,20836.52739
20.454542,30,20839.471638
20.454542,30,20839.471714
20.454542,30,20841.818336
20.454542,30,20841.818415
20.736454,30,20841.818432
20.539877,30,20843.252977
20.454542,30,20844.867033
20.539877,30,20844.867131
20.454542,30,20844.867154
11.34541,17,20848.720964
20.454542,30,20850.265503
7.67081,12,20850.265584
20.651207,30,20851.87267
20.539877,30,20851.872754
17.33325,26,20862.923057
20.656977,30,20862.923137
20.539877,30,20864.534052
20.454542,30,20864.534129
20.539877,30,20866.07409
20.539877,30,20867.391763
20.539877,30,20867.391842
20.454542,30,20867.391863
20.454542,30,20871.52372
20.454542,30,20873.066298
23.872568,30,20874.31821
20.454542,30,20874.318303
20.539877,30,20874.318328
20.539877,30,20876.657144
20.63102,30,20876.657216
20.454542,30,20876.657235
20.539877,30,20876.657251
22.08179,30,20878.232761
20.454542,30,20879.919088
20.454542,30,20879.919164
20.454542,30,20879.919182
20.539877,30,20879.919255
20.625212,30,20881.371927
20.539877,30,20881.372002
21.964691,30,20883.951772
20.539883,30,20883.951853
3.2045453,5,20885.712106
20.454542,30,20885.712183
20.539877,30,20885.712207
20.62524,30,20885.712224
20.539877,30,20885.712239
20.454542,30,20885.712255
22.08401,30,20885.71227
20.454542,30,20885.712287
2.4011736,4,20887.352471
20.625381,30,20887.352529
20.454542,30,20888.529568
17.624996,23,20888.529642
22.487526,30,20888.529658
14.403491,22,20888.52967
1.6000372,3,20888.529682
9.7420845,15,20891.058128
20.770487,30,20892.69185
20.931814,30,20892.691934
20.454542,30,20894.389508
21.914236,30,20894.389588
20.539854,30,20894.38961
20.454542,30,20895.826969
20.539854,30,20898.245471
20.742315,30,20898.245549
20.651173,30,20898.24557
20.539877,30,20902.801823
21.01015,30,20905.228227
20.539883,30,20905.2283
9.610667,14,20909.426166
22.09682,30,20915.048408
20.630026,30,20915.048483
22.313198,30,20916.432428
20.539877,30,20919.090935
22.712767,30,20920.706306
20.651173,30,20920.706379
20.454542,30,20920.706395
20.651173,30,20923.484293
21.28977,30,20926.108436
21.48997,30,20927.786806
20.454542,30,20927.786885
20.454542,30,20927.786906
21.996155,30,20929.499969
20.454542,30,20929.500031
21.492205,30,20929.500044
20.651207,30,20930.757839
20.454542,30,20933.254218
21.284925,30,20933.254383
20.454542,30,20933.254442
20.688335,30,20934.817875
20.83343,30,20934.817958
20.626204,30,20936.372153
21.005552,30,20937.530476
20.454542,30,20937.530568
20.545685,30,20937.530595
21.017155,30,20937.530613
20.571642,30,20937.530633
20.693178,30,20937.530651
20.808432,30,20937.530668
20.886234,30,20940.169513
20.454542,30,20940.169593
20.571642,30,20941.901391
20.656977,30,20941.901483
20.539877,30,20941.901507
20.454542,30,20941.901525
20.571642,30,20941.901543
20.454542,30,20943.514505
20.539877,30,20944.750074
20.571642,30,20944.750156
2.7272727,5,20947.067734
20.571642,30,20947.067806
20.454542,30,20947.067823
20.571642,30,20947.067837
20.454542,30,20948.780984
20.539877,30,20950.0326
20.539877,30,20950.032685
20.454542,30,20950.032705
20.540047,30,20955.832101
20.540869,30,20957.351469
20.454542,30,20957.351547
20.454542,30,20962.469284
20.454542,30,20968.118627
20.454542,30,20968.118713
20.454542,30,20969.667532
20.454542,30,20971.143991
20.454542,30,20972.507511
20.454542,30,20972.507593
20.454542,30,20972.507615
20.454542,30,20976.742007
20.454542,30,20978.288335
4.0056815,6,20978.288421
20.454542,30,20979.501423
20.454542,30,20979.50151
20.539877,30,20979.504922
20.454542,30,20981.921333
20.454542,30,20981.921407
20.454542,30,20981.921422
4.0056815,6,20983.549571
20.454542,30,20983.549646
20.454542,30,20985.123865
20.454542,30,20985.123945
20.539877,30,20985.127394
20.454542,30,20986.430575
20.454542,30,20986.430654
4.806818,7,20988.962286
2.403409,4,20988.96235
20.454542,30,20988.962365
20.454542,30,20990.534266
20.454542,30,20990.53435
20.454542,30,20990.534368
20.539877,30,20990.534384
20.454542,30,20990.534398
20.454542,30,20990.534412
20.454542,30,20992.070476
20.539883,30,20992.070552
20.454542,30,20993.330296
20.454542,30,20993.330381
20.539906,30,20993.330407
20.454542,30,20993.330425
20.454542,30,20993.330442
20.454542,30,20995.758788
11.215908,15,20995.762537
9.613636,13,20995.762581
20.454542,30,20997.421522
17.72727,27,20997.4216
4.806818,7,20997.421621
20.454542,30,20997.421636
20.454542,30,20998.970906
20.454542,30,20998.970984
20.454542,30,20998.971003
20.454542,30,20998.97102
8.810265,12,21000.232365
20.57386,30,21000.232424
20.454542,30,21002.722879
20.539877,30,21002.722965
10.579653,14,21004.246953
20.454542,30,21007.222746
20.539877,30,21009.835816
20.539877,30,21009.835894
20.454542,30,21014.158939
21.767042,30,21019.44767
21.528406,30,21023.797025
22.35877,30,21025.428214
22.12276,30,21030.644394
21.136467,30,21030.644469
20.931814,30,21032.171673
21.88636,30,21033.75162
20.897831,30,21033.751712
20.693178,30,21035.183946
21.767042,30,21035.184014
20.57386,30,21037.790003
20.659195,30,21037.790082
21.764807,30,21039.458084
20.454542,30,21039.458163
20.539877,30,21041.017969
21.852377,30,21041.018044
21.721462,30,21041.018058
21.287535,30,21042.354287
20.454542,30,21042.354369
20.688831,30,21042.354389
21.28977,30,21042.354406
20.454542,30,21042.354422
20.539877,30,21042.354438
21.482826,30,21044.780306
20.57386,30,21044.780392
20.454542,30,21046.569926
20.539906,30,21046.570001
20.454542,30,21046.57002
20.62524,30,21046.570035
20.62524,30,21046.570049
20.539877,30,21048.285322
20.540047,30,21048.285398
20.454542,30,21048.285419
20.539877,30,21049.626538
20.454542,30,21049.626616
20.539877,30,21049.626633
20.540869,30,21049.626647
20.454542,30,21052.037977
20.545685,30,21052.038049
20.545685,30,21052.038064
20.454542,30,21052.038078
20.81026,30,21053.560133
20.57386,30,21053.560193
20.454542,30,21055.069107
20.454542,30,21055.069187
20.454542,30,21056.262851
20.454542,30,21060.224777
20.454542,30,21061.939346
20.454542,30,21061.939423
20.454542,30,21067.398191
20.454542,30,21072.780565
20.454542,30,21075.981562
20.454542,30,21077.259582
20.454542,30,21082.870153
20.454542,30,21082.870216
20.454542,30,21084.127423
20.454542,30,21086.627697
20.454542,30,21086.627771
20.454542,30,21088.237071
20.454542,30,21088.237161
20.454542,30,21089.869182
20.454542,30,21089.869269
20.57386,30,21091.159744
20.454542,30,21091.159822
20.454542,30,21093.673401
20.454542,30,21093.679455
20.454542,30,21093.679549
20.454542,30,21095.05443
20.454542,30,21095.05451
20.454542,30,21095.05453
20.454542,30,21095.054546
20.454542,30,21095.054561
20.454542,30,21095.054576
20.454542,30,21096.529486
20.454542,30,21096.529562
20.454542,30,21097.964914
20.454542,30,21097.964995
20.454542,30,21097.965013
20.454542,30,21097.965026
20.454542,30,21097.96504
20.454542,30,21100.33964
20.454542,30,21100.339733
20.454542,30,21100.339756
20.454542,30,21102.057832
20.454542,30,21102.057911
20.454542,30,21102.057931
20.454542,30,21102.057947
20.454542,30,21103.656525
20.454542,30,21103.656599
20.454542,30,21103.656616
20.454542,30,21103.656631
20.454542,30,21104.95602
1.3636364,3,21104.956099
20.454542,30,21104.963691
20.454542,30,21107.532056
20.454542,30,21107.532135
20.454542,30,21109.038354
20.454542,30,21111.891956
20.454542,30,21114.337002
20.454542,30,21114.337085
20.454542,30,21118.839512
20.454542,30,21124.165439
2.5227273,4,21125.608083
20.454542,30,21128.201851
20.454542,30,21130.009336
20.454542,30,21135.548364
20.454542,30,21135.548425
20.454542,30,21137.221377
20.454542,30,21138.805414
20.454542,30,21138.805511
20.454542,30,21140.069951
20.454542,30,21140.070033
20.454542,30,21142.501952
20.454542,30,21142.50203
20.539877,30,21143.962657
20.454542,30,21143.962757
6.4068556,9,21145.720991
20.454542,30,21145.72108
20.539877,30,21145.721109
20.454542,30,21145.721128
20.454542,30,21147.135488
20.454542,30,21147.135565
20.454542,30,21147.135579
20.454542,30,21147.135591
20.454542,30,21147.135602
20.454542,30,21147.135613
20.539877,30,21149.665349
20.454542,30,21149.665427
16.680805,25,21149.665447
20.454542,30,21151.148337
20.454542,30,21151.148419
20.454542,30,21151.148436
20.539877,30,21151.148449
21.01015,30,21151.148462
20.454542,30,21152.468547
20.454542,30,21152.468618
20.454542,30,21154.021385
20.454542,30,21154.021457
20.454542,30,21154.021474
20.454542,30,21154.021486
20.454542,30,21156.523537
20.454542,30,21156.523621
20.454542,30,21156.523643
20.454542,30,21156.523659
20.454542,30,21158.080953
21.48742,30,21158.081033
20.454542,30,21159.748633
20.454542,30,21159.748707
20.454542,30,21161.034212
20.454542,30,21165.14806
21.248783,30,21166.762
21.726055,30,21166.762065
20.454542,30,21177.337093
21.606737,30,21179.004614
20.454542,30,21180.697342
20.539906,30,21187.644123
20.454542,30,21187.644202
21.88228,30,21188.74234
20.690943,30,21190.95449
20.454542,30,21190.954578
20.545685,30,21192.427478
20.57386,30,21192.427558
20.571642,30,21193.956598
20.57386,30,21193.95667
20.454542,30,21195.45489
20.454542,30,21195.454968
20.454542,30,21197.738974
20.454542,30,21197.739056
20.454542,30,21197.739074
20.454542,30,21197.73909
21.051132,30,21199.338682
20.454542,30,21199.338762
20.454542,30,21199.338781
21.409088,30,21199.338797
20.454542,30,21199.338813
20.454542,30,21199.338828
20.454542,30,21200.943574
20.812496,30,21200.94365
20.454542,30,21200.943668
20.454542,30,21202.293751
4.090909,7,21202.293828
20.454542,30,21202.293844
20.454542,30,21202.293859
20.454542,30,21202.293871
20.57386,30,21202.293884
20.454542,30,21204.637562
20.454542,30,21204.637636
20.454542,30,21206.251753
20.454542,30,21206.251831
20.454542,30,21206.251852
20.454542,30,21206.251869
20.454542,30,95419.157559
20.454542,30,95419.157644
20.454542,30,95419.157664
20.454542,30,95419.157681
20.454542,30,95420.925274
20.454542,30,95420.925355
20.454542,30,95422.918563
20.454542,30,95422.918622
20.454542,30,95424.69814
20.454542,30,95428.197777
20.454542,30,95430.718762
20.454542,30,95430.718835
5.454545,9,95433.831456
20.454542,30,95441.367896
20.454542,30,95442.976746
20.454542,30,95445.288692
20.454542,30,95452.647032
20.454542,30,95452.647238
20.539877,30,95454.143286
20.539877,30,95455.918686
20.454542,30,95457.544063
20.454542,30,95457.544162
20.454542,30,95459.650295
20.454542,30,95459.650387
20.454542,30,95461.325685
20.539877,30,95461.32577
20.454542,30,95462.912714
20.454542,30,95462.9128
20.454542,30,95462.915351
20.539877,30,95462.915511
20.539877,30,95464.718276
20.454542,30,95464.718359
20.454542,30,95464.718381
20.454542,30,95464.7184
21.845373,30,95464.718417
20.454542,30,95464.718433
20.454542,30,95467.048649
20.539877,30,95467.048739
20.539877,30,95467.048764
20.454542,30,95468.698515
20.454542,30,95468.698595
20.454542,30,95468.698612
20.454542,30,95468.698625
20.454542,30,95468.698638
20.454542,30,95468.69865
20.539877,30,95470.163095
20.454542,30,95470.16318
20.539877,30,95471.930326
20.454542,30,95471.93041
20.454542,30,95471.930434
20.454542,30,95474.112961
20.539877,30,95474.11304
20.454542,30,95474.124079
21.453442,30,95474.124146
20.454542,30,95475.714782
20.454542,30,95475.714849
20.454542,30,95477.303683
20.539883,30,95477.303834
20.454542,30,95479.121012
20.454542,30,95482.935123
20.545685,30,95484.408176
20.454542,30,95484.408257
20.454542,30,95488.532901
22.001598,30,95495.87211
20.57386,30,95497.558996
20.454542,30,95499.24475
20.454542,30,95506.336297
21.28977,30,95506.336382
20.454542,30,95508.059577
21.52617,30,95510.536931
20.454542,30,95512.323186
20.454542,30,95512.32331
20.454542,30,95513.733543
20.454542,30,95513.733629
20.454542,30,95515.452928
20.454542,30,95515.453024
20.454542,30,95517.899743
20.454542,30,95517.899832
20.454542,30,95517.899855
20.454542,30,95517.899875
21.017149,30,95519.544586
20.454542,30,95519.54467
20.454542,30,95519.544693
20.454542,30,95519.544712
20.454542,30,95519.544728
20.539877,30,95519.544745
20.454542,30,95521.053817
20.454542,30,95521.05391
20.539877,30,95521.053931
20.454542,30,95522.716423
20.454542,30,95522.716498
20.454542,30,95522.716513
20.539877,30,95522.716524
20.454542,30,95522.716534
20.539877,30,95522.716544
20.539877,30,95525.105067
20.454542,30,95525.105166
20.454542,30,95526.740973
20.454542,30,95526.741078
20.454542,30,95526.741102
20.454542,30,95528.425594
20.454542,30,95528.425688
20.539877,30,95528.425706
20.454542,30,95528.425721
20.454542,30,95530.197073
20.454542,30,95530.197167
20.454542,30,95532.140503
20.454542,30,95532.144196
20.454542,30,95533.758702
1.3636364,3,95535.308125
20.454542,30,95537.037362
20.454542,30,95539.398939
20.539877,30,95539.399004
20.539877,30,95542.533326
20.539877,30,95550.10733
20.454542,30,95551.925854
20.625212,30,95554.152746
20.454542,30,95561.631405
20.454542,30,95561.631558
20.454542,30,95563.47205
20.454542,30,95565.199123
20.540047,30,95566.747812
20.454542,30,95566.747908
20.454542,30,95568.720202
20.454542,30,95568.720282
20.539877,30,95570.429072
20.454542,30,95570.42916
20.656977,30,95571.841799
20.571642,30,95571.841888
20.571642,30,95571.841908
20.886234,30,95571.841924
20.454542,30,95573.5634
20.454542,30,95573.563487
20.539877,30,95573.563505
20.454542,30,95573.56352
20.771713,30,95573.563535
20.454542,30,95573.56355
20.454542,30,95575.719123
20.454542,30,95575.719238
20.539877,30,95575.722267
21.01015,30,95577.360085
20.539877,30,95577.36036
20.539877,30,95577.360484
20.454542,30,95577.360506
20.454542,30,95577.360523
20.454542,30,95577.360539
20.539877,30,95578.828776
20.454542,30,95578.828984
20.454542,30,95580.62382
20.539877,30,95580.623916
20.454542,30,95580.623942
21.248783,30,95583.06398
20.454542,30,95583.064062
20.454542,30,95583.064081
20.454542,30,95583.064095
5.5738635,9,95583.064111
20.454542,30,95584.807981
20.454542,30,95586.328434
20.454542,30,95586.329086
20.454542,30,95588.035666
20.454542,30,95590.357825
20.771713,30,95592.03502
20.454542,30,95593.529408
20.454542,30,95593.529502
13.816893,19,95595.199804
20.625212,30,95597.603591
20.454542,30,95604.75417
21.52617,30,95606.518011
20.454542,30,95608.099442
21.287535,30,95615.447067
21.165588,30,95617.223831
16.566069,25,95617.223908
21.04627,30,95619.249817
20.925861,30,95620.819389
20.571642,30,95622.423368
20.81026,30,95622.423489
20.454542,30,95624.172579
20.693178,30,95624.172833
20.539877,30,95626.721678
20.571642,30,95626.721767
20.659195,30,95626.721791
20.454542,30,95628.329952
20.454542,30,95628.330041
20.454542,30,95628.330065
20.454542,30,95628.330084
20.454542,30,95628.330102
20.931814,30,95628.330119
20.454542,30,95629.797676
20.539877,30,95629.797761
20.625212,30,95629.797781
20.454542,30,95631.643503
20.454542,30,95631.643583
20.539877,30,95631.643604
20.539877,30,95631.64362
20.454542,30,95631.643635
20.454542,30,95631.643649
20.454542,30,95633.931601
20.57386,30,95633.93169
20.454542,30,95635.55252
20.454542,30,95635.55261
20.454542,30,95635.552629
20.539877,30,95637.123165
20.454542,30,95637.123258
20.454542,30,95637.123274
20.454542,30,95637.123287
20.539877,30,95637.1233
20.454542,30,95638.73365
20.539877,30,95640.948354
20.454542,30,95640.948436
3.2045453,5,95640.948454
20.540047,30,95642.744367
20.540869,30,95644.307397
20.539877,30,95646.03873
20.454542,30,95648.323504
20.656977,30,95648.323609
20.539877,30,95649.997485
20.890862,30,95651.504521
9.613636,13,95658.570082
20.454542,30,95658.570167
20.625212,30,95660.268441
21.48742,30,95662.59128
5.605719,8,95662.591367
5.4864006,8,95664.337174
20.454542,30,95669.873083
20.57386,30,95671.50107
20.454542,30,95671.501146
20.454542,30,95672.958715
20.454542,30,95674.705413
20.539877,30,95677.139917
20.454542,30,95677.140006
20.454542,30,95678.905836
20.454542,30,95678.905912
20.454542,30,95680.450593
21.48742,30,95680.450679
21.375273,30,95680.450698
20.454542,30,95682.074294
20.454542,30,95682.074382
21.528406,30,95682.074405
20.454542,30,95682.074424
20.454542,30,95682.074441
20.454542,30,95682.074458
20.454542,30,95684.349825
20.539877,30,95684.353716
20.539877,30,95684.353787
20.931814,30,95686.128195
20.539877,30,95686.12829
20.454542,30,95686.128314
20.454542,30,95686.128329
20.57386,30,95686.128344
20.898,30,95687.639592
22.47887,30,95687.63968
21.168232,30,95689.342722
22.602268,30,95689.342807
21.048914,30,95691.698109
20.57386,30,95691.698185
20.454542,30,95691.6982
21.048914,30,95691.698211
20.454542,30,95691.698221
21.244188,30,95693.149113
20.454542,30,95694.876094
22.238024,30,95694.876185
20.810278,30,95694.876204
20.545685,30,95696.54819
20.454542,30,95698.936924
21.88636,30,95700.365842
20.454542,30,95702.045579
20.454542,30,95706.227641
20.539877,30,95713.322089
20.454542,30,95713.322179
20.454542,30,95714.95039
20.454542,30,95716.505367
20.454542,30,95716.505635
20.454542,30,95718.231119
20.539877,30,95723.964876
20.454542,30,95725.618286
20.454542,30,95725.618384
20.454542,30,95728.131952
20.454542,30,95729.948333
20.454542,30,95731.222546
20.539877,30,95731.222651
20.454542,30,95733.005795
20.454542,30,95733.005884
20.454542,30,95735.676318
20.454542,30,95735.676408
20.454542,30,95735.676427
20.454542,30,95737.361219
20.454542,30,95737.36131
20.454542,30,95737.361327
20.454542,30,95737.361342
20.454542,30,95737.361356
20.454542,30,95737.36137
20.454542,30,95739.01934
20.454542,30,95739.019425
20.539877,30,95739.019445
20.454542,30,95740.805259
20.454542,30,95740.805343
5.6079545,8,95740.805366
20.454542,30,95740.805383
20.454542,30,95740.805399
20.454542,30,95740.805415
2.403409,4,95743.106563
20.454542,30,95743.106652
3.2045453,5,95743.106674
20.454542,30,95743.106691
2.403409,4,95743.106707
2.4011905,4,95744.723371
20.454542,30,95744.723464
4.0056815,6,95744.723492
20.539877,30,95744.723517
2.3989275,4,95744.723538
20.454542,30,95746.33197
20.454542,30,95746.332259
20.454542,30,95746.332392
2.3985653,4,95746.332513
20.454542,30,95746.332631
20.454542,30,95746.33275
20.454542,30,95747.998501
20.454542,30,95750.421471
20.454542,30,95750.421559
20.454542,30,95750.421581
9.613636,13,95750.421601
3.9986007,6,95751.944061
20.454542,30,95751.944159
3.8863635,6,95753.648819
6.969355,10,95753.651422
20.539877,30,95753.651661
4.0008187,6,95753.651812
20.454542,30,95755.251828
6.409091,9,95757.500656
20.454542,30,95757.500932
20.540047,30,95760.74096
20.454542,30,95768.136331
20.454542,30,95768.136591
20.454542,30,95769.840969
20.454542,30,95772.437211
20.454542,30,95772.4373
20.454542,30,95774.275231
20.454542,30,95779.6071
21.767042,30,95782.839412
21.64286,30,95784.405843
22.005678,30,95786.771911
21.523542,30,95786.772
21.17045,30,95791.635762
21.168215,30,95791.635863
21.17045,30,95791.63589
21.168215,30,95791.635909
21.048897,30,95793.837655
21.04627,30,95793.837736
21.165588,30,95795.598107
5.454545,9,95795.598533
20.931814,30,95795.598702
20.926952,30,95795.598843
20.929579,30,95795.598974
21.044004,30,95797.165531
21.284906,30,95797.16563
21.28977,30,95797.165654
20.693178,30,95798.923403
20.929579,30,95798.923498
20.924706,30,95798.923524
20.926952,30,95798.923547
20.693178,30,95798.923565
20.804998,30,95801.232828
20.571642,30,95801.232934
20.688335,30,95801.237106
20.926952,30,95801.237136
20.688335,30,95801.237159
20.57386,30,95801.237185
14.999997,23,95802.978102
20.897831,30,95802.978191
20.571642,30,95804.632565
20.778513,30,95804.632662
20.571642,30,95804.63268
20.804998,30,95804.632699
20.776278,30,95806.332319
20.778513,30,95806.332416
20.656977,30,95808.348401
20.659195,30,95808.34849
20.571642,30,95808.34851
20.571642,30,95808.348525
20.454542,30,95809.935723
20.454542,30,95811.463903
20.454542,30,95811.464
20.454542,30,95822.901561
20.539877,30,95822.901645
20.454542,30,95824.533093
20.539877,30,95826.156103
20.630026,30,95826.156197
20.454542,30,95827.63179
3.2045453,5,95834.418743
20.539877,30,95836.636744
20.539877,30,95838.40712
20.454542,30,95840.006197
20.454542,30,95840.006438
20.454542,30,95845.906309
20.539883,30,95845.906385
20.454542,30,95845.906404
20.539877,30,95845.906418
20.539877,30,95847.26418
20.539877,30,95847.264276
4.8045826,7,95849.13783
20.539877,30,95849.138434
20.539877,30,95849.138609
20.454542,30,95849.138766
20.454542,30,95849.138937
20.454542,30,95849.139097
20.454542,30,95851.419099
20.454542,30,95851.419577
20.454542,30,95851.419748
20.454542,30,95853.20453
20.631165,30,95853.204606
20.454542,30,95853.204628
7.207992,10,95853.204645
2.4011736,4,95853.204662
20.454542,30,95853.204679
20.454542,30,95853.204694
20.571642,30,95854.631106
20.57386,30,95854.631207
20.57386,30,95854.631228
21.76106,30,95854.631243
20.571642,30,95854.631256
20.571642,30,95854.631271
20.454542,30,95856.354636
20.454542,30,95856.354896
20.665003,30,95858.720169
20.454542,30,95858.720273
20.454542,30,95858.720305
4.122764,6,95858.720328
20.571642,30,95858.720351
20.454542,30,95860.651094
8.0065,11,95860.651172
20.454542,30,95860.651189
6.4042277,9,95862.413443
1.7193553,3,95862.41352
2.403409,4,95862.413537
20.57386,30,95862.413551
3.2023098,5,95862.413562
20.454542,30,95862.413574
20.886234,30,95862.413584
20.57386,30,95862.413596
3.1996822,5,95864.150736
20.454542,30,95864.150827
7.2102275,10,95864.15085
20.454542,30,95866.035098
4.0056815,6,95866.035181
20.454542,30,95866.035276
7.2102275,10,95869.329447
20.454542,30,95876.03961
20.454542,30,95876.039708
10.049299,14,95877.736755
20.454542,30,95877.736842
20.454542,30,95880.149083
23.318176,30,95881.797841
10.022726,15,95890.420617
22.48295,30,95892.119072
17.196733,24,95892.119162
22.120134,30,95894.432834
20.693178,30,95899.338272
20.57386,30,95901.549073
20.454542,30,95903.257798
21.88636,30,95903.257899
20.539877,30,95903.257922
21.850142,30,95903.25794
21.409088,30,95903.257956
21.76218,30,95904.846258
20.454542,30,95904.846379
21.647724,30,95906.530905
21.647724,30,95906.531
21.728197,30,95906.531021
9.630794,15,95906.531039
21.730824,30,95906.531053
21.645489,30,95906.531067
21.60888,30,95908.839299
21.52617,30,95908.839403
21.523544,30,95908.839426
20.539877,30,95910.629375
20.454542,30,95912.234664
21.37287,30,95912.234758
20.454542,30,95912.234778
20.454542,30,95912.234796
20.454542,30,95912.234812
20.929579,30,95913.964611
20.454542,30,95913.964704
20.454542,30,95913.964724
20.454542,30,95916.372867
20.454542,30,95916.372971
21.051132,30,95916.37299
20.454542,30,95916.373007
20.931814,30,95916.373022
20.454542,30,95916.373035
20.454542,30,95916.373049
20.539877,30,95916.373063
20.539877,30,95918.021049
20.454542,30,95918.021133
20.454542,30,95919.421956
20.454542,30,95919.42204
20.897831,30,95919.42206
20.57386,30,95923.62282
3.2045453,5,95925.335678
20.454542,30,95931.200713
2.403409,4,95931.200794
20.454542,30,95931.200812
20.454542,30,95933.049688
20.454542,30,95933.049776
20.454542,30,95936.302717
2.403409,4,95938.635676
8.8125,12,95941.828544
4.806818,7,95943.518215
4.806818,7,95945.964063
20.454542,30,95945.964142
2.403409,4,95945.964159
20.454542,30,95947.614266
12.81818,17,95947.614352
20.454542,30,95947.614374
20.454542,30,95949.060876
20.454542,30,95954.520746
20.454542,30,95956.029967
20.454542,30,95957.940897
20.53985,30,95957.940987
20.539877,30,95957.94101
20.539877,30,95957.941028
20.454542,30,95957.941045
20.539877,30,95960.051471
20.454542,30,95960.056695
20.454542,30,95961.697019
20.454542,30,95961.697279
20.454542,30,95961.697406
20.539877,30,95961.697433
20.454542,30,95961.697452
20.454542,30,95961.697471
20.454542,30,95963.155172
20.454542,30,95963.15532
20.454542,30,95963.15535
20.454542,30,95964.933133
20.454542,30,95967.159462
20.454542,30,95967.159554
20.539877,30,95967.159576
20.653358,30,95967.159595
20.454542,30,95967.159612
20.539877,30,95968.922714
20.539877,30,95968.922791
20.57386,30,95968.922812
20.454542,30,95970.52305
20.659195,30,95970.523146
20.539877,30,95970.523172
23.391916,30,95970.523191
20.454542,30,95970.523271
20.454542,30,95970.5233
7.6193175,12,95970.523328
20.539877,30,95972.326553
20.738695,30,95972.326643
20.539877,30,95974.661608
20.454542,30,95974.661705
22.210331,30,95979.847309
21.938705,30,95985.019188
21.255787,30,95986.764652
21.409088,30,95990.725951
21.136467,30,95996.70716
20.931814,30,95998.239842
21.168232,30,95999.750154
20.812496,30,95999.750683
20.812496,30,95999.750719
20.693178,30,96001.554862
20.693178,30,96001.554958
20.693178,30,96001.554982
20.886234,30,96008.854828
20.454542,30,96010.95049
20.539877,30,96012.547782
20.454542,30,96012.547875
20.454542,30,96012.547893
20.454542,30,96012.547906
20.454542,30,96012.54792
20.539883,30,96014.125526
20.454542,30,96014.12562
20.454542,30,96016.05336
20.454542,30,96016.053446
20.454542,30,96016.053463
20.454542,30,96016.053477
20.454542,30,96016.053489
20.454542,30,96016.053501
20.454542,30,96018.423859
20.454542,30,96018.423938
20.454542,30,96018.423958
20.540869,30,96020.200577
20.454542,30,96021.530864
20.454542,30,96021.530959
20.454542,30,96021.530981
20.454542,30,96021.530997
20.454542,30,96021.531014
20.57386,30,96023.331948
20.454542,30,96023.332031
20.57386,30,96023.332051
20.454542,30,96025.944034
20.454542,30,96025.944115
20.454542,30,96025.944138
20.454542,30,96025.944156
20.539877,30,96025.944171
20.454542,30,96025.944188
20.454542,30,96025.944204
20.454542,30,96027.722809
3.2045453,5,96027.722879
20.539877,30,96027.722893
20.454542,30,96029.135692
20.539877,30,96029.135926
20.454542,30,96035.099363
20.539877,30,96040.428485
20.454542,30,96042.171829
20.454542,30,96045.750549
20.454542,30,96051.441974
20.454542,30,96053.132228
20.454542,30,96055.468759
20.454542,30,96055.468851
20.454542,30,96055.475046
20.454542,30,96057.019725
20.539877,30,96057.019805
20.454542,30,96057.019823
20.454542,30,96064.698134
20.454542,30,96066.054387
20.454542,30,96067.836796
20.454542,30,96067.836878
20.539877,30,96067.836896
20.454542,30,96067.836909
20.454542,30,96067.836923
20.454542,30,96070.198754
20.454542,30,96070.198817
21.168215,30,96072.13801
20.454542,30,96072.138104
20.539906,30,96072.138127
20.454542,30,96072.138145
20.454542,30,96072.138162
20.454542,30,96072.138178
20.57386,30,96073.71994
20.78432,30,96073.720203
20.539877,30,96075.597722
20.539877,30,96078.03809
20.539877,30,96078.038172
20.545685,30,96078.038192
20.454542,30,96078.038208
20.545685,30,96078.038223
20.454542,30,96079.664314
20.539877,30,96079.664568
20.454542,30,96079.664696
20.659195,30,96081.174848
20.778513,30,96081.17494
20.812496,30,96081.174959
20.454542,30,96081.174974
20.812496,30,96081.174988
20.454542,30,96081.175001
20.454542,30,96081.175015
20.539877,30,96082.923891
20.454542,30,96082.923988
20.539877,30,96082.924016
20.454542,30,96085.350962
20.454542,30,96085.351055
20.454542,30,96090.733721
12.272725,19,96092.995347
20.454542,30,96096.324375
20.545685,30,96098.119584
20.454542,30,96101.935339
20.454542,30,96107.565994
20.454542,30,96109.335069
20.454542,30,96110.930099
20.454542,30,96110.930184
20.454542,30,96110.930202
20.454542,30,96112.601775
20.454542,30,96112.601859
20.454542,30,96120.464147
20.454542,30,96122.177605
20.454542,30,96123.899613
20.454542,30,96123.899849
20.454542,30,96123.900006
20.454542,30,96123.900038
20.454542,30,96123.90006
20.454542,30,96125.376234
20.454542,30,96125.37632
20.454542,30,96127.10123
20.454542,30,96127.101315
20.454542,30,96127.101336
20.454542,30,96127.101356
20.454542,30,96127.101372
20.454542,30,96127.101388
8.810265,12,96129.401766
20.454542,30,96129.401843
20.454542,30,96129.401868
20.454542,30,96130.964994
20.454542,30,96132.574887
20.454542,30,96132.574975
20.454542,30,96132.574996
20.454542,30,96132.575014
20.454542,30,96132.575033
9.608773,13,96134.320089
20.454542,30,96134.320199
20.454542,30,96134.32023
9.611401,13,96134.320254
2.4011736,4,96134.320276
20.454542,30,96134.320298
20.454542,30,96136.869495
20.454542,30,96136.869742
20.454542,30,96136.869856
20.454542,30,96136.869964
4.0056815,6,96136.870081
20.454542,30,96136.870188
20.454542,30,96136.870205
20.454542,30,96136.870221
20.454542,30,96138.652841
20.454542,30,96138.65293
20.454542,30,96138.652949
20.454542,30,96139.966053
20.454542,30,96139.971421
20.454542,30,96145.658623
23.556812,30,96147.307284
20.454542,30,96151.150448
23.31594,30,96152.743659
6.818181,11,96154.046249
20.454542,30,96155.821689
22.48295,30,96163.129198
22.091013,30,96165.498189
20.454542,30,96167.231087
20.454542,30,96167.231172
21.406853,30,96174.922035
20.454542,30,96176.424054
21.645489,30,96178.101293
21.647724,30,96178.10137
20.454542,30,96178.101385
21.645489,30,96178.101395
20.454542,30,96178.101405
20.539877,30,96180.042185
20.539877,30,96181.825337
21.494423,30,96181.825422
20.454542,30,96181.825442
20.454542,30,96181.825457
20.539877,30,96181.825471
21.287535,30,96183.521076
21.37287,30,96183.521168
21.28977,30,96183.521194
20.625212,30,96185.26616
21.051132,30,96187.618481
21.048897,30,96187.618569
20.454542,30,96187.618593
21.051132,30,96187.618614
21.051132,30,96187.618633
21.014915,30,96189.471323
20.929579,30,96189.471413
20.931814,30,96189.471437
20.931814,30,96189.471454
20.454542,30,96189.471471
21.255785,30,96190.946473
20.454542,30,96190.946578
20.812496,30,96190.946603
20.81026,30,96190.946621
20.454542,30,96190.946637
21.373861,30,96190.946652
20.454542,30,96190.946667
21.165588,30,96190.946683
20.778513,30,96192.750623
21.255785,30,96192.75071
20.625212,30,96192.750732
21.048897,30,96194.750517
20.454542,30,96194.750605
20.454542,30,96199.551823
20.454542,30,96201.754085
18.494423,28,96201.754179
20.97157,30,96206.609942
4.806818,7,96206.61003
20.454542,30,96208.817833
20.454542,30,96210.515237
20.539877,30,96217.638135
20.454542,30,96219.201691
20.454542,30,96220.731328
20.539877,30,96220.731416
13.636361,21,96224.432129
20.539877,30,96227.901577
20.454542,30,96230.325644
20.571642,30,96231.932858
20.571642,30,96231.932949
20.57386,30,96231.932973
20.57386,30,96231.932989
20.57386,30,96231.933006
20.454542,30,96233.333368
20.539877,30,96235.022834
20.454542,30,96235.022926
20.454542,30,96235.02295
20.454542,30,96235.022971
20.454542,30,96235.022989
20.625212,30,96237.322417
20.454542,30,96237.32251
20.539877,30,96237.322536
6.818181,11,96237.322556
20.539877,30,96239.127807
1.480736,3,96240.602933
20.454542,30,96240.617369
20.454542,30,96240.61769
20.539877,30,96240.617854
20.454542,30,96240.618006
20.454542,30,96242.301621
20.454542,30,96242.301711
20.454542,30,96242.301732
20.539877,30,96242.30175
20.539877,30,96242.301766
20.539877,30,96244.857236
20.454542,30,96244.857538
20.454542,30,96244.857677
20.454542,30,96244.857801
20.454542,30,96244.857918
20.454542,30,96244.858037
20.454542,30,96244.858158
20.539877,30,96244.858276
20.454542,30,96246.621164
21.971695,30,96246.621785
20.454542,30,96246.62188
20.539877,30,96248.028625
20.625212,30,96253.86021
3.409091,6,96255.454689
21.611506,30,96255.454793
20.625212,30,96255.467406
21.10249,30,96261.172178
21.017155,30,96261.172277
20.897831,30,96262.835823
20.454542,30,96264.649827
20.540869,30,96274.514857
20.454542,30,96276.271698
20.454542,30,96276.271781
20.539877,30,96279.426436
20.539877,30,96283.271571
20.539877,30,96284.844758
14.999997,23,96284.845559
20.454542,30,96286.605
20.454542,30,96286.605091
20.454542,30,96286.605114
20.454542,30,96286.605132
20.454542,30,96286.605149
20.771713,30,96288.817359
20.571642,30,96290.598155
20.57386,30,96290.598248
20.886234,30,96290.598276
20.454542,30,96290.598299
20.454542,30,96291.997876
20.454542,30,96291.997976
20.454542,30,96291.998001
21.095491,30,96291.998018
20.539906,30,96293.642523
20.454542,30,96296.022223
21.248781,30,96296.022459
20.454542,30,96296.022586
20.454542,30,96296.022607
20.540047,30,96296.022625
20.454542,30,96297.804878
20.454542,30,96297.804949
20.540869,30,96297.804962
20.454542,30,96297.804971
20.545685,30,96299.232624
20.454542,30,96299.232962
20.545685,30,96299.233075
20.454542,30,96299.233176
20.454542,30,96299.233277
21.48742,30,96299.233376
20.454542,30,96299.233478
20.57386,30,96301.001399
20.57386,30,96301.001487
20.57386,30,96301.001513
20.454542,30,96302.905423
4.170562,6,96304.530986
20.454542,30,96307.920306
20.454542,30,96310.104084
21.726055,30,96310.104169
20.454542,30,96310.104185
20.454542,30,96315.003597
20.539877,30,96315.003667
20.454542,30,96317.325075
21.606737,30,96319.029885
21.767042,30,96327.730326
22.244314,30,96329.431807
21.72606,30,96329.431894
22.001598,30,96333.541657
20.454542,30,96336.925942
21.17045,30,96339.152644
21.960098,30,96339.15273
20.931814,30,96340.945331
21.52617,30,96340.945422
21.838545,30,96340.945444
20.929579,30,96340.94546
20.929579,30,96340.945477
21.287535,30,96342.458187
21.28755,30,96344.151668
21.284906,30,96344.151756
21.285315,30,96344.151783
21.28977,30,96344.151802
20.571642,30,96346.550763
16.795326,25,96346.550845
18.083006,27,96346.550863
21.168232,30,96346.550877
21.477962,30,96346.550892
20.798773,30,96346.550905
1.597429,3,96350.172292
20.657969,30,96350.17241
18.202307,27,96350.172439
20.57386,30,96350.172457
20.926952,30,96350.172473
6.818181,11,96350.17249
20.929579,30,96350.172505
20.812496,30,96350.172523
20.693178,30,96351.835565
20.665003,30,96351.835657
20.571642,30,96351.835679
2.398546,4,96354.353714
20.57386,30,96354.35381
20.57386,30,96354.35383
21.005552,30,96354.353847
21.005552,30,96354.353862
21.005552,30,96354.353877
20.693178,30,96354.353891
20.69096,30,96354.353906
20.886234,30,96355.867718
3.1996822,5,96355.881051
20.454542,30,96357.573157
2.3959103,4,96357.57324
0.92045456,2,96357.573261
2.3959103,4,96357.573279
20.454542,30,96359.457657
2.4564393,4,96361.96741
2.398546,4,96361.975739
4.806818,7,96363.499186
6.4015727,9,96363.49936
20.454542,30,96363.499388
20.818268,30,96364.935719
8.195325,11,96364.935807
20.454542,30,96364.935831
20.454542,30,96364.935848
5.2511883,7,96366.821581
2.5964653,4,96369.234585
8.804981,12,96369.234671
20.454542,30,96370.836506
20.454542,30,96370.836586
20.65118,30,96372.31939
20.653387,30,96374.228513
8.323645,12,96376.597186
4.5226016,7,96376.597366
17.8727,26,96376.597389
7.9772716,12,96376.597406
20.454542,30,96385.530376
20.767649,30,96388.823913
21.248783,30,96392.74663
20.454542,30,96394.203149
20.454542,30,96394.203275
20.539877,30,96395.870605
20.454542,30,96395.870705
20.454542,30,96395.870724
21.050138,30,96395.870739
20.653387,30,96395.870753
20.454542,30,96398.324223
21.704887,30,96399.64668
22.479904,30,96399.646962
21.614733,30,96401.262974
21.52617,30,96401.263069
21.409088,30,96405.305581
21.222748,30,96405.305655
21.282688,30,96405.305671
21.801968,30,96405.305683
21.917484,30,96405.305693
21.129614,30,96406.998596
21.048897,30,96406.998729
21.40157,30,96406.99876
20.931814,30,96408.421824
21.13746,30,96408.421905
20.804998,30,96410.01427
21.680696,30,96410.014338
4.772727,8,96410.014354
20.81026,30,96412.467941
21.046705,30,96412.468015
21.042261,30,96412.468029
21.522572,30,96412.46804
20.925539,30,96414.129271
20.657972,30,96415.503284
20.773699,30,96417.27368
20.454542,30,96417.273768
21.168232,30,96419.418586
20.657005,30,96419.418705
20.57386,30,96419.418726
20.571642,30,96419.418739
20.454542,30,96421.132077
9.545453,15,96422.667555
20.540047,30,96422.667647
20.540047,30,96422.667672
20.540846,30,96424.385848
20.454542,30,96424.385944
20.454542,30,96426.723265
20.571642,30,96428.202065
20.454542,30,96429.842418
20.454542,30,96429.84251
20.454542,30,96429.842534
20.454542,30,96429.842553
2.7272727,5,96434.068422
2.5227273,4,96437.546015
20.454542,30,96439.529925
20.454542,30,96443.538472
20.454542,30,96446.601412
20.454542,30,96448.811142
20.454542,30,96448.811265
20.454542,30,96450.534109
20.454542,30,96450.534202
20.454542,30,96450.534226
20.454542,30,96452.276455
20.454542,30,96453.929268
20.454542,30,96453.929356
20.454542,30,96456.345306
20.454542,30,96456.345384
20.454542,30,96459.824944
20.454542,30,96459.825032
20.454542,30,96459.825056
20.454542,30,96459.825073
20.454542,30,96459.825089
20.454542,30,96461.609194
20.454542,30,96461.609277
20.454542,30,96461.6093
20.454542,30,96463.595771
20.454542,30,96463.595849
20.454542,30,96465.290123
20.454542,30,96465.290189
20.454542,30,96465.290213
20.454542,30,96466.941338
20.454542,30,96466.941433
20.454542,30,96466.941458
20.454542,30,96466.941478
20.454542,30,96468.645514
20.454542,30,96470.614677
20.454542,30,96472.302755
20.454542,30,96472.302837
20.454542,30,96473.811256
20.454542,30,96473.817345
20.454542,30,96473.817468
20.454542,30,96473.817549
20.454542,30,96475.50689
20.454542,30,96477.722788
20.454542,30,96477.722862
20.454542,30,96477.722896
20.454542,30,96479.441234
20.454542,30,96480.868335
20.659195,30,96482.417849
20.659195,30,96484.564631
20.630026,30,96484.564933
20.454542,30,96484.565092
6.903516,11,96484.565263
20.454542,30,96487.899322
20.57386,30,96491.853306
20.659195,30,96493.621414
20.454542,30,96496.738282
15.76715,24,96496.738371
20.539877,30,96501.025905
4.090909,7,96501.025995
20.454542,30,96502.449805
15.085332,23,96502.449891
20.539877,30,96502.449911
20.625353,30,96504.241716
20.454542,30,96504.241799
20.539877,30,96504.241817
20.454542,30,96506.354036
20.625353,30,96507.944538
20.454542,30,96509.639712
20.454542,30,96509.646886
5.605719,8,96511.398105
20.454542,30,96513.629645
20.454542,30,96513.629737
20.454542,30,96513.62976
20.539877,30,96513.629777
20.539877,30,96513.629792
20.454542,30,96515.429089
20.630026,30,96515.42918
20.539877,30,96516.96555
20.539877,30,96516.965645
20.454542,30,96518.641564
20.539877,30,96518.641653
20.454542,30,96520.920948
20.539877,30,96520.921052
20.454542,30,96520.921085
20.454542,30,96520.921112
20.454542,30,96522.803991
4.0564766,6,96524.246738
20.454542,30,96524.246846
20.539883,30,96525.865215
20.454542,30,96525.865305
20.656977,30,96528.160713
20.662785,30,96528.160805
20.74812,30,96528.160831
20.57386,30,96528.160849
20.454542,30,96529.897712
20.656977,30,96531.337203
20.659195,30,96531.338919
20.57386,30,96531.338968
20.539877,30,96533.030743
20.659195,30,96535.351565
20.454542,30,96536.94284
20.454542,30,96538.497341
20.539877,30,96538.497414
20.454542,30,96538.497428
21.566795,30,96538.497438
5.8862376,9,96540.06636
2.846591,5,96540.066457
20.454542,30,96545.766203
20.454542,30,96547.400534
20.454542,30,96551.456378
20.454542,30,96554.73442
21.727253,30,96554.734507
20.454542,30,96557.01888
20.539877,30,96557.018999
20.74453,30,96557.022344
21.734005,30,96558.823689
20.454542,30,96558.823773
20.929579,30,96558.823795
20.454542,30,96560.427498
20.454542,30,96562.350817
20.539877,30,96564.597508
21.767042,30,96564.597708
20.454542,30,96566.26082
21.17045,30,96567.839989
20.454542,30,96567.840086
20.539877,30,96567.843389
20.812496,30,96567.843439
20.625217,30,96569.470976
21.255955,30,96569.471066
20.539906,30,96571.91854
20.454542,30,96571.918627
20.454542,30,96573.649427
20.625381,30,96573.649528
19.772724,30,96575.062864
20.625353,30,96575.062959
20.539877,30,96575.062983
20.454542,30,96575.063001
20.539877,30,96576.930417
21.058178,30,96579.445694
20.539877,30,96581.320654
20.454542,30,96581.320735
20.454542,30,96582.817668
20.626345,30,96582.818138
20.539877,30,96582.818268
20.812496,30,96582.818361
20.625217,30,96584.54274
20.656977,30,96587.0902
21.056908,30,96587.090271
3.409091,6,96587.090285
20.540047,30,96588.712958
20.454542,30,96590.004703
20.454542,30,96591.637051
20.659195,30,96593.845494
20.454542,30,96593.845588
20.571642,30,96593.845612
20.659195,30,96593.84563
20.454542,30,96595.543732
20.454542,30,96595.543833
20.539877,30,96601.034238
3.409091,6,96601.034327
20.539877,30,96602.654707
20.454542,30,96606.006917
1.6022727,3,96608.31001
20.539877,30,96610.044261
20.454542,30,96610.044347
20.454542,30,96611.601937
20.454542,30,96611.602057
20.454542,30,96611.602083
20.454542,30,96613.518011
20.454542,30,96613.518115
20.539877,30,96613.518141
20.454542,30,96615.698468
20.539877,30,96617.423033
20.539883,30,96618.840636
20.454542,30,96618.840728
20.454542,30,96620.638945
20.454542,30,96623.088071
20.454542,30,96623.088164
20.539877,30,96623.091326
20.454542,30,96623.091435
20.454542,30,96624.737794
20.454542,30,96624.737889
20.454542,30,96626.035353
20.539877,30,96626.035453
20.57386,30,96627.725605
20.57386,30,96627.727342
8.8125,12,96627.727387
20.539883,30,96630.126621
20.539877,30,96630.126708
20.454542,30,96630.126729
20.539877,30,96631.842957
20.539877,30,96633.426325
20.454542,30,96635.101495
20.454542,30,96635.101593
20.454542,30,96637.501957
21.01015,30,96637.502035
10.261362,15,96637.502053
20.454542,30,96637.502066
20.454542,30,96637.502077
20.571642,30,96639.254874
20.454542,30,96640.74863
20.454542,30,96640.748725
20.454542,30,96640.748744
20.454542,30,96642.559946
20.539877,30,96646.49841
20.454542,30,96647.961535
20.454542,30,96647.96163
20.454542,30,96647.961654
20.454542,30,96647.961673
20.454542,30,96649.720028
20.454542,30,96649.720157
21.28977,30,96655.344055
20.539877,30,96655.34414
20.897831,30,96662.327497
20.57386,30,96664.009803
20.57386,30,96666.202784
21.051132,30,96666.202867
20.931814,30,96666.20289
20.931814,30,96667.910126
20.539877,30,96667.910214
21.733059,30,96667.915147
20.539877,30,96669.333274
20.454542,30,96671.032665
20.659195,30,96673.240678
20.625217,30,96673.240765
13.039878,20,96673.24079
20.454542,30,96674.807691
20.454542,30,96676.42438
20.693178,30,96676.424455
20.540047,30,96676.424471
20.454542,30,96676.424482
20.454542,30,96678.19889
20.454542,30,96678.198976
20.454542,30,96680.305716
21.090887,30,96680.305984
20.656977,30,96682.05869
20.571642,30,96682.058777
20.454542,30,96682.058799
20.454542,30,96683.726074
20.454542,30,96683.726164
20.539877,30,96683.72619
2.398546,4,96685.357166
3.2045453,5,96685.35725
20.454542,30,96685.357271
1.597429,3,96687.69831
4.003446,6,96687.698408
20.454542,30,96687.698427
3.2045453,5,96689.343105
20.539877,30,96689.343401
20.454542,30,96689.34353
20.454542,30,96690.898979
20.454542,30,96690.899273
5.6079545,8,96690.899313
20.454542,30,96690.899333
20.454542,30,96690.89935
4.0056815,6,96690.899367
5.6030917,8,96692.631995
20.57386,30,96692.632118
20.454542,30,96694.998966
20.454542,30,96694.99906
20.539877,30,96694.999081
1.597429,3,96694.999102
11.215908,15,96696.761306
20.454542,30,96696.761392
20.454542,30,96699.952235
13.617081,18,96699.952322
8.011364,11,96702.073611
20.539877,30,96702.073714
20.539906,30,96702.096886
20.539877,30,96702.096953
20.454542,30,96702.096967
4.806818,7,96702.096977
20.539877,30,96703.80206
7.2053647,10,96703.802136
20.454542,30,96703.802152
20.886234,30,96709.732332
20.454542,30,96709.732421
20.454542,30,96716.91859
20.778513,30,96718.728784
22.48295,30,96720.436646
20.454542,30,96720.436724
22.361397,30,96720.436742
20.454542,30,96722.245285
20.454542,30,96722.245374
20.454542,30,96725.92198
22.005678,30,96727.519571
22.359179,30,96727.519662
21.99816,30,96727.519691
22.120134,30,96729.441625
22.124996,30,96731.860398
20.693178,30,96736.821637
20.57386,30,96739.219058
21.528406,30,96739.219152
21.642862,30,96739.219182
21.520887,30,96741.105231
21.528406,30,96741.105361
21.406853,30,96742.527025
21.284906,30,96742.52714
21.40157,30,96742.527165
21.647724,30,96744.147016
21.477962,30,96746.631086
21.048897,30,96746.631323
21.482826,30,96746.631351
20.657005,30,96746.631369
21.051132,30,96746.631384
21.48059,30,96746.631399
20.539906,30,96748.418461
21.046679,30,96748.418538
21.244188,30,96750.099349
20.929579,30,96750.099419
20.454542,30,96750.099432
20.540047,30,96750.099445
21.165588,30,96751.93589
20.690943,30,96751.935978
2.403409,4,96753.653374
20.886234,30,96755.270947
20.571642,30,96755.271039
20.454542,30,96756.800916
20.454542,30,96756.800988
20.454542,30,96756.801005
20.454542,30,96756.801018
20.454542,30,96756.80103
20.454542,30,96756.801041
20.454542,30,96758.623863
20.454542,30,96758.623951
20.454542,30,96758.623978
20.454542,30,96764.243082
20.454542,30,96764.243166
20.454542,30,96771.81777
20.454542,30,96773.799758
20.454542,30,96776.157106
20.454542,30,96776.157192
20.454542,30,96776.157209
20.454542,30,96777.827019
20.454542,30,96777.827563
20.454542,30,96781.168422
20.454542,30,96783.352401
2.403409,4,96783.352759
20.454542,30,96783.352796
20.454542,30,96783.352815
19.772724,30,96784.917362
20.454542,30,96786.56355
1.6000543,3,96786.563643
20.454542,30,96792.526814
20.454542,30,96794.224475
20.454542,30,96794.224573
20.454542,30,96794.2246
20.539877,30,96796.072151
20.454542,30,96796.072246
20.539877,30,96798.361079
20.454542,30,96798.361163
20.454542,30,96798.361184
20.57386,30,96799.964142
20.454542,30,96801.553122
20.454542,30,96801.553209
20.454542,30,96801.553231
21.767042,30,96801.553249
20.454542,30,96801.553266
20.454542,30,96803.349581
20.539877,30,96803.349668
21.528406,30,96805.7663
20.454542,30,96805.766845
21.61374,30,96805.767015
20.454542,30,96805.767148
21.409088,30,96807.522554
20.57386,30,96807.522651
20.897831,30,96809.229125
21.17045,30,96810.90452
20.454542,30,96810.904606
21.051132,30,96812.861984
20.454542,30,96812.862072
20.659195,30,96812.862094
20.897831,30,96812.862112
21.767042,30,96812.862128
20.812496,30,96812.862143
20.454542,30,96814.571346
21.726055,30,96814.571586
20.539877,30,96814.571716
20.57386,30,96819.977655
20.57386,30,96819.977736
20.539877,30,96827.301554
20.454542,30,96828.900841
20.539877,30,96830.627501
20.771748,30,96830.627858
20.454542,30,96832.442812
20.625381,30,96832.442899
20.895596,30,96838.155463
20.454542,30,96838.155548
20.690943,30,96838.155567
20.571642,30,96838.155584
20.693178,30,96839.83583
20.659195,30,96842.454035
21.136637,30,96842.454238
20.778513,30,96847.442674
20.454542,30,96849.844926
20.454542,30,96849.845015
20.454542,30,96849.845034
20.540047,30,96851.643185
20.625381,30,96851.643317
20.454542,30,96853.146024
20.454542,30,96853.146115
20.454542,30,96853.146138
20.539877,30,96854.934879
20.571642,30,96857.434224
20.57386,30,96857.434342
8.863635,14,96857.434377
20.886234,30,96857.434405
20.454542,30,96857.434433
20.454542,30,96857.434461
20.454542,30,96859.232925
20.454542,30,96859.233558
20.454542,30,96860.779971
20.454542,30,96860.780086
20.454542,30,96860.780105
20.653387,30,96860.780124
20.454542,30,96862.649701
20.454542,30,96862.649801
20.454542,30,96864.903395
1.597429,3,96866.599581
13.721696,21,96866.599648
20.454542,30,96866.599662
20.539877,30,96866.599673
20.454542,30,96868.098942
20.454542,30,96868.09922
20.454542,30,96868.099354
3.2023098,5,96868.099469
20.454542,30,96868.09958
20.653387,30,96868.099696
20.539877,30,96868.099812
20.539877,30,96869.719521
20.539877,30,96869.719608
20.539877,30,96869.71963
6.4015727,9,96873.654838
2.4011736,4,96873.654942
20.539877,30,96875.048718
20.454542,30,96875.04881
20.454542,30,96884.228458
20.454542,30,96886.306252
20.454542,30,96888.055497
20.454542,30,96888.05558
8.890208,13,96889.425476
8.41561,13,96889.425569
20.454542,30,96893.362019
20.454542,30,96893.362108
20.539877,30,96893.362132
20.454542,30,96893.362153
20.454542,30,96894.844553
20.454542,30,96896.441541
20.454542,30,96896.441634
20.539877,30,96902.156734
20.539877,30,96903.629761
20.454542,30,96903.633165
20.539877,30,96903.633217
20.454542,30,96905.422087
20.454542,30,96905.422317
20.454542,30,96907.724521
20.454542,30,96907.724679
20.454542,30,96907.724716
21.404224,30,96909.518377
21.375105,30,96911.002624
21.764807,30,96911.002703
21.282251,30,96911.002718
21.37287,30,96911.002729
21.28977,30,96911.002739
21.014914,30,96912.799665
21.043613,30,96915.263928
21.131605,30,96915.264009
21.048897,30,96915.26403
21.25355,30,96916.91881
21.043613,30,96916.919013
19.799297,29,96918.346845
21.017149,30,96918.346927
20.693178,30,96922.333759
20.57386,30,96922.333852
20.812496,30,96922.333875
20.571642,30,96922.333893
20.656977,30,96922.33391
21.136469,30,96922.333927
20.571642,30,96922.333943
20.539877,30,96924.122182
20.931814,30,96924.122265
20.931814,30,96924.122291
20.688335,30,96927.265739
20.778513,30,96927.265823
20.454542,30,96929.659398
20.571642,30,96929.659498
20.454542,30,96938.402741
12.272725,19,96938.40282
20.539877,30,96939.92176
20.659195,30,96941.641984
20.886234,30,96941.642077
20.539877,30,96943.740742
20.454542,30,96943.740839
20.454542,30,96947.029124
20.539877,30,96947.029225
20.454542,30,96947.029249
20.454542,30,96947.029273
20.454542,30,96948.798082
20.625212,30,96951.241349
20.539877,30,96951.241446
20.454542,30,96956.205543
20.539877,30,96958.718756
20.539877,30,96958.719032
20.625212,30,96960.50073
20.454542,30,96960.501086
20.454542,30,96962.107189
20.454542,30,96962.117381
20.454542,30,96962.1174
20.454542,30,96963.800757
20.454542,30,96966.099398
20.539877,30,96966.09947
20.539877,30,96966.099484
20.454542,30,96966.099493
20.539854,30,96966.099502
20.454542,30,96967.656494
20.454542,30,96969.150096
20.454542,30,96969.150194
20.454542,30,96969.150219
20.454542,30,96970.747035
20.539877,30,96970.747113
20.454542,30,96973.131722
20.539877,30,96973.131809
20.454542,30,96976.328176
20.454542,30,96976.328262
20.454542,30,96976.328285
20.454542,30,96976.328303
20.454542,30,96976.328321
20.539877,30,96976.328337
20.454542,30,96976.328352
20.454542,30,96978.046966
20.454542,30,96978.047054
20.454542,30,96978.047074
20.539877,30,96982.209102
20.454542,30,96982.209178
20.454542,30,96983.762491
20.539877,30,96983.76258
12.954543,20,96987.8565
20.454542,30,96992.644616
20.454542,30,96992.64471
20.539877,30,96995.055909
20.454542,30,96996.833402
20.454542,30,96996.833496
20.539877,30,96998.232095
20.454542,30,96998.232188
20.454542,30,97002.233769
20.454542,30,97002.233857
20.539877,30,97002.233878
20.539877,30,97002.233898
20.454542,30,97003.918995
20.454542,30,97005.498989
20.454542,30,97011.326831
20.454542,30,97012.944768
20.454542,30,97012.944854
20.454542,30,97014.733739
20.539877,30,97014.73384
20.454542,30,97016.92825
20.539877,30,97016.928337
20.539877,30,97016.928359
20.454542,30,97018.536027
20.454542,30,97019.998845
20.454542,30,97019.998944
20.454542,30,97019.998966
20.539883,30,97019.998986
20.454542,30,97019.999004
20.454542,30,97021.724812
20.454542,30,97024.045342
20.454542,30,97024.04543
20.454542,30,97024.045456
20.454542,30,97025.597583
20.454542,30,97025.597684
20.454542,30,97027.264724
20.454542,30,97027.264815
11.590907,18,97031.521295
20.454542,30,97031.521388
20.454542,30,97031.521413
20.454542,30,97031.521431
20.454542,30,97031.521449
20.454542,30,97031.521467
20.454542,30,97031.521484
20.454542,30,97031.5215
20.454542,30,97033.347507
20.454542,30,97033.347592
20.454542,30,97033.347611
20.454542,30,97036.752543
20.454542,30,97036.752634
20.454542,30,97039.200218
20.454542,30,97039.200298
20.454542,30,97042.41859
20.454542,30,97048.26127
20.454542,30,97048.261364
20.539877,30,97049.738844
20.454542,30,97051.417846
20.539877,30,97051.417924
20.454542,30,97053.827955
20.812496,30,97057.037083
20.454542,30,97057.038004
20.539877,30,97057.038221
20.454542,30,97057.038434
20.807634,30,97058.723181
20.454542,30,97060.802315
20.454542,30,97065.764595
20.454542,30,97068.076582
20.454542,30,97068.076684
10.909089,17,97068.076708
20.539877,30,97069.828256
20.454542,30,97069.82834
20.454542,30,97071.522137
20.454542,30,97071.522582
20.539877,30,97071.522762
20.539877,30,97073.219156
20.454542,30,97075.222431
20.454542,30,97075.227456
20.454542,30,97075.227656
20.625212,30,97075.227765
20.539877,30,97075.227878
20.454542,30,97077.002241
20.625212,30,97078.504564
20.625212,30,97078.517385
20.454542,30,97078.517587
20.454542,30,97080.327695
20.454542,30,97080.33544
20.454542,30,97082.633866
20.454542,30,97082.633972
20.454542,30,97085.857506
21.284906,30,97085.857615
20.539877,30,97085.857647
20.895596,30,97085.857668
20.812496,30,97085.857685
20.897831,30,97085.857703
20.897833,30,97085.85772
20.539877,30,97085.857736
20.539877,30,97087.572139
21.168215,30,97087.572392
20.454542,30,97087.572512
3.2023098,5,97090.168675
20.771713,30,97091.895433
3.2045453,5,97091.895511
20.626034,30,97093.449824
20.81026,30,97093.449917
3.5284092,6,97093.449939
20.738722,30,97097.539936
15.686563,23,97100.726129
20.659195,30,97102.460221
20.571642,30,97102.460311
20.454542,30,97104.756949
21.01015,30,97106.454465
20.539877,30,97106.454741
20.82377,30,97108.230207
20.454542,30,97112.305351
20.539883,30,97112.305436
20.454542,30,97112.305464
20.625353,30,97112.305487
20.454542,30,97115.419004
2.403409,4,97119.44931
20.571642,30,97121.173633
20.539877,30,97122.730391
20.539877,30,97122.730479
20.539877,30,97122.730497
20.769482,30,97124.405594
21.125385,30,97124.405819
20.454542,30,97126.690625
20.454542,30,97126.69674
20.454542,30,97126.696794
20.454542,30,97128.247801
20.651173,30,97129.84423
20.651173,30,97129.844327
20.454542,30,97129.844349
21.767042,30,97129.844366
20.744337,30,97129.844384
20.659197,30,97131.566867
20.653389,30,97133.917892
20.454542,30,97133.917964
21.450798,30,97133.917982
20.653395,30,97135.505501
20.810278,30,97141.098404
20.454542,30,97141.098471
21.051132,30,97141.098489
20.540047,30,97141.098501
21.249004,30,97141.098513
20.57386,30,97141.098525
21.340286,30,97141.098536
20.540024,30,97141.098547
21.76363,30,97142.745712
20.693178,30,97142.745801
20.627008,30,97142.745825
20.81026,30,97144.333991
20.571642,30,97146.040848
20.886234,30,97146.040939
20.454542,30,97148.339088
20.454542,30,97148.339181
20.540869,30,97148.339253
20.886234,30,97151.446604
20.693178,30,97155.442794
20.57386,30,97157.1319
21.88636,30,97157.131994
20.57386,30,97158.825077
21.647724,30,97160.631222
20.539877,30,97160.63131
20.454542,30,97162.755735
20.57386,30,97165.963977
20.454542,30,97165.964076
20.454542,30,97165.964097
21.051132,30,97170.052004
14.318179,22,97170.052099
20.454542,30,97173.470565
20.659195,30,97175.258858
20.454542,30,97177.820317
20.539877,30,97177.820413
20.57386,30,97177.82044
20.454542,30,97179.506647
20.454542,30,97179.506799
20.812496,30,97181.041856
20.539877,30,97181.04195
20.57386,30,97181.041975
20.539877,30,97182.720341
20.454542,30,97185.054142
20.454542,30,97185.054232
20.539877,30,97185.054253
20.659195,30,97185.05427
20.539877,30,97186.746347
20.539877,30,97188.463668
20.454542,30,97188.463748
20.539877,30,97188.463771
20.454542,30,97190.122346
17.72727,27,97190.12242
3.3314724,5,97193.821525
16.44996,25,97193.821607
20.539877,30,97195.498063
21.334133,30,97195.498166
20.539877,30,97195.498191
20.454542,30,97195.49821
20.454542,30,97195.49823
20.653387,30,97195.498247
20.454542,30,97195.498264
21.093256,30,97197.249578
20.454542,30,97197.249662
20.454542,30,97197.249682
11.908079,18,97199.621883
20.454542,30,97199.622254
20.539877,30,97201.326202
6.885166,9,97201.326289
21.01015,30,97201.326314
20.454542,30,97202.756165
20.653387,30,97202.756267
8.457522,10,97204.566166
5.810264,9,97206.849539
11.941965,17,97206.849625
20.57386,30,97206.849645
20.454542,30,97210.298089
20.454542,30,97212.14287
20.454542,30,97212.142956
21.726055,30,97214.35421
6.7329535,10,97214.354298
21.248783,30,97216.227914
20.454542,30,97216.228003
21.726055,30,97217.825676
6.852272,10,97219.733142
20.454542,30,97222.141631
20.454542,30,97222.141723
20.454542,30,97225.454314
20.653387,30,97225.454398
20.539877,30,97229.761316
20.454542,30,97233.129389
20.454542,30,97233.12965
20.454542,30,97233.129677
20.454542,30,97235.035098
20.454542,30,97235.035185
20.454542,30,97237.269292
20.454542,30,97237.26938
20.454542,30,97237.269401
20.454542,30,97239.138052
20.454542,30,97240.580506
20.454542,30,97240.580593
22.001236,30,97244.859005
22.00118,30,97244.859085
20.57386,30,97244.859106
21.005552,30,97246.519592
21.647724,30,97249.857591
20.454542,30,97249.857684
21.528406,30,97251.754231
20.693178,30,97251.754326
21.528406,30,97251.754354
20.454542,30,97251.754373
20.812496,30,97251.754392
21.051132,30,97251.75441
21.409088,30,97253.264704
21.528406,30,97253.264793
21.051132,30,97253.264814
20.931814,30,97254.898513
21.28977,30,97254.898585
21.17045,30,97256.732832
21.051132,30,97256.732922
21.17045,30,97259.248809
21.051132,30,97259.248903
16.482952,25,97260.925316
21.28977,30,97260.925407
20.812496,30,97262.608387
20.812496,30,97262.608466
21.051132,30,97262.608488
20.57386,30,97266.417767
20.454542,30,97267.961511
20.57386,30,97267.996807
20.693178,30,97269.534835
20.454542,30,97271.271689
20.57386,30,97271.271782
20.571642,30,97273.518656
20.454542,30,97275.073184
20.454542,30,97276.606208
20.454542,30,97276.606276
20.454542,30,97280.907399
20.454542,30,97280.907465
20.454542,30,97284.246765
20.454542,30,97288.405174
20.454542,30,97288.405243
20.454542,30,97288.405259
20.454542,30,97290.001123
20.454542,30,97290.001213
20.454542,30,97291.408821
20.454542,30,97291.408896
20.454542,30,97291.408914
20.454542,30,97293.118964
20.454542,30,97295.538094
20.454542,30,97295.538181
14.999997,23,97298.552134
20.454542,30,97298.552222
20.539877,30,97298.552246
20.539877,30,97298.552267
20.454542,30,97300.300116
4.2102275,7,97302.735399
20.454542,30,97304.427297
20.454542,30,97304.427384
20.454542,30,97305.953877
20.454542,30,97305.953974
20.454542,30,97305.953998
20.454542,30,97305.954015
20.539877,30,97305.954033
20.454542,30,97305.95405
20.454542,30,97307.705511
20.454542,30,97307.71749
20.454542,30,97307.717624
20.454542,30,97310.151509
20.454542,30,97310.151597
20.539877,30,97311.930823
20.539877,30,97313.538851
20.539877,30,97313.538945
20.454542,30,97315.266633
20.454542,30,97315.271448
20.454542,30,97317.418528
20.454542,30,97317.418613
20.454542,30,97317.418637
20.454542,30,97320.40327
20.454542,30,97322.149982
20.539877,30,97322.150084
20.539877,30,97324.517243
20.454542,30,97326.099495
21.528406,30,97326.099587
20.454542,30,97327.646495
20.539877,30,97329.344666
21.051132,30,97331.654401
20.454542,30,97331.654491
21.28977,30,97334.669075
20.812496,30,97334.669155
20.57386,30,97338.60801
20.454542,30,97341.950087
20.454542,30,97341.950177
20.539883,30,97341.950196
20.57386,30,97343.732206
20.57386,30,97346.050101
20.454542,30,97346.050189
20.454542,30,97346.050214
20.454542,30,97347.823138
20.454542,30,97349.820668
20.454542,30,97349.820767
20.454542,30,97353.684376
20.454542,30,97353.684463
20.454542,30,97353.684482
20.454542,30,97353.684501
20.454542,30,97355.480951
20.454542,30,97357.025891
20.454542,30,97358.73466
20.454542,30,97358.734822
20.539877,30,97360.927914
20.454542,30,97360.928429
20.539877,30,97360.928772
20.454542,30,97360.929102
20.454542,30,97360.929416
20.454542,30,97360.929723
20.454542,30,97362.603312
20.539877,30,97362.60339
20.454542,30,97362.603408
20.454542,30,97364.056345
20.454542,30,97364.056935
20.454542,30,97365.731644
16.363634,25,97368.051042
20.454542,30,97368.051126
20.454542,30,97368.051153
20.454542,30,97369.761104
20.454542,30,97369.76128
20.454542,30,97371.232594
20.454542,30,97371.232686
20.454542,30,97371.232713
20.454542,30,97375.419016
1.655303,3,97377.144746
20.454542,30,97377.144828
21.606737,30,97378.779315
21.845373,30,97380.3976
20.454542,30,97380.397685
17.045452,26,97382.673274
20.539877,30,97382.673362
14.318179,22,97382.673383
20.454542,30,97384.197841
12.954543,20,97384.197923
20.539854,30,97385.66741
20.454542,30,97385.667503
20.454542,30,97389.76149
21.125385,30,97393.047335
20.454542,30,97397.356656
20.625216,30,97397.356722
20.454542,30,97398.922827
20.771713,30,97400.522852
7.4910946,11,97400.522941
20.454542,30,97400.522964
20.454542,30,97400.522981
20.539883,30,97404.502011
20.454542,30,97404.502096
20.540047,30,97407.718434
20.539877,30,97407.71878
20.540047,30,97407.718893
20.454542,30,97407.71898
20.626204,30,97409.317326
1.597429,3,97409.317456
20.653387,30,97411.838395
20.886234,30,97413.540267
20.656977,30,97413.540354
20.454542,30,97415.118466
21.050116,30,97415.118559
20.454542,30,97415.118588
20.454542,30,97415.11861
20.454542,30,97415.118633
21.645489,30,97415.118652
20.57386,30,97416.601781
21.494423,30,97416.601867
20.454542,30,97416.601891
20.454542,30,97419.098904
21.45467,30,97419.099005
21.36244,30,97420.631682
21.287535,30,97422.223775
21.376049,30,97422.224058
21.287535,30,97422.224209
21.248905,30,97423.968811
20.454542,30,97423.968894
21.051132,30,97426.343405
21.220562,30,97426.343489
21.160746,30,97429.461529
20.778486,30,97431.222021
20.924763,30,97431.222111
20.779476,30,97433.65841
20.926952,30,97435.369177
20.454542,30,97436.819881
21.203424,30,97436.820079
20.454542,30,97436.820119
20.57386,30,97438.627397
20.689114,30,97438.627488
20.571642,30,97441.120934
20.657005,30,97441.121015
20.540047,30,97444.749329
20.454542,30,97448.410355
20.454542,30,97451.649147
20.454542,30,97451.649237
20.454542,30,97453.397764
20.454542,30,97455.645908
20.454542,30,97455.645999
20.454542,30,97455.646022
20.454542,30,97455.64604
20.454542,30,97458.819895
20.571642,30,97462.706856
20.454542,30,97462.706935
20.454542,30,97462.70695
20.571642,30,97462.706964
20.57386,30,97464.426612
20.454542,30,97464.426702
20.454542,30,97465.828412
20.454542,30,97467.426465
20.454542,30,97467.566202
20.454542,30,97469.732963
20.454542,30,97469.733239
20.454542,30,97469.733377
20.454542,30,97469.733506
20.454542,30,97469.733628
20.454542,30,97469.733757
20.454542,30,97471.49848
20.454542,30,97471.498573
20.454542,30,97471.498595
20.454542,30,97473.053551
20.454542,30,97473.053644
20.454542,30,97474.857529
20.454542,30,97477.327319
20.454542,30,97477.32744
20.454542,30,97477.32748
14.318179,22,97477.327507
20.454542,30,97478.934191
20.454542,30,97478.998878
20.454542,30,97480.448796
20.454542,30,97480.448903
20.454542,30,97484.425037
20.454542,30,97486.129714
20.454542,30,97486.129805
20.454542,30,97487.526048
20.454542,30,97489.277041
20.454542,30,97491.426018
20.454542,30,97491.42611
20.454542,30,97493.107115
20.454542,30,97493.107229
20.539877,30,97494.718596
20.454542,30,97494.718677
20.539877,30,97498.408022
20.539877,30,97501.615577
20.454542,30,97505.505277
20.454542,30,97505.505373
20.539877,30,97507.104223
20.454542,30,97508.550418
20.659195,30,97508.550663
20.454542,30,97508.550781
20.454542,30,97508.550891
20.454542,30,97512.541643
20.454542,30,97515.953805
20.454542,30,97515.953903
20.454542,30,97515.953927
20.659195,30,97515.953952
20.57386,30,97517.431042
20.454542,30,97517.431131
20.57386,30,97519.51041
20.454542,30,97521.323153
20.454542,30,97521.323359
20.57386,30,97522.828684
20.57386,30,97522.828773
20.539877,30,97522.839335
20.454542,30,97522.839579
20.454542,30,97522.839745
20.454542,30,97522.83991
20.454542,30,97524.53351
20.454542,30,97524.533605
20.454542,30,97524.533626
20.539877,30,97526.851437
20.57386,30,97526.851523
20.539877,30,97528.41864
20.454542,30,97530.001134
20.454542,30,97530.001228
20.454542,30,97530.001253
20.454542,30,97530.001269
20.454542,30,97531.741446
20.454542,30,97531.74153
20.454542,30,97533.968815
20.454542,30,97533.968889
20.539883,30,97536.955116
20.454542,30,97538.61911
20.454542,30,97538.619186
20.625381,30,97540.805899
20.454542,30,97542.468876
20.454542,30,97544.138003
20.653387,30,97544.138097
20.659195,30,97545.817944
20.57386,30,97545.818038
20.454542,30,97548.133379
20.539877,30,97548.133476
20.454542,30,97551.44398
20.539877,30,97555.533001
20.454542,30,97558.827523
20.539877,30,97558.82765
20.539877,30,97560.639713
20.539877,30,97562.986905
20.539877,30,97562.98702
20.454542,30,97562.991259
20.539877,30,97562.99131
20.454542,30,97565.953411
20.454542,30,97569.964167
20.539877,30,97569.964235
21.572754,30,97569.964247
20.454542,30,97569.964259
20.539877,30,97571.62336
20.742481,30,97571.623441
20.539877,30,97573.256687
20.539877,30,97575.12388
20.62618,30,97575.123972
20.776295,30,97577.565136
20.63102,30,97577.56522
20.454542,30,97577.565242
20.776306,30,97577.565259
20.539877,30,97577.565276
20.71638,30,97577.56529
20.886234,30,97579.24629
20.656977,30,97579.246378
20.656977,30,97579.246403
20.454542,30,97580.757712
20.57386,30,97580.757798
20.454542,30,97582.52696
20.571642,30,97584.932085
20.571642,30,97584.932177
20.626204,30,97584.932204
20.540869,30,97584.932221
20.545685,30,97586.898778
20.539877,30,97586.898844
20.57386,30,97588.412325
20.656977,30,97588.412397
20.454542,30,97592.232103
20.931814,30,97593.842456
20.57386,30,97593.842541
21.375105,30,97595.26375
20.454542,30,97596.962754
20.454542,30,97599.242013
21.017149,30,97599.242102
20.745522,30,97600.919047
20.454542,30,97600.919121
20.454542,30,97602.397925
20.539877,30,97602.397994
20.656977,30,97606.242919
20.539877,30,97609.432446
17.812605,27,97611.227476
20.539877,30,97613.632594
20.454542,30,97613.632683
20.454542,30,97615.137606
20.539877,30,97616.738166
20.454542,30,97616.73826
20.454542,30,97616.74164
20.454542,30,97620.734764
20.454542,30,97624.000646
20.454542,30,97624.000718
20.539877,30,97624.000734
20.454542,30,97624.000748
20.454542,30,97625.737212
20.454542,30,97625.737561
20.454542,30,97628.070198
20.454542,30,97629.720748
20.454542,30,97629.72082
20.454542,30,97631.321652
20.539877,30,97631.321851
20.454542,30,97631.321887
20.539877,30,97631.321904
20.539877,30,97631.321921
20.454542,30,97631.321935
20.454542,30,97633.163755
20.454542,30,97633.17484
20.539877,30,97633.174917
20.539877,30,97635.524846
20.454542,30,97635.524961
20.454542,30,97637.333925
20.454542,30,97639.020067
20.539877,30,97639.020153
20.454542,30,97639.020175
20.454542,30,97639.020188
20.539877,30,97640.66176
20.454542,30,97640.661852
20.454542,30,97642.722669
20.539883,30,97642.722766
20.78432,30,97645.946563
20.57386,30,97647.733406
20.454542,30,97647.7335
20.454542,30,97650.028602
21.047052,30,97651.83868
20.454542,30,97653.272157
20.454542,30,97653.27225
20.693178,30,97654.957645
20.57386,30,97654.957747
20.539877,30,97657.150065
20.454542,30,97657.15015
20.454542,30,97660.466498
1.4829545,3,97660.466587
20.81026,30,97664.769896
20.57386,30,97666.468851
20.454542,30,97667.97794
20.454542,30,97667.978044
20.454542,30,97669.628392
5.454545,9,97669.628478
20.539877,30,97672.137862
20.539877,30,97672.137949
20.454542,30,97672.137967
14.999997,23,97672.137982
7.4032836,10,97675.357586
2.284091,4,97675.35788
21.01015,30,97675.358014
20.454542,30,97679.527735
20.454542,30,97679.527835
20.890862,30,97679.52786
20.454542,30,97679.527887
20.539877,30,97681.133528
21.4852,30,97681.133623
20.890862,30,97682.736712
20.454542,30,97684.426923
20.890862,30,97686.853572
20.454542,30,97686.853653
20.454542,30,97686.853672
20.454542,30,97686.853685
20.454542,30,97686.853699
20.454542,30,97686.853712
20.539877,30,97688.542009
20.771713,30,97688.542096
20.454542,30,97688.542117
20.454542,30,97690.154359
20.890862,30,97690.15445
20.454542,30,97691.818056
20.890863,30,97694.257098
20.454542,30,97694.257186
20.454542,30,97694.257211
20.890863,30,97694.257229
20.454542,30,97695.932165
20.454542,30,97695.932253
20.454542,30,97697.457758
20.454542,30,97697.457852
20.890863,30,97701.618122
21.248817,30,97703.241071
20.454542,30,97703.241365
20.454542,30,97705.043967
20.454542,30,97706.777312
21.88636,30,97709.281771
20.808416,30,97710.756466
20.771713,30,97712.432928
21.17045,30,97716.651958
21.17045,30,97716.652048
21.17045,30,97720.023986
20.665003,30,97721.828832
20.57386,30,97724.132839
20.886234,30,97725.847989
20.57386,30,97725.848078
20.812496,30,97727.220402
20.57386,30,97727.2205
20.57386,30,97727.22053
20.812496,30,97727.220554
20.571642,30,97731.547393
20.57386,30,97731.547484
20.454542,30,97731.547501
20.454542,30,97734.736369
20.454542,30,97734.736488
20.454542,30,97734.73651
20.454542,30,97734.736533
20.454542,30,97736.479401
20.454542,30,97736.479499
20.454542,30,97738.882165
20.454542,30,97740.58347
20.454542,30,97742.344427
20.454542,30,97742.344521
20.454542,30,97742.344543
20.454542,30,97742.344561
20.454542,30,97742.34458
20.454542,30,97742.344596
20.454542,30,97744.151609
20.454542,30,97744.1517
20.454542,30,97744.151723
20.454542,30,97746.653399
20.454542,30,97746.653487
20.454542,30,97748.375129
20.454542,30,97749.898395
20.454542,30,97749.89847
4.806818,7,97749.898488
20.454542,30,97749.898513
19.772724,30,97749.898525
20.454542,30,97751.522146
20.454542,30,97751.522397
2.403409,4,97753.545231
7.2102275,10,97753.545321
14.318179,22,97753.545341
20.454542,30,97753.545357
5.734882,8,97753.545372
20.454542,30,97753.545386
20.539877,30,97756.66294
11.908079,18,97758.341233
20.454542,30,97758.341325
20.454542,30,97758.341345
20.454542,30,97760.336645
20.454542,30,97762.055856
20.454542,30,97763.443848
20.539877,30,97765.085709
20.539877,30,97770.646118
20.454542,30,97770.646199
20.454542,30,97774.652644
20.693178,30,97776.433343
20.454542,30,97777.943342
20.539877,30,97779.726365
20.454542,30,97781.856979
21.88636,30,97781.857081
20.454542,30,97781.857104
20.454542,30,97781.857121
21.88636,30,97785.135187
20.57386,30,97785.13536
21.884142,30,97785.135378
21.645506,30,97789.20752
21.645506,30,97789.2076
11.710226,18,97789.207617
21.647724,30,97789.207631
11.590907,18,97790.925277
21.409088,30,97790.925383
21.28977,30,97794.105219
21.051132,30,97796.450845
21.287533,30,97796.450936
21.482826,30,97796.450959
21.17045,30,97796.450977
21.17045,30,97796.450996
21.051132,30,97796.451011
5.454545,9,97796.451027
21.363506,30,97798.199343
21.051132,30,97798.199416
21.051132,30,97798.19943
20.929596,30,97799.72641
20.810278,30,97801.470894
20.69096,30,97803.825412
20.69096,30,97803.825491
20.693178,30,97803.825516
21.051132,30,97803.825533
20.57386,30,97803.825549
3.1996822,5,97805.471461
20.931814,30,97805.471556
20.693178,30,97805.471578
20.812496,30,97806.9384
20.812496,30,97806.938488
6.136363,10,97806.938509
20.454542,30,97806.938526
20.812496,30,97806.938541
4.7992997,7,97806.938557
20.454542,30,97806.938571
20.454542,30,97806.938588
4.8045826,7,97808.718224
20.454542,30,97812.934333
20.454542,30,97812.934425
5.605719,8,97812.934448
20.653387,30,97814.435254
2.5634325,4,97814.435369
7.202709,10,97814.435395
3.2504418,5,97816.218703
3.2023098,5,97816.218786
20.454542,30,97816.218807
20.454542,30,97818.564286
20.454542,30,97820.024151
8.357486,11,97823.466836
20.454542,30,97825.619802
20.454542,30,97825.619887
17.045452,26,97829.002517
20.454542,30,97829.002596
20.454542,30,97830.718373
20.454542,30,97833.131978
20.454542,30,97836.318826
20.454542,30,97836.318925
20.454542,30,97836.318952
20.454542,30,97840.337411
20.771713,30,97840.337647
20.454542,30,97840.341398
14.46407,21,97842.003528
20.771713,30,97843.601723
20.539877,30,97843.601786
20.454542,30,97843.601802
20.539877,30,97845.42763
20.454542,30,97845.427737
21.49318,30,97850.533702
21.96005,30,97850.533799
21.287535,30,97850.536956
21.287535,30,97850.53735
21.165588,30,97852.265158
21.406853,30,97852.265247
21.52617,30,97854.704267
20.929579,30,97856.36885
21.284906,30,97858.025281
7.6193175,12,97858.025376
20.924295,30,97858.025402
21.284906,30,97858.025419
21.255785,30,97859.756426
20.89297,30,97859.756521
20.929596,30,97859.756538
21.04627,30,97862.097075
21.136467,30,97862.097167
21.051132,30,97862.097184
21.753357,30,97862.097201
20.812496,30,97862.097215
20.924706,30,97863.859267
2.0454545,4,97865.354693
16.363634,25,97865.354771
20.778513,30,97867.107598
20.859005,30,97867.107666
20.693178,30,97867.110036
21.136467,30,97869.584689
20.571642,30,97869.584783
20.571642,30,97869.584804
20.454542,30,97871.030375
20.895596,30,97871.030756
20.890862,30,97871.030893
20.454542,30,97872.564348
14.999997,23,97874.159375
20.454542,30,97878.306559
20.454542,30,97879.53514
20.625212,30,97879.535534
