#{"t_start": 1774784961.6166747, "env_id": "None"}
r,l,t
0.98938525,2,5.699998
1.9583726,3,7.797801
1.6000543,3,7.797936
1.7671529,3,7.797963
1.6000543,3,7.797982
1.9602091,3,7.797998
1.6000543,3,7.798014
1.9602091,3,7.79803
2.7193458,4,9.824737
2.1647727,4,9.824854
2.5682893,4,9.824883
2.7591155,4,9.824906
2.4536853,4,9.82493
2.3985653,4,9.824956
2.3989275,4,9.824978
3.8476968,5,11.869622
3.3983889,5,11.869733
3.9894397,5,11.869749
3.2023098,5,11.869762
3.3645625,5,11.869774
3.3979666,5,11.869784
3.558406,5,11.869795
3.4032395,5,11.869812
3.40935,5,11.869823
3.9550917,5,11.869834
3.764141,5,11.869844
3.2171164,5,11.869855
3.7940125,5,11.869867
4.75931,6,13.828337
4.5918636,6,13.828432
4.193875,6,13.828447
3.609075,6,13.82846
3.608135,6,13.828471
2.1216552,3,13.828484
4.358755,6,13.828495
3.7283957,6,13.828506
4.7221546,6,13.828516
4.644422,7,15.817438
2.0795274,3,15.817584
4.5262003,7,15.817623
1.1985551,2,15.817651
4.2102275,7,15.817681
2.2510998,4,15.817707
5.360396,7,15.817734
5.44787,8,18.026427
6.163762,8,18.026525
6.561319,8,18.026542
5.899826,8,18.026553
2.3989825,4,18.026564
1.5982071,3,18.026576
6.5973763,8,18.026586
6.792278,8,18.026598
1.1962425,2,18.026609
7.3560886,9,20.159647
6.2488136,9,20.159771
6.797783,9,20.1598
7.648081,9,20.15982
4.1642766,6,22.154146
3.2045453,5,22.15425
7.4835553,10,22.154265
8.269714,11,24.134511
8.56106,11,24.134654
8.5367365,11,24.134693
4.2965546,7,24.134726
1.1985551,2,24.134755
9.160662,11,24.134783
7.6375427,11,24.134814
8.881072,11,24.134843
5.359376,7,24.13487
4.9571686,6,24.134898
8.337736,12,26.127318
8.561996,12,26.127401
9.487411,12,26.127412
5.162519,7,26.127421
9.75952,12,26.127429
9.130477,12,26.127437
4.5658574,6,26.127445
8.529355,12,26.127453
3.3927448,5,28.063823
3.0500176,5,28.063903
9.724977,13,28.063915
2.566059,4,28.063924
4.1811843,6,28.063933
9.284371,13,28.063941
2.5642135,4,29.972347
11.371022,14,29.972444
10.971053,14,29.972461
7.388815,9,29.972475
4.5619087,7,29.972486
9.387578,11,29.972499
3.2162936,5,29.972511
1.9602091,3,31.84588
12.562212,15,31.850159
6.4581,10,31.850181
1.9602091,3,31.8502
13.193824,15,31.850216
7.80641,11,31.850234
12.765477,16,33.783551
1.6000543,3,33.783644
10.517292,16,33.783663
7.587775,9,35.697234
2.5942352,4,35.69732
10.310221,14,35.697333
4.8863344,7,37.660615
14.092341,18,37.660767
9.758299,11,37.660783
12.138658,18,37.660794
15.602168,18,37.660804
7.5676565,10,37.660813
7.001913,9,39.734226
1.9602091,3,39.734312
4.760184,6,39.734324
13.186285,19,39.734332
13.35595,20,41.658594
16.197767,20,41.65871
15.139657,20,41.658728
8.731541,12,41.658742
6.4036274,9,41.658755
7.402213,9,41.658768
9.944635,15,43.974584
15.33792,21,43.97469
7.5271997,10,43.974708
11.532079,16,43.974722
1.7671529,3,43.974735
14.993182,21,43.974746
14.803048,21,43.974757
13.170018,17,45.961304
11.165001,14,45.961411
12.329604,17,45.961429
4.6472487,7,45.961441
8.554146,10,45.961455
9.756452,11,45.961467
6.765718,10,45.961478
15.590845,22,45.961488
4.2682376,7,45.961501
15.870747,22,45.961512
18.686995,23,47.875928
19.451315,23,47.876028
3.0491953,5,47.876045
7.6181817,11,47.876057
3.595473,5,47.876068
17.608696,20,47.876079
19.173113,24,49.808031
16.794119,19,49.808126
17.259134,24,49.808145
7.090776,10,49.808157
0.9182361,2,49.80817
2.2818725,4,49.808182
7.9903855,10,49.808194
14.063865,19,52.076491
8.821849,12,52.076575
12.093667,17,52.076585
6.370934,10,52.076593
15.786472,17,52.076601
1.7671529,3,52.076608
2.4011736,4,52.076616
3.3645687,5,52.076622
6.338775,10,52.07663
13.422663,19,54.224431
9.811766,14,54.224581
3.0921602,5,54.224619
3.6059203,6,56.27179
14.266686,21,56.271885
14.245454,21,56.271904
2.3647592,4,56.271917
9.808097,13,56.27193
1.652549,3,56.27194
4.971556,8,56.271952
8.219704,11,58.238235
3.9968107,6,58.238377
20.55052,28,58.238415
7.9314117,12,58.238444
3.2023098,5,58.238474
6.0541196,8,58.238504
2.3985653,4,58.238529
3.3671901,5,60.283559
4.5574136,6,60.283658
22.071505,29,60.283692
9.153938,11,60.28371
3.9572065,5,62.221974
21.57896,30,62.222118
14.817505,19,62.222155
27.11637,30,62.222183
12.381891,18,62.222208
23.11178,30,62.222232
21.789831,30,62.222256
1.9602091,3,62.22228
21.026472,30,62.222311
22.053492,30,62.222335
23.99565,30,62.222359
22.24564,30,62.222383
10.730537,14,62.222406
22.06391,30,62.22243
14.009963,18,62.222452
20.625189,30,62.222475
1.8555311,3,62.222498
21.718216,30,62.222522
24.857828,30,62.222546
23.331688,30,62.222568
18.20225,24,64.236224
4.400167,6,64.236396
12.490718,17,64.236447
4.2735157,5,66.23296
27.953785,30,66.233173
3.4032395,5,66.233222
6.562282,8,66.233255
1.7649229,3,66.233281
21.961096,29,66.23333
11.010288,15,68.287591
2.957371,4,68.287689
1.9583726,3,68.287708
12.605941,16,68.287721
16.560827,19,68.287733
1.9583726,3,68.287745
7.0025325,9,68.287758
5.758305,7,68.28777
6.557583,8,68.287783
2.9307027,5,68.287794
21.146841,30,68.287805
20.89519,26,68.287817
9.96062,12,68.28783
2.8517704,4,70.415998
21.636356,30,70.416167
4.408217,6,70.416205
21.699274,28,70.416306
2.5634325,4,70.416352
19.332096,27,70.41638
2.3967478,4,70.416404
1.6000543,3,72.538632
22.990286,30,72.538744
15.392459,18,72.538773
11.329411,16,72.538791
21.749495,24,72.538809
23.496304,30,72.538827
3.1100657,5,72.538845
20.01487,25,74.443419
22.672178,30,74.443534
21.321716,25,74.443558
13.966666,18,74.443578
6.5550976,8,74.443595
2.9592168,4,74.443613
2.9573765,4,74.443629
10.982188,16,74.443645
7.7687187,10,74.443662
25.252625,30,74.443679
4.5558205,6,74.443694
2.5642135,4,76.492749
17.139194,23,76.492919
2.7613456,4,76.49294
18.229643,24,76.492954
5.5614843,7,76.492973
7.845457,10,76.492991
3.2753794,4,76.493007
2.9592168,4,76.493025
2.5964653,4,76.493041
13.694203,18,76.493058
3.846658,5,78.482586
23.662722,30,78.482688
11.769457,16,78.482708
5.85525,7,78.482724
12.3279295,16,78.482737
2.957371,4,78.48275
16.017654,23,78.482763
11.757517,14,78.482775
7.7560687,9,80.563947
13.651969,17,80.564041
12.158733,14,80.564055
22.614386,30,80.564065
3.9572015,5,82.501624
6.158099,8,82.501775
24.641405,30,82.501817
7.1980233,9,82.501848
4.3636184,6,82.501876
1.6022727,3,82.501951
1.6000372,3,82.50198
1.6000543,3,82.502008
3.3649876,5,82.502036
7.4397597,10,82.502062
18.559052,27,82.502089
8.957162,10,82.502116
7.536423,11,84.757569
2.846591,5,84.757682
4.400026,6,84.757702
1.6000543,3,84.757717
21.452412,30,84.757733
9.205691,11,84.757747
2.517864,4,86.670852
4.170562,6,86.670943
12.782125,17,86.67096
6.7959375,9,86.670974
6.3993387,9,88.556151
15.792015,21,88.556255
1.9602091,3,88.556272
3.8524091,6,88.556285
5.962888,8,88.556301
10.529454,15,88.556316
8.613229,13,88.556329
7.418309,11,90.440506
22.126722,30,90.440654
7.341422,11,90.440695
10.824143,16,90.440729
16.290443,21,90.440758
2.5682893,4,90.44079
3.7340546,6,90.440817
8.13807,12,92.421057
17.654062,23,92.421163
15.4571495,20,92.421183
24.494919,30,92.421196
8.467133,13,92.421208
17.461845,24,92.421222
9.827584,15,92.421235
15.9253,19,94.639842
6.918443,8,94.639984
3.40935,5,94.640024
0.91821903,2,94.640059
3.2000637,5,94.64009
14.441662,16,94.640119
4.9539833,6,94.640146
6.529605,9,94.640174
4.2043757,6,94.6402
16.42647,23,96.586107
9.163757,11,96.58623
5.1237054,7,96.586257
15.950387,22,96.586278
7.648664,11,96.586297
2.3967478,4,96.586315
5.9231915,7,96.586334
5.257946,8,96.586352
5.763192,8,98.689995
2.4538126,4,98.690104
1.1985551,2,98.690126
4.712569,7,98.690143
1.9602091,3,98.690159
17.175165,23,98.690177
21.956964,25,98.690194
14.878727,22,98.690212
13.769889,18,98.690227
22.031708,29,100.761712
12.975412,18,100.761799
13.985694,19,100.761811
24.55738,27,100.76182
1.2765543,2,100.76183
7.761955,10,100.761839
14.8436775,21,100.761848
5.1976495,6,100.761856
5.277195,6,100.761865
5.5653524,8,100.761873
1.9602091,3,100.761882
21.80232,30,100.76192
2.7591155,4,100.761936
11.163558,13,100.76195
1.9602091,3,100.761963
2.9592168,4,102.637422
5.0116224,7,102.637573
19.867697,27,102.637635
1.9602091,3,102.637669
1.9583726,3,102.637697
18.326866,23,102.63772
12.256099,17,102.637748
23.698704,30,102.637773
1.9602091,3,102.637799
8.266221,12,102.637823
5.5573673,7,104.630522
7.9286003,11,104.630671
21.563778,30,104.630709
1.6000543,3,104.630736
22.4739,30,104.630762
4.7579536,6,104.630788
9.015928,12,104.630813
11.278027,14,104.630842
5.407123,8,104.630866
11.725691,15,104.63089
2.9810107,4,104.630915
7.367332,10,104.630939
14.770938,19,104.630963
5.5952744,7,104.630986
14.606056,18,106.570375
23.94456,30,106.570469
7.4465094,10,106.570484
11.377042,15,106.570495
10.812425,14,106.570505
12.5087385,16,106.570515
8.198491,10,106.570526
1.849768,3,106.570536
1.7671529,3,106.570545
11.886831,16,106.570554
10.926643,13,106.570564
10.170311,14,106.570573
13.335047,18,106.570583
4.7922883,6,106.570593
6.369222,8,108.443432
17.75261,25,108.443542
14.262523,19,108.443566
1.9583726,3,108.443582
16.35872,18,108.443597
11.354638,13,108.443613
7.9590125,9,108.443628
10.044794,13,108.443642
2.6531274,4,110.313027
1.0508548,2,110.313522
13.5025425,18,110.313583
3.9590473,5,110.313614
4.7641163,6,110.313641
24.45216,29,110.313668
8.658563,12,110.313692
8.879218,11,110.313716
3.9590473,5,110.313741
7.758299,9,110.313768
1.4999979,3,110.313791
4.014187,6,110.313817
10.760318,12,110.31384
2.7591155,4,110.31387
1.795329,3,112.495031
1.795329,3,112.495125
1.9602091,3,112.49514
2.1125183,3,112.495151
14.0904455,18,112.495162
3.8748145,5,112.495173
14.2870865,18,112.495183
6.721407,9,112.495195
4.7643847,7,112.495204
2.7595088,4,112.495215
2.7886984,4,112.495224
5.9216833,7,114.614403
20.461561,26,114.614531
17.137463,21,114.614567
6.5594783,8,114.614597
9.360222,11,114.614621
5.5930443,7,114.614647
2.7943366,4,114.614674
4.795859,6,114.614708
3.0491953,5,114.614757
1.1985551,2,116.82832
1.7671529,3,116.828449
4.7542906,6,116.828478
1.7671529,3,116.828499
1.5982071,3,116.828517
5.0032935,7,116.828535
3.8517637,5,116.828554
3.2808776,5,116.828573
5.4483976,8,116.828593
17.052572,22,116.82861
11.20505,13,116.82863
2.4011736,4,116.828651
3.2000465,5,118.833575
20.201046,25,118.83376
6.5612907,8,118.83379
3.0509086,5,118.833811
23.512539,30,120.794888
11.819947,15,120.794983
23.938612,30,120.794998
19.837837,26,120.795009
2.566059,4,120.79502
9.562153,11,120.79503
6.9590125,8,120.795041
3.450185,5,120.795053
10.0461855,11,120.795063
5.7601786,7,120.795073
9.651722,13,120.795083
8.356478,10,120.795092
6.2050714,8,120.795102
8.566238,10,120.795111
1.9251442,3,120.795122
4.170562,6,120.795131
1.9602091,3,122.788762
7.9146314,9,122.788853
23.747768,30,122.788865
10.718137,13,122.788873
3.7581232,5,122.78888
1.9602091,3,122.788887
11.362591,13,122.788894
5.6523514,7,122.788901
6.9950857,8,122.788908
6.9532166,8,122.788915
7.360223,9,122.788922
8.435586,12,122.788929
18.798368,23,122.788935
11.451223,15,122.788942
4.5963492,6,122.788949
12.603384,15,124.916422
5.355114,7,124.916588
2.9592168,4,124.916624
4.015203,6,124.916652
7.612734,10,124.916679
3.40935,5,124.916705
7.9553285,9,124.916733
9.360774,11,124.916759
1.7649229,3,124.916785
7.955575,9,124.916811
8.807499,11,124.916837
16.000645,18,124.916863
5.1187043,6,124.916888
22.925308,27,124.916913
9.362455,11,126.943058
11.587517,13,126.943176
1.9602091,3,126.943201
9.252403,11,126.94322
6.5572114,8,126.943242
12.533024,15,126.943259
5.8861637,8,126.943276
7.35757,9,126.943293
3.7611759,5,126.94331
6.8811116,9,126.943327
9.810175,13,126.943344
0.85192573,2,126.94336
9.75237,11,126.943378
3.9590473,5,126.943394
1.9602091,3,126.94341
4.953755,6,128.903745
1.9583726,3,128.903888
20.99442,23,128.903924
4.9571776,6,128.903953
2.7943366,4,128.903978
2.9894383,4,128.904003
10.355081,12,128.90403
11.054746,15,131.088061
3.565887,5,131.08816
3.1205497,4,131.088179
7.7583323,9,131.08819
2.6041281,4,131.088201
7.809587,10,131.088211
2.7595088,4,131.088222
3.8536346,5,131.088231
23.459034,28,131.08824
23.037401,26,131.088265
19.408848,23,131.088276
1.7671529,3,133.30729
1.7905216,3,133.307391
7.4455385,11,133.307408
13.129468,16,133.30742
3.3953714,5,133.307432
1.9583726,3,133.307443
4.7904496,6,133.307453
2.9592168,4,133.307464
1.795329,3,133.307477
5.1281404,7,133.307487
4.9550643,6,133.307499
2.5682893,4,133.30751
1.7649229,3,135.493144
8.798397,10,135.493263
2.2536962,4,135.493289
23.40716,30,135.493308
2.5682893,4,135.493325
4.0056815,6,135.493344
2.757267,4,135.493361
9.062192,12,137.653074
7.6592946,10,137.653188
6.566231,8,137.653214
8.9513645,10,137.653236
6.5641294,8,137.653258
3.8517327,5,137.653279
10.795964,12,139.587265
16.959461,20,139.587367
1.9825572,3,139.58739
4.4070344,7,139.587408
11.483579,14,139.587426
6.5587564,8,139.587443
5.384507,7,139.587458
7.9590125,9,139.587476
12.123406,13,139.587491
4.6522737,7,139.587508
1.9602091,3,139.587523
2.7591155,4,139.58754
2.7595088,4,139.587556
8.157653,10,139.587571
4.761147,6,139.587586
5.154329,8,139.587602
10.587545,13,141.714887
2.7943366,4,141.715002
13.39473,15,141.715027
11.857394,15,141.715044
1.6000372,3,141.715064
1.9583726,3,141.71508
6.074647,7,141.715096
4.121559,5,141.715113
3.0473478,5,141.71513
18.328625,21,143.85387
1.480736,3,143.854045
5.4483814,8,143.854063
6.486401,9,143.854077
26.613764,30,143.85409
20.259226,24,143.854102
6.9044957,9,143.854115
4.054115,5,143.854129
9.953714,11,145.789493
1.7649229,3,145.789592
8.967385,12,145.789615
6.36342,8,145.789634
0.96601653,2,145.789654
7.2477922,10,145.78967
3.5602462,5,145.789687
1.7671529,3,145.789704
8.18154,10,145.78972
1.7649229,3,145.789735
3.5207424,5,145.789751
11.165577,13,145.789767
5.757459,7,147.844689
14.36058,16,147.844856
5.7611423,7,147.844909
5.560611,7,147.844961
6.5600486,8,147.845006
16.956923,19,147.845047
7.5557485,9,147.845093
14.762749,17,147.845139
7.1584115,9,147.845182
5.955058,7,147.845221
7.5917125,9,149.850142
4.4063716,6,149.850251
7.3947244,9,149.850271
14.476536,17,149.850286
3.1215658,4,149.850301
1.3636364,3,149.850315
16.191849,18,149.850327
3.05015,4,149.850341
20.161266,23,149.850355
8.8851595,11,151.855342
7.6533127,10,151.855464
15.357141,17,151.855487
4.1995254,6,151.855506
4.7561126,6,151.855527
2.5228117,4,151.855545
2.3989825,4,151.855563
1.597429,3,151.855581
4.7567472,6,151.855601
1.9602091,3,151.855619
5.5554028,7,151.855636
4.761147,6,151.855654
4.315324,6,153.823051
12.790536,14,153.823207
7.9674425,10,153.823248
15.34701,19,153.82328
1.5982071,3,153.823317
11.347597,14,153.823347
2.3974714,4,153.823374
2.7863028,4,155.950976
11.991157,14,155.951083
9.599231,11,155.951104
4.4842453,6,155.951118
10.997587,13,155.951133
3.7581232,5,155.951154
6.559469,8,157.911603
13.555985,15,157.911742
7.19617,9,157.911782
2.7572908,4,157.911813
2.5634325,4,157.911844
1.6022727,3,160.091184
1.9973788,3,160.091275
24.099968,29,160.091286
7.9581404,10,160.091296
21.221893,26,160.091303
2.726471,4,160.091311
7.462232,11,162.125213
1.6000372,3,162.125309
8.562283,10,162.125326
2.5660536,4,162.125339
5.7560744,7,162.12535
14.083805,18,162.125361
16.734316,20,164.145769
12.731712,16,164.149615
8.784996,10,164.149697
6.777414,10,164.149738
9.891678,13,166.097449
3.7562654,5,166.097569
4.683046,7,166.09759
22.603842,25,166.097604
9.665484,13,166.097618
11.359857,13,166.097632
9.755571,14,166.097645
11.0076475,13,166.101306
15.794762,17,168.226111
9.3243475,12,168.226212
1.6000543,3,168.226225
7.919247,9,168.226233
23.358702,27,168.226242
1.9602091,3,168.22625
19.160725,22,170.227164
9.409252,12,170.227264
21.768484,26,170.227282
7.5320554,11,170.227294
21.133266,26,170.227306
8.53286,12,170.227318
15.015352,19,170.22733
14.07682,17,170.227341
12.0049715,14,170.227352
24.478767,30,172.213316
7.157842,9,172.213415
4.760324,6,172.213443
12.953282,18,172.213458
17.842594,21,172.213471
5.290619,8,172.213483
9.776246,13,172.213495
8.486228,11,172.213506
1.9875622,3,172.213517
3.5606453,5,172.213528
7.896643,12,172.213554
16.8794,20,174.521675
6.246788,9,174.521809
21.696646,26,174.521846
21.493982,26,174.521874
7.8902,11,174.521923
16.602833,19,174.52195
21.209139,25,174.521976
12.00185,14,174.522001
9.970177,13,174.522025
8.374326,12,174.52205
5.084209,7,174.522075
20.177664,25,174.522098
7.7393327,11,174.52212
10.211449,14,174.522143
3.855258,5,174.522164
1.9602091,3,174.522186
7.3650756,10,174.522208
9.787138,11,174.522242
4.786488,6,176.675965
2.4383488,4,176.676058
14.05302,19,176.676075
10.2096815,13,176.676087
9.807314,12,176.676097
7.0830092,9,176.676109
8.383125,12,176.676119
8.810112,12,176.676129
6.801351,9,176.676139
12.453859,16,176.676148
1.0543947,2,176.67616
12.403767,15,178.790453
6.3577404,8,178.790544
12.728302,16,178.790555
0.96601653,2,178.790563
1.278391,2,178.79057
4.959018,6,178.790578
8.360359,10,178.790586
20.894333,25,178.790593
24.1235,28,178.790601
10.923924,13,178.790608
10.287378,13,178.790615
12.37059,16,180.933874
1.9602091,3,180.933996
16.88275,20,180.934018
3.1205497,4,180.934035
3.0505962,4,180.934051
10.290789,14,180.934062
3.9590473,5,180.934073
1.9602091,3,180.934085
11.094174,15,180.934096
21.409433,26,180.934106
1.9602091,3,180.934117
2.9592168,4,180.934128
7.4079847,9,180.934139
1.9602091,3,180.93415
9.809157,12,180.93416
3.9851804,5,180.934171
2.9573765,4,182.959817
6.98944,8,182.959912
15.743126,20,182.959927
23.636587,29,182.959939
1.9602091,3,182.95995
9.191191,11,182.959961
7.5930386,9,182.959971
9.273494,10,182.959981
26.916834,30,182.959991
1.9602091,3,182.96
5.756084,7,182.96001
6.794132,8,182.96002
3.9590473,5,182.96003
5.5930443,7,182.96004
7.7583084,9,182.960049
14.179282,19,184.899662
7.9571667,9,184.899805
13.529449,17,184.899846
20.348738,22,184.899871
15.204411,18,184.899899
5.98944,7,184.899928
5.9590135,7,184.899949
3.9590473,5,184.899977
27.287615,30,184.900006
3.9556184,5,184.900026
11.758308,13,184.900045
2.5990593,4,186.909333
12.263,16,186.90947
4.275359,5,186.909506
21.350666,27,186.909533
9.054113,10,186.90956
26.896742,30,186.909584
1.9602091,3,186.90961
4.79017,6,186.909633
4.9555893,6,186.909658
3.9553723,5,186.909683
3.9590473,5,186.909709
7.792282,9,186.909733
0.98509765,2,186.909759
18.68706,23,189.05404
12.256701,14,189.054147
4.955332,6,189.054165
20.594513,25,189.05418
15.682759,20,189.054197
9.764101,11,189.05421
5.560611,7,189.054227
1.6557845,3,191.056496
3.8050761,5,191.056608
5.5971203,7,191.056626
9.754481,11,191.05664
3.4010205,5,191.056653
2.957371,4,191.056667
5.9516287,7,191.056678
1.8011469,3,191.056692
5.955323,7,191.056703
3.7952194,5,191.056715
3.2148979,5,191.056727
4.248229,6,192.917939
1.7671529,3,192.918075
1.9602091,3,192.918111
2.2559147,4,192.918138
1.1240078,2,192.918166
4.325564,6,192.918196
8.758307,10,192.918221
5.1647544,7,192.918247
17.145039,21,192.918273
15.358726,17,195.135692
6.3951683,8,195.135784
6.159324,8,195.135801
2.9573765,4,195.135813
8.959012,10,195.135826
14.805724,17,195.135836
8.374103,11,195.135848
1.9602091,3,195.135859
8.951623,10,195.13587
4.75931,6,195.13588
4.361383,6,195.135892
8.595438,10,195.135903
6.160653,8,195.135915
17.614435,21,195.135925
4.794138,6,195.135936
4.555308,6,197.158173
10.52162,13,197.158296
7.842655,10,197.158313
6.3583803,8,197.158325
2.6012802,4,197.158338
5.354838,7,197.15835
3.4024167,5,197.158363
3.0514133,5,197.158375
5.355118,7,197.158388
10.762268,12,197.158401
6.002374,9,197.158414
18.08387,21,197.158427
6.312986,10,199.071443
7.4443197,9,199.071539
8.240202,11,199.071555
17.006079,20,199.071568
1.9602091,3,199.071579
6.883317,9,199.071589
5.9553294,7,199.071599
9.280743,12,199.071609
11.358385,13,199.071619
2.2559147,4,199.07163
4.502437,7,199.07164
5.955059,7,199.071651
12.354414,14,199.071661
11.955448,14,199.071671
7.559056,9,201.059142
5.563015,7,201.059263
5.001183,7,201.05928
5.567263,7,201.059293
7.457992,11,201.059305
8.556019,10,201.059318
7.5894823,9,201.05933
12.853386,14,201.059345
6.01034,9,201.059376
3.4010205,5,201.059389
1.795329,3,203.05759
4.364792,6,203.057697
2.7613456,4,203.057715
6.557639,8,203.057728
1.7671529,3,205.036428
2.957371,4,205.036542
9.203316,11,205.036571
14.925311,17,205.036595
21.160465,24,205.036615
8.024942,12,205.036637
6.0104895,8,207.051377
8.762515,10,207.051498
4.6817713,6,207.051522
2.957371,4,207.05154
25.059338,30,207.051564
3.557625,5,207.051584
10.591739,12,209.010495
1.9602091,3,209.010641
10.159673,12,209.010684
4.0835314,6,209.010715
8.9006,11,209.010746
1.9583726,3,209.010777
12.038088,15,209.010806
2.7572908,4,209.010833
5.090925,8,209.010861
3.9223301,5,209.010887
4.502035,7,209.010914
18.366379,20,211.296605
3.7585073,5,211.296725
1.1985551,2,211.296759
4.6912284,7,211.296783
12.698734,15,211.296807
15.283641,18,211.296832
4.012982,6,211.296855
6.368235,8,211.296877
4.5614896,6,211.296899
2.957371,4,211.296922
5.492365,8,211.296944
1.1962425,2,211.296964
3.2140667,5,211.296986
1.7671529,3,211.297007
8.010262,10,211.297067
6.5214467,9,211.297093
18.758308,20,213.553417
7.3970537,10,213.553522
4.959018,6,213.553538
15.039131,19,213.553551
12.702651,15,213.553566
10.039657,13,213.55358
6.2488365,9,213.553593
11.002962,14,213.553606
7.1617517,9,213.553618
7.6814637,10,215.588185
5.5614605,7,215.588273
6.3974504,9,215.58829
5.368404,7,215.588302
1.7671529,3,215.588315
13.018603,18,215.588326
11.93987,15,215.588338
7.3427143,10,215.58835
6.0082464,8,215.588361
7.756061,9,215.588372
1.7649229,3,215.588384
0.98509765,2,215.588395
2.7591155,4,217.78518
8.727444,12,217.785269
4.208509,6,217.785286
1.9602091,3,217.7853
5.8334846,9,217.785311
3.855291,5,217.785322
6.5576158,8,217.785333
1.795329,3,217.785344
14.134593,18,217.785355
12.788593,14,217.785366
7.678373,9,217.785377
13.2850065,17,217.785388
9.50526,13,217.785399
11.160454,14,217.785409
1.9583726,3,217.785419
11.3641615,13,219.958688
5.016273,7,219.958798
9.937571,13,219.958815
10.953725,12,219.958829
15.527663,19,219.958842
1.9602091,3,219.958854
13.608618,16,219.958868
8.582521,11,221.968685
10.788731,12,221.968801
2.7591155,4,221.968822
3.9590473,5,221.968838
10.358373,12,221.968997
2.7883368,4,221.969059
8.361597,10,221.969076
11.387052,13,221.969091
2.1954904,3,221.969106
1.1962425,2,221.969121
2.7613456,4,221.969135
11.926679,15,221.969147
5.047726,6,221.969161
16.64675,20,221.969173
14.8859215,19,221.969187
19.754217,21,221.969199
11.002125,13,221.969212
5.2735085,6,223.998508
7.756458,9,223.998622
14.159478,16,223.998646
4.959018,6,223.998667
1.9602091,3,223.998683
4.9571776,6,223.998699
10.559987,13,223.998716
11.9271755,15,223.998733
3.7603533,5,223.998749
9.716121,12,223.998765
2.7862458,4,226.193268
3.9590473,5,226.193375
5.4022417,7,226.193399
4.0841436,5,226.193418
5.9571676,7,226.193434
6.557244,8,226.193451
6.654157,8,226.193468
5.9553175,7,226.193483
13.245737,16,228.357865
12.756449,14,228.357998
25.758553,30,228.358017
13.361189,16,228.358033
5.646625,7,228.358046
15.817962,19,228.35806
4.761147,6,228.358073
3.9571974,5,228.358087
1.9602091,3,228.358102
6.955316,8,228.358119
7.3923254,9,228.358132
4.3043256,6,228.358145
3.8554845,5,228.358158
1.7649229,3,230.230663
8.561456,10,230.230752
5.9571633,7,230.230769
4.729098,6,230.230782
3.1976752,4,230.230796
1.9583726,3,230.230809
14.873994,19,230.230821
10.001359,12,230.230834
2.9636908,5,230.230846
3.8774357,5,230.230859
7.9590125,9,230.230871
14.762778,17,232.25891
1.1985551,2,232.258994
1.278391,2,232.259008
13.164841,15,232.259017
12.916119,16,232.259026
10.7619915,12,232.259035
3.092137,5,232.259044
7.04696,9,232.259053
14.760695,17,232.259062
1.7905216,3,232.259071
8.951898,10,232.259079
2.5682893,4,232.259088
1.9851663,3,234.174759
3.7730153,6,234.174858
19.961767,22,234.174875
12.963629,15,234.174889
6.361374,8,234.174901
2.7591155,4,234.174913
0.96601653,2,234.174924
10.247985,12,234.174936
2.7591155,4,234.174949
6.3837094,8,234.174969
19.15391,21,234.174981
2.123509,3,236.10783
3.1205497,4,236.108019
10.725678,12,236.108065
12.992798,15,236.108095
7.8779,10,236.10812
5.1731095,7,236.108145
7.58339,9,236.108171
4.7662206,7,236.108193
5.0842323,7,236.108217
18.396404,20,236.10824
10.36078,12,236.108266
19.276007,22,238.300399
5.999663,8,238.300502
7.518813,10,238.300517
1.9583726,3,238.300529
12.038665,14,238.300538
6.1975765,8,238.300548
3.9590473,5,238.300558
2.9573765,4,238.300567
4.726296,7,238.30058
5.993115,7,238.30059
2.7943366,4,238.3006
16.323837,19,238.30061
12.650443,14,238.300621
7.3557296,9,240.299384
2.3974714,4,240.299495
7.3540263,9,240.299519
1.6000543,3,240.299536
10.757704,12,240.299553
9.566238,11,240.299569
9.562156,11,240.299584
3.9590473,5,240.299599
2.0795274,3,240.299613
22.230173,28,240.299628
3.7593386,5,240.299642
7.811432,10,240.299657
10.392317,12,240.299671
2.7943366,4,240.299685
9.955312,11,240.2997
10.559174,13,242.222859
5.848112,8,242.222974
6.738712,10,242.223002
4.794138,6,242.223025
3.764141,5,242.223044
5.7885904,7,242.223063
8.7611265,11,244.30394
19.557587,21,244.304031
7.802258,10,244.304046
2.2800252,4,244.304058
12.168503,14,244.30407
2.6508937,4,244.30408
4.957168,6,244.304092
7.1935015,8,244.304102
8.325405,11,246.186177
10.392733,12,246.18628
2.4011736,4,246.186298
4.5466337,7,246.186309
21.400595,23,246.18632
3.0852273,5,246.18633
2.5642135,4,246.186342
17.917406,19,246.186353
7.5596137,9,248.121073
10.968492,14,248.121169
2.7943366,4,248.121189
3.76481,6,248.121201
5.969192,8,248.121213
3.997182,6,248.121225
12.603874,15,248.121235
2.403409,4,248.121247
5.756718,7,248.121258
4.5630593,6,250.085345
4.0012383,6,250.085442
4.29335,7,250.085458
3.9572015,5,250.085471
9.372177,13,250.085484
23.359785,30,251.913393
4.926283,7,251.913499
8.760581,11,251.913517
2.957371,4,251.913531
4.9571724,6,251.913543
1.1962425,2,251.913553
10.6164875,13,251.913563
4.3237386,6,251.913574
4.7204895,7,251.913584
1.9602091,3,251.913595
5.647821,7,253.808267
12.049798,16,253.808354
8.792182,11,253.80837
7.918729,9,253.808383
7.278047,9,253.808395
1.9602091,3,253.808404
11.726748,13,253.808415
1.9894304,3,253.808426
1.2765543,2,255.683337
3.40935,5,255.683423
10.691307,14,255.683434
11.283502,14,255.683441
3.7562892,5,255.683449
5.209329,7,255.683455
7.365999,9,255.683462
7.771772,11,255.683469
7.4932675,11,255.683475
6.0082536,8,255.683483
5.309908,8,255.68349
1.0508548,2,255.683498
7.5630126,9,255.683505
4.366203,6,255.683511
16.484602,19,255.683518
5.359376,7,257.591734
13.99852,16,257.591832
5.5572433,7,257.591848
7.310059,11,257.591861
8.383172,12,257.591872
16.960651,19,257.591882
10.879468,12,257.591892
3.7562654,5,259.528658
10.953726,12,259.528784
17.203924,22,259.528813
12.634665,16,259.528838
1.0543947,2,259.52886
17.442257,20,259.52888
4.957168,6,259.528901
9.106688,13,259.528923
2.9592168,4,261.518128
2.7591155,4,261.518283
16.719404,20,261.518304
15.579675,17,261.518319
3.9833357,5,261.518332
8.804596,11,261.518346
9.161918,12,261.518359
10.15581,12,261.518373
1.9602091,3,261.518385
1.9602091,3,261.518398
10.407942,14,261.518412
15.803716,19,261.518425
5.7601786,7,261.518437
1.9602091,3,261.518451
0.98509765,2,261.518462
7.561286,9,261.518475
16.212385,21,261.518487
7.050403,8,263.432171
16.55896,19,263.432263
6.5952735,8,263.43228
22.157774,25,263.432292
14.350319,16,263.432305
9.721987,11,263.432316
15.964695,18,263.432327
13.107003,16,265.368073
11.049423,14,265.368176
11.366817,15,265.368193
13.003377,16,265.368205
5.9555845,7,265.368221
6.7560697,8,265.368234
4.7579536,6,265.368247
4.8533864,6,265.368262
3.9572065,5,265.368273
5.9186172,7,267.266073
3.599261,5,267.266162
11.08959,14,267.266177
5.474102,7,267.266186
3.7611759,5,267.266195
27.11953,30,267.266204
9.75462,11,267.266213
4.27535,5,267.266222
10.889059,13,267.266231
2.4011736,4,267.26624
4.957168,6,267.26625
5.9590135,7,267.266258
1.7671529,3,269.133441
1.7649229,3,269.133551
5.790575,7,269.133577
10.366016,12,269.133595
2.566059,4,269.13363
15.442386,19,269.133646
20.334042,24,269.133662
10.608252,13,269.133677
2.957371,4,269.133692
3.9572015,5,269.133705
7.367152,9,269.13372
19.958876,23,269.133734
1.5049654,3,269.133749
7.3675447,9,269.133765
18.163471,21,271.061256
3.9590473,5,271.061361
1.9602091,3,271.061376
3.2171164,5,271.061389
3.2148979,5,271.061401
8.209421,10,271.061413
6.985181,8,271.061425
5.5602145,7,271.061437
10.070945,11,271.06145
4.9571724,6,271.061463
4.0853896,6,271.061475
8.211275,10,271.061487
2.7591155,4,271.061497
13.408554,16,271.061508
0.96601653,2,271.06152
3.654204,5,271.061532
24.5785,29,271.061543
4.359543,6,271.061555
13.877624,16,271.061566
1.9602091,3,272.852431
1.9602091,3,272.852544
2.9573765,4,272.85256
12.60845,15,272.852574
3.273276,4,272.852587
2.9573765,4,272.852599
1.1240078,2,272.852612
7.35855,9,272.852625
19.205425,21,272.85264
9.792287,11,272.852651
11.561454,13,272.852664
5.4080234,7,274.632016
5.9590135,7,274.632115
7.8787675,10,274.632133
22.35693,25,274.632146
3.9590473,5,274.632158
8.396439,10,274.63217
1.9602091,3,274.632182
11.750525,13,274.632195
10.360606,12,274.632209
15.874879,18,274.632235
20.199148,23,274.63226
9.7567215,11,276.595451
13.073043,14,276.595599
6.2016425,8,276.595638
2.3985653,4,276.595669
1.7269642,3,276.595695
14.557202,16,276.595721
2.9557893,4,276.59575
6.3991203,8,276.595776
4.19534,5,278.518646
1.7671529,3,278.518741
4.3671584,6,278.518761
11.362908,13,278.518773
4.5658574,6,278.518788
2.5942352,4,280.410313
8.841812,11,280.410419
4.3576703,6,280.410442
5.361777,7,280.41046
16.1728,18,280.410476
2.757267,4,280.410493
18.242035,21,280.410508
8.042391,10,280.410525
3.9572065,5,280.410543
1.9583726,3,280.410559
15.127726,17,280.410575
3.9572065,5,280.410591
4.9553156,6,280.410607
4.957168,6,282.313578
3.9571974,5,282.313686
5.1651316,7,282.313707
17.533901,21,282.313724
1.7671529,3,282.313743
2.7661605,4,282.313757
7.55925,9,282.313772
18.76175,21,282.313787
5.8045034,8,284.223411
16.362143,21,284.223502
9.240913,11,284.223519
12.558588,14,284.22353
17.922085,20,284.22354
13.002634,15,284.223552
6.665128,9,284.223564
7.078331,8,284.223581
8.074632,9,284.223598
2.1978035,3,284.223615
5.394204,7,284.223625
6.9571624,8,286.210965
13.480807,16,286.211064
6.758473,8,286.211082
2.9592168,4,286.211093
10.55562,12,286.211104
1.7671529,3,286.211115
4.957168,6,286.211126
5.97796,8,286.211137
1.9602091,3,286.211146
2.0754488,3,286.211157
23.14306,28,286.211167
19.683092,23,286.211177
22.122705,25,286.211188
9.557202,11,286.211198
3.7603533,5,286.21121
4.9553103,6,286.211222
4.560082,6,288.125165
7.390619,9,288.125261
8.760149,10,288.125277
6.5934234,8,288.125289
9.395548,11,288.125301
4.6501307,6,288.125314
7.722805,9,288.125325
15.555088,17,288.125336
2.7591155,4,288.125346
1.8506628,3,288.125357
12.754218,14,288.125367
4.7583427,6,288.125378
7.754228,9,290.067528
13.603828,16,290.067632
8.957171,10,290.06765
3.7581232,5,290.067664
2.9592168,4,290.067677
4.048141,5,290.067689
7.1976485,8,290.067701
5.0478654,7,290.067712
10.75459,12,290.067724
11.756891,13,290.067736
13.751169,15,290.067747
8.999177,11,292.01296
5.9571633,7,292.013063
1.7649229,3,292.013079
2.5682893,4,292.01309
9.2603,11,292.013104
13.07588,15,292.013114
15.643718,18,292.013126
4.564897,6,292.013136
6.3981113,8,292.013147
1.5982071,3,292.013156
2.5660536,4,294.015579
4.9571776,6,294.015669
9.358514,11,294.015684
15.32712,17,294.015697
2.4011736,4,294.015709
8.760149,10,294.015722
1.1211282,2,294.015733
4.475985,6,294.015745
9.485707,12,294.015756
16.397375,19,295.912228
8.92421,11,295.912317
4.3947597,6,295.912332
9.751423,11,295.912345
3.3634777,5,295.912356
1.6539415,3,295.912367
11.200362,14,295.912378
3.8533938,5,295.912387
27.724974,30,295.912399
27.482422,30,297.886381
6.074647,7,297.886474
3.853761,6,297.88649
3.855258,5,297.886502
7.7512836,9,297.886513
1.7649229,3,297.886523
8.953729,10,297.886533
3.9572015,5,297.886544
1.7649229,3,297.886571
1.9583726,3,299.808602
6.594415,8,299.808738
17.577217,20,299.808773
7.8501353,10,299.808803
1.9602091,3,299.808831
3.721686,5,299.808857
5.557239,7,299.808882
5.8433585,8,299.808907
8.680494,10,299.808933
13.558185,16,299.808958
4.3573003,6,299.808983
4.879502,6,301.760089
6.1588993,8,301.7602
4.886526,7,301.760216
5.80929,8,301.760229
6.1574774,8,301.760241
1.7671529,3,301.760253
12.4081135,16,301.760264
13.357095,16,301.760276
5.3566995,7,301.760288
5.9969397,7,301.7603
14.356489,16,301.760311
9.562056,11,301.760322
1.5763971,3,301.760334
1.9602091,3,303.624972
4.7561197,6,303.625085
1.9602091,3,303.628978
1.9602091,3,303.629119
7.2505174,9,303.629145
5.2071347,7,303.629166
6.7560697,8,303.629191
5.559474,7,303.629211
7.357595,9,303.62923
3.869795,6,303.629251
3.9590473,5,303.629272
1.9602091,3,303.629293
3.794167,5,305.524568
7.5844073,11,305.524785
14.9258175,18,305.524804
14.766,17,305.524816
19.357054,21,305.52483
1.9583726,3,305.524843
1.9602091,3,305.524853
15.125396,17,305.524865
15.126071,17,305.524877
7.0840006,9,305.524889
7.929605,11,305.524899
17.714485,19,307.500966
2.9592168,4,307.501057
7.6756773,9,307.501071
2.7661605,4,307.501081
8.760178,10,307.50109
22.85525,24,307.501099
3.277229,4,307.501108
3.9590473,5,307.501118
14.760149,16,307.501126
7.083977,9,307.501135
6.75792,8,307.501144
7.7887263,9,307.501153
10.153952,12,309.4175
1.9602091,3,309.417652
3.5962958,5,309.417693
7.20505,9,309.417713
7.9590125,9,309.417731
12.955312,14,309.417748
5.7560744,7,309.417766
18.443954,22,309.417783
2.7595088,4,309.4178
9.247588,12,309.41782
6.6639385,9,309.417839
14.841065,18,309.417856
6.8441477,9,309.417873
3.756283,5,311.381129
18.849222,22,311.38123
14.201499,16,311.38125
1.9973788,3,311.381263
2.0523014,3,313.351116
4.4456882,6,313.351218
1.7269642,3,313.351236
18.790577,20,313.35125
15.75646,17,313.351263
15.253529,18,313.351275
7.760178,9,313.351287
10.756486,12,313.351302
4.015057,6,313.351314
12.406651,15,313.351327
4.959018,6,315.358008
8.564862,10,315.358138
10.404296,12,315.358163
15.195661,17,315.358183
9.597872,11,315.358202
4.764108,6,315.358221
18.9958,21,315.35824
5.7579246,7,315.358261
9.971915,12,317.418999
7.3595366,9,317.419085
3.7581232,5,317.419097
2.7613456,4,317.419106
5.9571676,7,317.419114
16.281233,18,317.419124
7.361351,9,317.419132
3.7581232,5,317.419141
10.55925,12,317.419148
3.40935,5,319.349814
4.5614896,6,319.349974
10.36262,12,319.349996
3.40935,5,319.350011
1.9602091,3,319.350024
11.803629,15,319.350037
4.9553313,6,319.350051
9.879468,11,319.350063
3.9205093,6,319.350076
26.729422,30,319.350089
10.785064,12,319.350102
1.9602091,3,319.350114
6.953464,8,319.350126
5.716007,8,319.350139
1.9602091,3,319.350152
16.87269,19,319.350168
6.7922864,8,319.350181
1.9602091,3,319.350193
1.795329,3,321.271591
1.9583726,3,321.271681
4.786317,6,321.271693
1.7291999,3,321.271701
4.079329,5,321.271709
12.227909,14,321.271717
7.8108025,10,321.271726
4.567127,6,321.271733
6.76015,8,321.271741
1.1211282,2,321.271748
10.557208,12,323.114428
16.35995,19,323.114549
6.0402074,8,323.114575
6.660548,9,323.114595
15.368827,18,323.114613
4.849977,7,323.114632
24.547953,26,323.114649
16.197546,18,323.114666
2.5634325,4,325.088542
10.5950985,12,325.088633
17.08345,21,325.088652
6.85525,8,325.088665
1.9251442,3,325.088676
3.9590473,5,325.088689
7.569889,10,325.088702
28.20112,30,325.088714
9.16455,11,326.992882
7.760149,9,326.993013
7.760149,9,326.993043
3.8748145,5,326.993063
2.41598,4,326.993085
2.7613456,4,326.993104
8.235484,10,326.993124
8.762948,11,326.993143
13.758299,15,326.993162
15.009264,17,326.993182
13.605683,16,326.993201
19.954887,22,326.993222
4.1976533,5,326.993241
10.459369,13,326.993261
2.790567,4,326.993283
3.40935,5,328.81463
11.656393,13,328.814724
13.877268,15,328.814742
2.123509,3,328.814755
11.806606,14,328.814768
2.1978035,3,328.814779
1.9602091,3,328.814791
4.797712,6,328.814803
12.98759,14,328.814815
8.121556,9,328.814844
5.56132,7,330.772033
10.608493,13,330.772116
4.408217,6,330.772129
7.5613146,9,330.772137
3.9590473,5,330.772145
4.7579536,6,330.772153
13.754607,15,330.77216
12.046848,14,330.772169
11.353897,13,330.772177
9.121557,10,330.772184
6.358381,8,330.772192
4.2772,5,330.7722
4.408217,6,330.772207
12.23374,14,332.717318
13.756448,15,332.717479
10.786496,12,332.717516
4.959018,6,332.717541
13.017271,16,332.717566
21.51508,23,332.717588
15.836868,18,332.717614
8.758308,10,332.717638
4.959018,6,332.71766
10.559437,12,332.717682
1.1240078,2,332.717703
1.1962425,2,334.641331
6.9590125,8,334.641515
3.9590473,5,334.641578
6.7863173,8,334.641623
6.5695043,8,334.641668
9.878536,12,334.641712
16.277868,19,334.641758
5.9590135,7,334.641803
9.98944,11,334.641848
6.75792,8,334.641961
9.76015,11,334.642007
9.561285,11,334.64205
1.9602091,3,334.642094
7.5894766,9,334.642139
15.557582,17,334.64218
1.9602091,3,334.642223
3.9894397,5,336.56876
13.794132,15,336.568846
4.9571776,6,336.568868
1.9583726,3,336.568878
2.9573765,4,336.568887
7.7560782,9,336.568895
3.9590473,5,336.568903
4.121551,5,336.568913
13.7256775,15,336.568921
6.957172,8,336.568929
2.9592168,4,336.568939
7.7560782,9,336.568947
1.9602091,3,338.388408
9.559435,11,338.388506
16.390612,18,338.388525
8.438411,10,338.388541
4.959018,6,338.388555
3.9590473,5,338.38857
4.959018,6,338.388586
7.9590125,9,338.388601
6.7659564,8,338.388616
4.959018,6,338.388629
6.9571624,8,338.388639
1.278391,2,340.235638
10.764797,13,340.23582
24.743511,29,340.235884
3.9590473,5,340.235926
5.9590135,7,340.23596
1.9602091,3,340.235988
7.9246283,9,340.236015
3.9590473,5,340.236042
4.9246283,6,340.236069
7.1957984,8,340.236097
16.156881,18,340.236126
1.1985551,2,340.236154
7.0541134,8,340.23618
10.756069,12,342.096038
1.9602091,3,342.09614
19.958931,22,342.096163
1.278391,2,342.096184
3.7581232,5,342.0962
4.959018,6,342.096218
2.9592168,4,342.096235
5.9553266,7,343.884342
11.406134,13,343.884423
10.957171,12,343.884436
2.9573765,4,343.884444
12.082144,14,343.884452
3.9875665,5,343.88446
1.9583726,3,343.884467
10.760178,12,343.884475
8.792282,10,343.884482
13.047651,15,343.88449
3.9590473,5,343.884498
19.161749,21,343.884505
6.1215606,7,343.884512
25.167517,27,345.694815
9.758304,11,345.694929
7.9221625,9,345.694952
8.764106,10,345.69497
1.278391,2,345.694988
1.9146472,3,345.695004
4.959018,6,345.695021
4.957168,6,345.695037
6.760154,8,345.695053
5.045876,6,345.695068
3.9875898,5,345.695084
5.7579246,7,345.6951
6.760154,8,345.695116
8.955312,10,345.695132
4.959018,6,345.695148
1.9602091,3,345.695163
17.964191,20,345.695178
8.955312,10,345.695194
5.7560744,7,345.695209
8.98944,10,345.695226
1.9602091,3,347.515404
13.959012,15,347.515497
19.16999,22,347.515515
6.5600486,8,347.515527
4.959018,6,347.515539
0.96601653,2,347.515552
5.9571724,7,347.515563
10.959012,12,347.515575
3.9590473,5,347.515588
16.75462,18,347.5156
8.955313,10,347.515612
7.7611413,9,347.515623
15.761392,18,349.395955
3.7585073,5,349.396086
2.9573765,4,349.398878
11.955321,13,349.398928
10.758299,12,349.39894
4.953755,6,349.39895
12.597376,14,349.398962
5.9571633,7,349.39897
6.5671215,8,351.275926
6.1234064,7,351.27603
7.756221,9,351.276048
1.9602091,3,351.27606
1.9602091,3,351.276073
9.589427,11,351.276084
12.953473,14,353.10752
4.562453,6,353.107605
7.9590125,9,353.107617
1.9602091,3,353.107626
1.9602091,3,353.107634
1.9602091,3,353.107641
0.96601653,2,353.10765
5.85117,7,353.107659
1.9602091,3,353.107666
2.7613456,4,353.107673
2.9136548,4,353.107681
2.7613456,4,353.107687
2.7613456,4,353.107695
1.9602091,3,353.107703
4.1756234,6,355.021726
3.758513,5,355.021872
1.9583726,3,355.021976
1.9602091,3,355.022009
4.5592594,6,355.022038
16.989439,18,355.022067
12.561483,14,355.022098
6.559474,8,355.022129
4.045606,6,355.022158
3.9927595,5,355.022186
3.955094,5,356.908242
4.7561126,6,356.908345
10.959012,12,356.908366
5.394586,7,356.908382
10.957171,12,356.908399
9.955312,11,356.908431
14.884417,16,356.908446
5.050133,6,356.908459
4.8533864,6,356.908472
4.919329,7,356.908485
1.0831046,2,356.908497
4.6536694,6,356.90851
5.5594707,7,356.908523
3.9571974,5,356.908536
7.207309,9,356.908549
6.8746104,8,358.769943
5.7583046,7,358.770036
13.052263,14,358.770052
6.756185,8,358.770065
11.56412,13,358.770076
4.4481497,6,358.770086
6.368235,8,358.770096
2.5642135,4,358.770106
13.955317,15,358.770116
8.207275,10,358.770126
6.850114,9,358.770136
13.070666,14,358.770149
7.436561,9,360.636285
14.798072,16,360.636397
9.756453,11,360.636423
7.078331,8,360.636443
10.559436,12,360.63646
6.7544823,8,360.636479
12.589863,14,360.636498
3.092137,5,360.636516
13.524582,15,360.636532
1.9602091,3,362.625511
11.559468,13,362.62565
2.9592168,4,362.625686
7.1918983,8,362.625713
1.9602091,3,362.625739
1.9602091,3,362.625764
2.123509,3,362.625787
11.557799,13,362.625814
3.9988117,5,362.625838
4.5592537,6,362.625864
11.358339,13,362.625935
10.758299,12,362.625967
2.9573765,4,364.51783
5.0842323,7,364.518677
1.9602091,3,364.518724
2.7943366,4,364.518741
7.9571714,9,364.518757
1.9602091,3,364.518771
17.95842,20,364.518786
1.9894304,3,364.518801
8.396435,10,364.518815
12.360193,14,364.51883
2.9592168,4,364.518845
1.795329,3,364.518861
27.695993,30,366.363651
4.959018,6,366.363981
13.076372,15,366.36401
7.9133587,9,366.364024
9.593039,11,366.364034
7.7583036,9,366.364043
28.604595,30,366.364052
5.7560744,7,366.364062
16.758295,18,366.364072
12.652303,14,368.231311
4.5681148,6,368.231416
9.050677,10,368.23143
3.9571974,5,368.231437
16.955324,18,368.231448
10.459162,12,368.231457
13.201504,15,368.231464
4.9976835,6,370.23511
17.16407,19,370.235259
4.996961,6,370.2353
4.5658574,6,370.235328
1.7649229,3,370.235356
3.277229,4,370.235388
5.7592883,7,370.235415
6.7641025,8,370.235443
9.926084,12,370.23547
1.7905216,3,370.235497
6.955575,8,370.235524
8.758299,10,372.178428
4.760184,6,372.178526
13.082144,15,372.178542
17.785027,19,372.178554
3.557625,5,372.178567
2.790567,4,372.178579
3.9988117,5,372.178597
1.9602091,3,372.178619
11.957162,13,374.038944
9.758299,11,374.039076
7.9590125,9,374.039109
13.358535,15,374.039135
1.9602091,3,374.039162
5.357769,7,374.039196
25.35939,27,374.039218
7.955048,9,374.03924
3.7863147,5,374.039262
14.006819,16,374.039285
1.9602091,3,374.039307
9.890983,12,375.912117
6.98944,8,375.912216
1.9583726,3,375.912232
4.406377,6,375.912245
10.157288,12,375.912257
10.406143,12,375.912269
1.9894304,3,375.912282
19.161741,21,375.912295
1.9583726,3,375.912307
17.151201,19,375.912319
10.921105,12,375.912332
6.5876093,8,375.912344
3.9590473,5,375.912357
8.75621,10,375.912372
5.7905765,7,375.912389
8.764106,10,377.720646
6.2091594,8,377.720745
7.879534,10,377.720761
11.786496,13,377.720774
3.2753832,4,377.720787
1.1985551,2,377.720798
6.084011,8,377.720809
2.41598,4,379.616648
8.076481,9,379.616744
7.9571667,9,379.616763
12.754218,14,379.616778
14.523375,16,379.61679
0.98938525,2,379.616802
11.481636,14,379.616816
19.672443,21,379.616828
9.277194,10,379.616842
5.9571633,7,379.616854
6.9590125,8,381.462699
16.95716,18,381.4628
20.555746,22,381.462818
24.951624,26,381.462833
3.40935,5,381.462848
23.930239,26,381.462862
7.6447706,9,381.462874
9.808519,12,381.462889
3.7603533,5,381.462904
11.760149,13,381.462917
8.882913,11,381.462929
3.7883446,5,381.462942
6.9571624,8,381.462956
8.760149,10,383.419288
18.360573,20,383.419394
10.455673,12,383.419412
9.561313,11,383.419426
20.151922,22,383.419437
9.758332,11,383.419449
9.877618,11,383.419461
4.054115,5,383.419472
4.408217,6,383.419485
7.9571624,9,383.419495
2.1978035,3,383.419506
1.9602091,3,383.419517
6.197649,7,383.419528
0.96601653,2,385.372596
6.2771945,7,385.372695
4.959018,6,385.372711
11.453447,13,385.372724
1.9602091,3,385.372736
1.9602091,3,385.372747
14.654152,16,385.372758
16.400343,18,385.37277
4.98944,6,385.372783
8.078331,9,385.372795
1.9602091,3,387.287791
2.2773986,3,387.287882
4.959018,6,387.287916
1.1240078,2,387.287929
6.9590125,8,387.28794
6.76015,8,387.287951
10.756068,12,387.287961
10.760149,12,387.287972
11.362423,13,387.287983
6.0541134,7,387.287993
1.9602091,3,387.288004
5.9590135,7,387.288014
15.362422,17,387.288023
16.557205,18,387.288033
1.278391,2,387.288043
4.959018,6,387.288054
7.9590125,9,387.288062
16.95716,18,389.043128
0.96601653,2,389.043329
9.760148,11,389.043392
5.9590135,7,389.04344
6.9590125,8,389.043487
13.959012,15,389.043531
7.1234064,8,389.043577
4.959018,6,389.043624
10.123406,11,389.043672
9.957163,11,389.043719
3.9590473,5,389.043763
11.788346,13,389.043808
1.9602091,3,389.043851
9.112313,10,389.043896
4.9571776,6,390.957155
17.760149,19,390.95726
2.9573765,4,390.957284
17.595268,19,390.957304
2.9573765,4,390.957319
3.9590473,5,390.957334
16.004478,18,390.957349
6.957172,8,390.957365
7.277194,8,390.957381
2.0541613,3,392.832272
7.9590125,9,392.832372
1.7882915,3,392.832388
4.957168,6,392.832401
12.959012,14,392.832413
0.96601653,2,392.832425
1.278391,2,392.832438
1.7671529,3,392.832449
6.2771945,7,392.83246
7.9590125,9,392.832472
4.957168,6,392.832483
5.9590135,7,392.832494
1.7649229,3,392.832504
1.9602091,3,394.773069
3.9590473,5,394.77316
5.9571633,7,394.773172
19.95531,21,394.77318
13.790568,15,394.773187
3.9572015,5,394.773196
4.9571686,6,394.773203
5.9590135,7,394.773211
0.96601653,2,394.773218
1.9602091,3,394.773226
6.9590125,8,394.773234
12.123406,13,394.773241
1.9602091,3,396.682687
9.851731,11,396.6828
9.957162,11,396.682818
15.758299,17,396.682832
4.959018,6,396.682843
9.277194,10,396.682855
1.9602091,3,396.682866
10.959012,12,396.682877
7.1234064,8,396.682889
5.957164,7,396.6829
1.9602091,3,396.682911
5.9590135,7,398.486107
6.9590125,8,398.486199
10.957162,12,398.486216
1.9583726,3,398.486229
4.6443367,6,398.48624
10.955321,12,398.486253
14.758298,16,398.486264
4.765962,6,400.383985
11.787118,13,400.384128
1.9583726,3,400.384148
7.0541134,8,400.384165
2.8547742,4,400.384178
3.1976752,4,400.384194
3.195822,4,400.38421
5.7544956,7,400.384224
4.054115,5,400.384237
24.606874,27,402.190148
3.9571974,5,402.190248
6.2771945,7,402.190264
13.654809,15,402.190277
10.922692,12,402.190289
12.758299,14,402.190301
9.76015,11,402.190312
22.959011,24,402.190324
13.959012,15,402.190336
2.957371,4,402.190347
2.5682893,4,402.190358
6.1215563,7,402.190369
11.957162,13,402.190379
8.800673,10,402.19039
6.368419,8,404.026083
10.562278,12,404.026236
6.7603188,8,404.026264
7.7887263,9,404.026284
17.275343,18,404.026302
5.957164,7,404.02632
9.560213,11,404.02634
1.1240078,2,404.026357
12.759287,14,404.026375
7.996555,9,404.026392
7.924557,9,405.988737
11.204673,13,405.988839
5.760319,7,405.988858
3.1234238,4,405.988873
11.275344,12,405.988887
0.98938525,2,407.811537
11.875389,13,407.811631
9.360225,11,407.81165
23.479916,26,407.811665
13.959012,15,407.811679
2.9592168,4,407.811692
8.959012,10,407.811707
10.957167,12,407.81172
9.561315,11,407.811733
6.9590125,8,407.811746
8.957162,10,407.811758
9.362455,11,407.81177
18.786612,20,407.811783
0.96601653,2,407.811795
5.589476,7,407.811808
28.59872,30,409.612981
10.760149,12,409.613078
7.9590125,9,409.613093
10.524582,12,409.613106
1.9602091,3,409.613118
5.7579246,7,409.61313
1.9602091,3,409.613144
1.2765543,2,409.613155
21.95346,23,409.613167
4.959018,6,409.613178
6.76015,8,411.426562
7.0840006,9,411.426714
5.9590135,7,411.426755
6.2771945,7,411.426786
12.20332,14,411.426813
11.786854,13,411.426839
6.80209,8,411.426866
4.9571776,6,411.426893
6.4061494,8,411.426922
9.726177,11,413.397297
5.1976495,6,413.397396
8.207271,10,413.397409
2.0541613,3,413.39742
9.959012,11,413.397429
8.363372,10,413.397437
5.98759,7,413.397446
6.98944,8,415.2867
6.9590125,8,415.286787
1.9602091,3,415.286798
16.277193,17,415.286809
6.7603188,8,417.107759
10.561285,12,417.107944
3.7603533,5,417.107964
11.798071,13,417.107978
1.9602091,3,417.107993
5.9590135,7,417.108006
14.36019,16,417.111154
23.99323,25,417.111285
20.996958,22,417.111303
6.855257,8,417.111316
6.7603188,8,417.111331
10.556428,12,417.111344
20.45529,22,418.932588
5.9590135,7,418.932679
4.924546,6,418.932696
9.957162,11,418.932709
6.0522676,7,418.932724
10.959012,12,418.932739
9.277194,10,420.864789
16.996935,18,420.864901
14.957162,16,420.864918
29.006556,30,420.864933
7.9590125,9,420.864946
14.957162,16,420.864958
12.55905,14,420.864971
20.754595,22,420.864983
2.9894383,4,420.864995
18.275343,19,420.86501
14.004623,16,420.865022
9.98944,11,422.901867
12.76015,14,422.902178
6.503085,8,422.902269
1.9602091,3,422.902283
14.957162,16,422.902297
5.9590135,7,422.902309
1.9602091,3,424.784709
3.9590473,5,424.784803
7.998785,9,424.784818
15.195803,16,424.784829
5.9590135,7,424.78484
6.9590125,8,424.78485
9.959012,11,424.784861
13.054113,14,424.78487
10.959012,12,424.78488
11.959012,13,424.784892
14.998785,16,426.67578
7.1234064,8,426.675878
18.559433,20,426.675893
1.0543947,2,426.675903
8.572377,10,426.67591
3.9590473,5,428.494536
15.561286,17,428.494711
7.1976485,8,428.49475
4.959018,6,428.494779
13.959012,15,428.494802
12.959012,14,428.494832
12.957162,14,428.494859
4.959018,6,428.494884
9.757918,11,428.494906
9.757918,11,428.494929
3.9590473,5,428.494951
9.788346,11,428.494974
8.120533,9,428.494998
1.9602091,3,428.495023
2.9592168,4,428.495045
9.959012,11,428.495068
9.760149,11,428.495091
6.195336,7,428.495116
9.197648,10,430.301956
6.957172,8,430.302047
22.95532,24,430.30206
12.003183,13,430.30207
3.9572065,5,430.30208
8.957171,10,430.30209
5.9590135,7,430.302099
10.121548,11,430.302108
6.1234064,7,430.302117
13.760148,15,432.17763
5.123407,6,432.177716
1.1240078,2,432.177726
1.1985551,2,432.177734
14.758299,16,432.177742
2.9592168,4,432.17775
17.85525,19,432.177757
5.0541134,6,432.177764
14.764106,16,432.177772
2.957371,4,432.177781
14.957162,16,432.177791
1.0543947,2,432.177801
3.9590473,5,432.177812
7.9571624,9,434.103981
12.760149,14,434.104078
11.959012,13,434.104096
19.193977,21,434.104108
7.1234064,8,434.104119
20.876202,22,434.104132
1.9602091,3,434.104149
3.9590473,5,434.104169
9.998913,11,434.104181
2.123509,3,436.087673
2.0541613,3,436.087773
19.524601,21,436.087791
4.959018,6,436.08781
8.123406,9,436.08783
12.957162,14,436.087847
18.561459,20,436.087865
1.9602091,3,438.023547
7.760178,9,438.023686
7.9245453,9,438.023727
18.959011,20,438.023758
12.275344,13,438.023794
13.957162,15,438.023822
8.959012,10,439.939366
15.957162,17,439.93954
14.959012,16,439.9396
1.1240078,2,439.939643
13.760154,15,439.939674
0.96601653,2,439.939703
6.9590125,8,439.939734
26.793991,28,439.93976
5.123407,6,439.93979
5.7579246,7,439.93982
4.959018,6,439.939849
15.55906,17,439.939877
12.959012,14,439.939907
1.0508548,2,439.939936
16.595268,18,441.869525
4.1234093,5,441.869614
8.054113,9,441.86963
12.76015,14,441.869643
17.989439,19,441.869655
5.9590135,7,441.869667
5.794133,7,441.869678
3.9572065,5,441.869689
6.76015,8,441.869702
11.959012,13,441.869713
17.079323,18,443.763265
12.788726,14,443.763354
8.957167,10,443.763367
0.96601653,2,443.763379
4.959018,6,443.763389
19.56524,21,443.763398
3.9590473,5,445.667537
12.277194,13,445.667693
7.9590125,9,445.667737
29.559435,30,445.66776
9.996934,11,445.667776
4.9571686,6,445.66779
5.998914,7,445.667804
6.7611413,8,445.667818
6.9590125,8,447.537403
6.9590125,8,447.537514
1.9602091,3,447.537536
7.9590125,9,447.537556
14.078359,15,447.537574
25.591713,27,447.537591
8.760319,10,447.537608
9.757918,11,447.537625
8.959012,10,447.537641
6.9590125,8,447.537657
5.9590135,7,447.537672
8.959012,10,449.410697
4.959018,6,449.410783
11.760178,13,449.410798
4.408217,6,449.410811
7.9590125,9,449.410824
15.955312,17,449.410835
6.9590125,8,449.410847
15.760178,17,449.410858
9.959012,11,449.41087
9.959012,11,449.410882
22.98759,24,449.410893
13.656386,15,451.287601
7.9571714,9,451.287701
1.795329,3,451.287719
16.788702,18,451.287734
10.760155,12,451.287748
18.92561,20,451.287779
4.959018,6,451.287791
5.7579246,7,451.287802
14.885275,16,451.287813
5.1976495,6,453.225784
9.957162,11,453.225943
4.765962,6,453.225977
6.76015,8,453.226002
11.567094,13,453.226023
8.957163,10,453.226043
8.98759,10,453.226063
6.9571624,8,453.226085
20.277193,21,453.226105
11.955312,13,453.226129
1.1240078,2,453.226149
1.7649229,3,453.22617
6.0541134,7,453.226191
7.76411,9,453.226212
14.760148,16,453.226231
4.959018,6,453.226252
15.758298,17,455.171849
1.9602091,3,455.17197
3.9590473,5,455.171995
6.2771945,7,455.172008
10.959012,12,455.17202
2.0541613,3,455.172034
8.98944,10,455.172045
7.9590125,9,457.092706
3.9590473,5,457.092835
1.9602091,3,457.092865
17.8534,19,457.092891
7.1215563,8,457.09291
22.559435,24,457.09293
13.052263,14,457.09295
1.1240078,2,457.09297
7.9590125,9,457.092992
8.052263,9,458.976817
29.95531,30,458.976903
14.275344,15,458.976915
3.9590473,5,458.976923
16.959011,18,458.97693
5.9590135,7,458.976937
15.959012,17,458.976944
13.760149,15,458.976952
12.957162,14,458.976958
12.760178,14,458.976965
29.95531,30,458.976972
7.98944,9,458.976978
25.195799,26,458.976986
3.9590473,5,460.926189
12.959012,14,460.926334
6.197649,7,460.926372
1.9602091,3,460.926399
6.0783315,7,460.926425
2.2773986,3,460.926449
24.559435,26,460.926474
10.195798,11,460.9265
16.20727,18,460.926525
6.9571667,8,460.92655
3.1234238,4,460.926576
5.98944,7,460.926602
2.9592168,4,460.926629
1.9602091,3,462.934581
1.9894304,3,462.934719
20.985739,22,462.934752
3.9894397,5,462.934778
7.9571667,9,462.934804
1.9602091,3,462.934826
6.0541134,7,462.934848
13.955313,15,462.934871
11.407984,13,462.934896
14.078331,15,462.934922
23.758299,25,464.987552
11.957162,13,464.987651
6.9590125,8,464.98767
9.760148,11,464.987684
13.561286,15,464.987698
11.959012,13,464.987712
1.278391,2,464.987725
7.1234064,8,464.987737
5.1976495,6,464.98775
11.959012,13,464.987762
4.959018,6,464.987774
7.760149,9,464.987786
1.0543947,2,464.987797
5.9590135,7,466.876621
18.760149,20,466.876699
11.959012,13,466.87671
5.9590135,7,466.876718
1.9602091,3,466.876726
7.9590125,9,466.876733
2.0541613,3,466.876742
4.19534,5,466.876748
2.9592168,4,466.876756
4.959018,6,466.876763
2.9592168,4,466.87677
2.9592168,4,466.876778
11.121548,12,468.784459
1.9583726,3,468.784557
3.9572065,5,468.784585
2.9592168,4,468.784601
4.1976533,5,468.784616
19.959011,21,468.784631
2.9592168,4,468.784645
14.197648,15,468.784657
1.9583726,3,468.784671
3.9572065,5,468.784683
1.7649229,3,470.738811
19.95531,21,470.738959
8.123406,9,470.738998
3.9590473,5,470.739029
4.959018,6,470.739058
13.567093,15,470.739089
9.197648,10,470.739117
9.765956,11,470.739145
9.765956,11,470.739172
0.96601653,2,470.739201
1.7649229,3,470.73923
1.9602091,3,470.73926
2.120634,3,470.739288
6.195795,7,472.630014
1.9602091,3,472.630145
1.9602091,3,472.630184
5.922774,7,472.630213
3.855291,5,472.630241
4.0013423,5,472.630272
1.9583726,3,472.630301
1.9602091,3,472.630329
6.9590125,8,472.630356
13.957171,15,472.630385
9.957171,11,472.630415
11.759304,13,472.630443
13.98764,15,474.590134
1.1962425,2,474.590224
16.790577,18,474.590238
12.754206,14,474.590247
0.96601653,2,474.590255
9.959012,11,474.590263
10.567262,12,474.590271
1.9602091,3,474.590279
4.1234093,5,476.631394
10.957171,12,476.631485
7.953447,9,476.631507
10.957171,12,476.631522
8.955309,10,476.631537
15.686415,17,476.631552
6.562307,8,476.631566
11.957171,13,476.631581
7.759304,9,476.631595
1.9583726,3,476.63161
9.790577,11,476.631625
13.754239,15,476.63164
4.371765,6,476.631654
16.760153,18,478.581378
11.959012,13,478.58147
7.565251,9,478.581489
4.955334,6,478.581503
1.1240078,2,478.581516
18.989439,20,478.581529
5.9204793,7,478.581541
1.9602091,3,478.581554
8.955312,10,478.581567
14.304455,16,478.581579
18.800674,20,478.581591
13.955323,15,478.581604
17.55944,19,480.385086
7.760178,9,480.38518
12.758304,14,480.385193
5.7611423,7,480.385201
13.76015,15,480.385211
15.957162,17,480.385217
6.924543,8,480.38524
10.07833,11,482.140962
5.957164,7,482.14109
13.197648,14,482.141119
9.121561,10,482.141141
5.7583084,7,482.141162
1.1211282,2,482.141201
1.9602091,3,482.141221
12.957162,14,482.14124
8.959012,10,482.141262
7.559609,9,482.141281
1.1985551,2,482.141301
3.7581232,5,482.14132
6.760154,8,482.14134
3.7603533,5,482.141359
2.9592168,4,482.141377
13.760318,15,482.141394
5.7583084,7,482.141415
1.9602091,3,482.141433
4.9223156,6,484.094122
8.757918,10,484.094238
11.983879,13,484.094263
6.80209,8,484.094281
1.9583726,3,484.094299
12.959012,14,484.094316
21.79228,23,484.094332
5.0783367,6,484.094348
1.1240078,2,484.094367
19.760147,21,484.094383
1.9583726,3,484.0944
3.9590473,5,485.934984
19.76226,21,485.935115
16.758303,18,485.935144
6.9590125,8,485.935166
6.790531,8,485.935187
11.756452,13,485.935209
6.9553165,8,485.93523
5.1957994,6,485.93525
4.195803,5,485.93527
3.9571974,5,485.935289
8.758304,10,485.93531
6.790531,8,485.935329
1.7649229,3,485.93535
8.01125,10,487.799507
1.9602091,3,487.799607
12.957162,14,487.799624
2.050634,3,487.799636
1.0508548,2,487.799647
7.85525,9,487.799658
8.559436,10,487.79967
4.959018,6,487.799681
1.9602091,3,487.799692
2.7613456,4,487.799702
7.9198174,9,487.799714
4.959018,6,487.799724
10.676696,12,487.799735
7.758299,9,489.583492
5.758479,7,489.583592
7.849495,9,489.583606
12.9516325,14,489.583621
5.9571633,7,491.420796
18.559462,20,491.420935
2.5990593,4,491.42098
3.9571974,5,491.421009
3.794167,5,491.421035
7.9590125,9,491.42106
3.794167,5,491.421086
19.557621,21,491.421111
3.9572065,5,491.421137
2.5990593,4,491.421161
7.760178,9,491.421185
9.654401,11,491.421208
15.756721,17,493.272344
7.5988545,9,493.272458
14.011146,16,495.137946
6.7560697,8,495.138035
5.955576,7,495.13805
2.4383488,4,495.138061
6.1705284,8,495.138072
10.446129,12,495.138082
8.926084,11,495.138092
7.3653135,9,495.138102
6.1957994,7,495.138111
3.9550917,5,495.138122
3.3236873,5,495.138131
5.955576,7,495.138141
4.955334,6,495.138151
18.559435,20,495.13816
10.784658,12,495.138169
1.9602091,3,497.096761
19.786867,21,497.096889
14.55759,16,497.100789
1.9602091,3,497.10088
2.7591155,4,497.100909
5.8866897,8,497.10093
11.884622,14,497.100952
5.7592964,7,497.100972
5.3587494,7,497.100992
1.9602091,3,497.10101
1.9602091,3,497.101029
3.5602462,5,497.101048
4.359125,6,497.101067
3.0921602,5,497.101086
2.0541613,3,497.101105
14.160072,16,498.94327
12.193948,13,498.943454
12.161528,14,498.943491
5.522395,7,498.94352
5.9080176,8,498.943547
6.794132,8,498.943573
8.273494,9,498.943597
5.0783367,6,498.943622
17.752472,19,498.943646
10.955321,12,498.943671
4.0835314,6,498.943696
1.1240078,2,498.943721
14.398776,16,498.943745
4.408217,6,498.94377
2.9573765,4,498.943794
7.5652676,9,500.877846
1.9602091,3,500.878038
5.56132,7,500.878052
22.87171,24,500.878061
8.760149,10,500.878071
4.957168,6,500.87808
7.9590125,9,500.878089
4.195803,5,500.878097
7.557206,9,502.681584
8.957163,10,502.681674
18.757442,20,502.68169
12.325722,14,502.681704
16.32795,18,502.681717
7.6010585,9,502.681728
19.387304,21,502.681739
6.5612907,8,502.681765
4.959018,6,502.681785
13.970067,16,502.681799
12.786879,14,504.539535
2.9592168,4,504.53967
4.2772,5,504.539704
12.358338,14,504.539729
7.7883463,9,504.539754
1.9602091,3,504.539778
13.725678,15,504.5398
12.358892,14,504.539823
7.9590125,9,504.539848
16.358486,18,506.560659
13.983625,15,506.560769
5.9571676,7,506.560795
8.795224,11,506.560812
11.559051,13,506.560828
3.9590473,5,506.560845
17.760149,19,506.560862
9.561315,11,506.560879
1.9602091,3,506.560894
2.9592168,4,506.56091
1.0543947,2,506.560925
1.9602091,3,506.560941
3.9590473,5,506.560955
3.9590473,5,508.410736
12.957163,14,508.410833
13.67652,15,508.410849
5.726172,7,508.410861
3.9590473,5,508.410873
5.7579246,7,508.410885
5.7579246,7,508.410896
9.795247,12,508.410907
21.451208,23,508.410918
3.9590473,5,508.410929
14.808182,17,510.209581
9.959012,11,510.209679
16.959011,18,510.20971
4.959018,6,510.20972
6.75792,8,510.209728
5.9590135,7,510.209734
8.957163,10,510.209742
11.277194,12,510.209749
3.9590473,5,512.016772
1.9602091,3,512.016862
1.9602091,3,512.016877
14.959012,16,512.016889
7.85525,9,512.016901
12.557206,14,513.930539
15.523942,17,513.930676
6.9590125,8,513.930706
4.959018,6,513.930731
3.9590473,5,513.930752
6.9590125,8,513.930772
6.9590125,8,513.930791
5.9590135,7,513.93081
0.98509765,2,513.930831
10.760148,12,513.930852
16.161327,18,513.930871
1.9602091,3,513.930892
8.407984,10,513.930913
3.9590473,5,513.930932
8.27324,9,513.930952
4.959018,6,513.930973
12.5572,14,513.930992
13.559436,15,513.931011
8.957171,10,515.852675
4.959018,6,515.8528
13.596384,16,515.852826
3.9590473,5,515.852845
6.957172,8,515.852861
1.9583726,3,515.852878
3.9572065,5,515.852895
7.9571714,9,515.85291
10.851726,12,515.852928
20.586327,22,515.852943
2.1959543,3,515.852959
6.1215477,7,515.852975
2.9573765,4,515.852991
5.9571724,7,515.853007
3.9572065,5,515.853022
3.9572065,5,515.853036
6.0493054,7,515.853052
10.75449,12,517.74408
9.197648,10,517.744253
2.9552715,4,517.744298
25.955313,27,517.744334
9.959012,11,517.744368
3.9556184,5,517.744404
8.955058,10,517.744437
4.957168,6,517.744479
7.9590125,9,517.744512
10.959012,12,519.623349
24.793562,26,519.623434
4.9553156,6,519.623445
16.875381,18,519.623454
11.438412,13,519.623461
4.9553156,6,519.623469
3.9590473,5,519.623476
5.9553103,7,519.623483
4.9553156,6,519.62349
6.9571624,8,519.623498
11.959012,13,521.57042
6.0541134,7,521.570505
8.050676,9,521.570517
10.955299,12,521.570526
6.9553,8,521.570534
9.959012,11,521.570541
7.9531956,9,521.570549
2.7591155,4,521.570556
21.955057,23,521.570564
12.406133,14,521.570571
1.9996915,3,521.570579
2.3967478,4,521.570585
6.9537363,8,523.435785
11.955048,13,523.435913
2.3959103,4,523.435932
3.6515772,5,523.435945
10.959012,12,523.435957
9.271367,10,523.435967
1.597429,3,523.435978
11.957162,13,523.43599
12.957162,14,523.436002
13.193684,14,523.436013
3.6467967,5,523.436023
12.99591,15,523.436034
1.597429,3,523.436046
4.9571724,6,525.329414
9.957162,11,525.329511
10.924545,12,525.329529
2.5988455,4,525.32954
7.760178,9,525.329551
5.756067,7,525.329562
10.949747,12,525.329574
14.757918,16,525.329586
16.75671,18,525.329597
1.597429,3,527.189239
4.8001375,7,527.189337
4.8045826,7,529.066441
6.9590125,8,529.066553
3.197027,5,529.066569
19.95716,21,529.066582
8.768716,11,529.066594
16.273481,17,529.066607
5.723192,8,529.066619
13.790577,15,529.066632
21.076893,23,529.066645
4.0056815,6,529.066657
2.4011736,4,529.066669
2.398546,4,529.066682
3.321645,5,530.874963
2.3989825,4,530.875068
5.488636,8,530.875081
6.75792,8,530.875091
9.760148,11,530.8751
6.957172,8,530.875109
19.760149,21,530.875118
17.407984,19,530.875126
5.605736,8,530.875135
12.977155,14,532.786067
3.2504842,5,532.786172
14.400359,16,532.78619
2.7962787,4,532.786201
12.758299,14,532.786214
2.7591155,4,532.786228
18.95716,20,534.579835
11.959012,13,534.579934
7.1982822,10,534.579951
9.75424,11,534.579965
7.4032354,10,534.579979
3.6428838,6,534.57999
5.593801,8,534.580003
9.96,13,534.580014
18.95161,20,534.580026
6.4068556,9,536.429798
9.654162,11,536.42992
5.600436,8,536.429941
7.93632,12,536.429955
8.011364,11,536.429968
19.399136,21,536.429981
8.803556,12,536.429994
5.559479,7,538.337037
7.3658023,10,538.337187
16.387205,18,538.337217
6.3606157,8,538.337241
10.366298,13,538.337261
6.6507783,9,538.337276
6.2535996,9,538.33729
10.959012,12,538.337305
28.366385,30,538.337319
1.3636364,3,540.199745
10.129088,12,540.19986
2.757267,4,540.199885
6.9934645,9,540.199903
5.754891,7,540.19992
3.9971418,6,540.199937
1.9583726,3,540.199953
3.2023098,5,540.19997
10.412537,14,540.199987
9.964695,12,540.200004
4.800528,7,541.997289
1.597429,3,541.997429
17.75646,19,541.997454
9.007281,12,541.997473
2.3985653,4,541.99749
17.750887,19,541.997506
1.597429,3,541.997522
10.461487,14,541.997536
8.202714,11,541.997552
3.4812315,5,543.813135
9.555457,12,543.813232
1.8842355,3,543.813249
9.51386,13,543.813261
4.170562,6,545.697988
11.188313,13,545.698099
8.022942,11,545.69812
5.0600767,7,545.698138
12.176238,15,545.698154
12.292444,17,545.698169
4.7982635,7,545.698184
2.724045,4,545.698202
12.901661,18,547.526
4.3636184,6,547.526146
2.7613456,4,547.526186
1.597429,3,547.526217
13.422685,19,547.526242
2.403409,4,547.526267
10.180916,14,549.506381
2.9592168,4,549.50649
7.7962565,10,549.50651
7.6126256,11,549.506523
14.567821,18,549.506533
11.753912,15,549.506543
5.4023485,7,549.506553
9.896698,14,549.506564
1.9602091,3,551.369363
1.9602091,3,551.369456
15.453004,20,551.369473
3.2045453,5,551.369488
5.591712,7,551.3695
11.962499,14,551.36951
3.9981632,6,551.369522
8.761003,11,551.369532
8.753951,10,551.369543
2.6041274,4,553.197293
2.3989825,4,553.197415
8.689101,12,553.197438
8.804981,12,553.197456
1.7649229,3,553.197471
2.3967428,4,553.197485
5.7705994,8,553.197498
10.961607,14,555.007469
9.145825,14,555.007565
17.468925,23,555.007581
13.635841,16,555.007592
10.398485,13,555.007603
14.403514,22,555.007614
21.875778,23,555.007626
3.9008756,6,555.007636
12.771547,16,555.007647
8.19475,11,555.007658
3.2148979,5,556.892514
7.955365,10,556.892619
15.671811,22,556.892635
8.364438,11,556.892648
13.208023,16,558.721562
14.905825,21,558.721654
7.7638044,10,558.721664
12.769312,16,558.721672
6.521955,8,558.72168
8.80563,11,558.721687
11.255467,16,558.721694
11.771717,15,558.721701
15.567991,19,558.721708
9.7495985,14,558.721715
3.40935,5,558.721723
0.98938525,2,560.661348
6.5612907,8,560.661452
6.0056458,8,560.661468
9.562139,12,560.661482
7.1565285,9,560.661495
18.762144,22,560.661507
8.957182,11,560.66152
5.7601547,7,562.521697
18.025984,24,562.521785
19.154459,27,562.521796
8.700112,11,562.521804
9.057566,11,562.521812
1.278391,2,562.52182
0.96601653,2,562.521827
11.809596,15,562.521835
15.180266,21,562.521843
16.097612,21,562.521851
4.959018,6,562.521859
5.9590135,7,564.406825
13.167011,16,564.406928
3.9590473,5,564.406947
21.105522,27,564.40696
15.886769,21,564.406971
19.508938,26,564.406983
16.34462,22,564.406994
7.55721,9,564.407005
8.005419,10,564.407017
10.7587385,13,564.407028
16.62257,22,564.407039
11.362421,13,564.40705
10.479505,12,564.407061
12.819437,18,564.407074
3.9590473,5,564.407091
4.98944,6,564.407108
1.278391,2,564.407123
3.9590473,5,564.407141
7.998785,9,566.285069
20.761745,23,566.285168
8.2069025,10,566.285181
20.37825,25,566.28519
1.9602091,3,566.285198
16.885149,19,566.285206
2.1978035,3,566.285214
5.9590135,7,566.285221
2.9592168,4,566.285229
10.605011,13,566.285237
7.760149,9,566.285244
8.589477,10,566.285253
10.957176,13,566.28526
5.7579246,7,566.285267
10.957603,13,566.285275
21.382093,28,568.132022
6.2771945,7,568.132117
22.223928,27,568.132133
4.1234093,5,568.132146
12.964694,15,568.132158
6.9590125,8,568.13217
1.9602091,3,568.132182
21.267681,27,570.019377
3.9590473,5,570.01949
17.572271,22,570.019518
8.556428,10,570.019533
6.9590125,8,570.019545
1.9602091,3,570.019557
2.9592168,4,570.019568
1.9602091,3,570.01958
8.959012,10,570.019593
12.556428,14,570.019604
20.983969,27,571.969046
5.9590135,7,571.969171
0.96601653,2,571.969195
7.9590125,9,571.969211
7.9590125,9,571.969227
2.9592168,4,571.969241
2.9592168,4,571.969256
16.521404,19,571.969272
10.407984,12,571.969286
8.123406,9,571.969302
21.758305,23,571.969316
2.9851782,4,571.96933
1.9602091,3,571.969346
9.757918,11,571.96936
7.1205325,8,571.969374
9.757918,11,571.969389
8.959012,10,573.871446
1.9602091,3,573.87154
17.008419,20,573.871559
1.9583726,3,573.871572
5.9571724,7,573.871584
3.9590473,5,575.692634
3.9590473,5,575.692731
7.765956,9,575.692744
1.4547784,3,575.692754
7.9590125,9,575.692764
11.957162,13,575.692772
9.123406,10,575.692781
18.855524,23,577.523961
21.855516,27,577.524056
1.9602091,3,577.524073
13.562278,15,577.524086
1.9602091,3,579.387362
13.277194,14,579.387456
1.9602091,3,579.387498
5.957164,7,579.387516
6.9590125,8,579.387533
8.197649,9,579.387547
21.899105,27,579.387562
21.900955,27,579.387577
1.9602091,3,579.387594
7.1957984,8,579.387611
8.957162,10,579.387626
1.1240078,2,579.387641
9.123406,10,581.321241
7.9590125,9,581.321393
25.381712,30,581.321431
7.9571624,9,581.321458
7.9590125,9,581.321482
1.9602091,3,581.321505
21.65415,23,581.321529
4.760184,6,581.321553
1.278391,2,581.321578
3.9590473,5,581.321603
20.564732,23,581.321628
5.9571676,7,581.321651
7.0541134,8,581.321677
7.98944,9,581.321704
7.1234064,8,583.272527
16.757917,18,583.272619
22.07648,23,583.272631
12.277194,13,583.272638
11.957162,13,583.272645
8.959012,10,583.272652
9.957162,11,583.272659
12.275344,13,583.272666
22.747692,27,583.272674
3.1976752,4,583.272682
16.95716,18,585.220522
3.9590473,5,585.220658
6.0505886,7,585.220695
10.959012,12,585.220724
1.9602091,3,585.220752
10.054113,11,585.220777
0.96601653,2,585.220801
10.959012,12,585.220827
9.959012,11,585.220854
6.9590125,8,585.22088
13.957162,15,585.220907
6.76015,8,585.220932
7.9590125,9,587.109082
9.98944,11,587.109178
0.9280636,2,587.109193
11.957162,13,587.109205
22.79626,25,587.109216
2.123509,3,587.109227
7.5723777,9,587.109238
10.794132,12,587.109248
3.9572065,5,587.109257
2.9573765,4,587.109268
1.9602091,3,587.109278
14.195795,15,587.109289
9.794132,11,587.109298
10.855483,12,588.975022
3.9590473,5,588.97516
4.121559,5,588.975176
8.277194,9,588.975188
7.9590125,9,588.975199
18.765955,20,588.975212
3.9571974,5,588.975222
8.756069,10,588.975232
2.7591155,4,590.879634
1.9602091,3,590.879735
14.197648,15,590.879749
9.123406,10,590.879761
6.7611413,8,590.879771
9.054113,10,590.879781
11.957163,13,590.879791
1.9602091,3,590.8798
4.275359,5,590.879811
9.758299,11,590.879821
8.957162,10,590.879832
8.195335,9,590.879841
12.761141,14,590.879851
8.985181,10,590.879861
13.760149,15,590.879871
3.7905748,5,592.782361
2.9573765,4,592.782464
12.98759,14,592.782481
4.955332,6,592.782493
10.195798,11,592.782503
1.9583726,3,592.782513
22.52274,24,592.782524
9.959012,11,592.782535
6.7659564,8,594.641195
4.957168,6,594.641336
13.957162,15,594.641373
8.998789,10,594.641402
11.959012,13,594.641428
12.764111,14,594.641454
5.7601786,7,594.641483
6.955313,8,594.641511
5.765957,7,594.641538
13.957167,15,596.644791
14.959012,16,596.644931
3.9590473,5,596.644963
3.9894397,5,596.644987
1.9602091,3,596.64501
5.922313,7,596.645031
11.957162,13,596.645054
17.591705,19,596.645077
1.0508548,2,596.645099
15.959012,17,596.645121
7.725693,9,598.579651
17.788727,19,598.579757
9.7583,11,598.579774
9.955312,11,598.579786
5.0541134,6,598.579797
9.98944,11,600.429254
16.922691,18,600.429382
9.561315,11,600.429406
1.597429,3,600.429426
3.9894397,5,600.429444
1.9602091,3,600.429461
6.98944,8,600.429479
25.995085,27,600.429497
1.278391,2,600.429516
3.9590473,5,600.429534
2.9592168,4,600.429551
3.9590473,5,600.429566
24.195797,25,600.429583
3.9590473,5,600.429599
13.758299,15,600.429616
5.9571676,7,600.429632
23.989439,25,600.429647
8.760178,10,600.429663
5.9590135,7,602.377269
6.9571667,8,602.377365
10.561291,12,602.377379
3.9590473,5,602.377392
1.9602091,3,602.377402
8.959012,10,602.377412
5.0541134,6,602.377423
1.597429,3,602.377434
6.9571667,8,602.377446
17.95716,19,602.377458
1.278391,2,602.377469
7.9987855,9,602.37748
2.7613456,4,602.377492
19.95346,21,604.317072
5.9590135,7,604.317162
6.75792,8,604.317176
8.959012,10,604.317186
3.557625,5,604.317196
2.120634,3,604.317205
14.7583,16,604.317214
16.760149,18,604.317223
24.95716,26,604.317233
5.98944,7,604.317241
9.195335,10,604.31725
1.9172412,3,606.230575
6.9590125,8,606.2307
4.2772,5,606.230734
1.6000372,3,606.230757
11.794132,13,606.23078
8.987567,10,606.230803
14.794132,16,606.230828
3.8788452,6,606.23085
19.758297,21,606.230873
8.922313,10,608.0923
1.597429,3,608.092421
2.1625543,4,608.09245
9.957162,11,608.092472
10.959012,12,608.092491
1.7649229,3,608.09251
12.7564535,14,608.092529
2.3959103,4,608.092571
8.959012,10,608.09259
2.3974714,4,608.092608
2.999563,4,608.092625
8.996554,10,608.092641
14.7982,16,609.93449
6.75792,8,609.934824
9.64662,11,609.934858
3.5960164,5,609.934871
13.959012,15,609.934884
12.760149,14,609.934895
5.4526677,7,609.934906
1.597429,3,609.934916
1.6000372,3,609.934929
5.004909,7,609.934939
3.7611759,5,609.93495
1.597429,3,609.93496
18.560429,20,609.934971
5.9590135,7,609.934981
9.758469,11,611.992927
2.5660536,4,611.993036
9.123406,10,611.993059
10.758299,12,611.993077
11.959012,13,611.993092
14.570528,16,613.823608
0.91561085,2,613.82375
8.556428,10,613.823789
9.955317,11,613.823817
1.597429,3,613.823847
9.957162,11,613.823875
5.9875665,7,613.8239
13.758298,15,613.823925
2.403409,4,615.732073
16.955317,18,615.732212
5.4384108,7,615.732249
11.959012,13,615.732277
3.2045453,5,615.732304
4.7579536,6,615.73233
13.760149,15,615.732355
3.2045453,5,615.732381
2.398546,4,615.732407
5.556463,7,617.674935
10.557205,12,617.675027
22.922693,24,617.675044
10.559056,12,617.675056
2.3959103,4,617.675067
8.957163,10,617.675078
18.277193,19,617.675088
7.9571667,9,617.675099
8.757918,10,617.675109
9.561286,11,617.67512
15.957163,17,617.675131
3.9590473,5,617.675142
5.56132,7,617.675153
17.277193,18,619.534353
3.1996822,5,619.534474
8.526815,10,619.534496
13.957162,15,619.534513
2.5152087,4,619.534529
23.95716,25,619.534545
7.5245805,9,619.534556
7.360192,9,619.53457
7.55721,9,619.534586
5.9590135,7,619.534601
8.195803,9,619.534621
15.959012,17,619.534637
4.9571724,6,619.534652
3.197027,5,619.534667
8.877232,10,619.534683
17.559435,19,619.534698
7.9590125,9,619.534712
17.996937,19,621.474186
10.193953,11,621.474287
2.4011736,4,621.474301
11.552745,13,621.474309
1.6471453,3,621.474316
4.003446,6,621.474323
4.8045826,7,621.47433
10.959012,12,621.474338
9.75421,11,621.474345
16.757917,18,623.332782
19.557322,21,623.332876
17.760149,19,623.332893
6.9590125,8,623.332904
1.597429,3,623.332915
5.4023485,7,623.332926
15.275344,16,623.332936
3.557625,5,623.332947
7.568164,10,623.332956
1.597429,3,623.332966
10.362421,12,625.331497
9.759156,12,625.33164
3.7209249,5,625.331677
3.2580707,5,625.331707
2.403409,4,625.331732
5.66148,8,625.331756
6.459886,9,625.331783
7.5659285,10,625.331806
7.766035,10,625.33183
1.6000372,3,625.331853
9.556428,11,625.331879
8.760149,10,625.331904
2.4489145,4,625.331928
2.6800952,4,627.356129
2.398546,4,627.356251
2.6853719,4,627.356268
2.403409,4,627.356281
3.2023098,5,627.356294
4.801955,7,627.356305
10.137038,14,627.356318
3.5624819,5,627.356331
4.28988,6,627.356342
7.202709,10,627.356359
15.760149,17,629.27938
2.0772972,3,629.27948
8.880321,11,629.279496
3.3619134,5,629.27951
4.3561063,6,629.279523
1.6504337,3,629.279535
7.357564,9,629.279547
3.3694255,5,629.279558
8.251141,10,629.279569
3.385282,5,631.150554
7.55905,9,631.150632
13.407984,15,631.150643
14.054113,15,631.150654
11.564733,14,631.150662
14.957162,16,631.150671
14.193986,16,631.15068
9.189123,11,631.150688
4.0056815,6,631.150696
2.5634325,4,633.069609
1.7649229,3,633.069729
26.788727,28,633.069746
20.955048,22,633.069759
9.760974,12,633.069773
13.277194,14,633.069786
5.7653165,8,633.069798
7.8804903,10,633.069812
7.282911,9,633.069835
7.7962565,10,633.069849
20.959011,22,633.069863
5.656122,8,633.069875
3.9223301,5,634.987757
6.474256,8,634.987854
1.7649229,3,634.987872
3.6541984,5,634.987885
3.2045453,5,634.987897
1.0831046,2,634.987909
12.288564,15,634.98792
3.2023098,5,634.987931
1.6022727,3,634.987942
6.1864653,8,634.987954
17.054111,18,634.987965
2.5634325,4,636.796876
1.7882915,3,636.796969
8.957182,11,636.796985
6.85525,8,636.796997
8.35491,10,636.797008
4.3636184,6,636.79702
4.7579536,6,636.797032
7.354915,9,636.797044
6.6601143,9,636.797054
22.959011,24,636.797066
3.557625,5,638.601286
1.9602091,3,638.601384
7.964729,10,638.6014
17.0761,18,638.601413
13.357558,15,638.601427
2.7591155,4,638.601438
3.557625,5,638.601451
4.361383,6,638.601481
23.197647,24,638.601492
2.8552978,4,638.601502
8.360187,10,638.601513
12.169246,15,638.601523
6.360221,8,638.601532
3.0541215,4,640.516026
7.757919,9,640.516117
9.357558,11,640.516132
1.9229141,3,640.516145
7.86094,10,640.516155
11.765831,14,640.516165
4.5592537,6,640.516177
7.757919,9,640.516186
6.76015,8,640.516196
8.55905,10,640.516205
12.964694,15,640.516215
4.5566325,6,640.516225
7.556429,9,640.516235
10.412537,14,640.516246
14.161722,17,640.516256
11.651529,13,642.512365
3.9590473,5,642.51246
9.957177,12,642.512481
9.651529,11,642.512497
8.591712,10,642.512511
3.9590473,5,642.512523
7.757919,9,642.512538
3.9590473,5,642.51255
15.964694,18,642.512562
8.85302,10,642.512575
3.9590473,5,642.512587
2.2773986,3,644.41457
5.7579246,7,644.41467
7.1234064,8,644.414687
5.8530197,7,644.414701
5.277195,6,644.414713
0.98938525,2,644.414725
4.1234093,5,644.414741
0.98938525,2,644.414752
13.757918,15,644.414763
8.765865,11,644.414774
10.399959,12,644.414786
3.9590473,5,644.414797
8.760149,10,646.342209
1.9602091,3,646.342368
20.197647,21,646.342415
5.9590135,7,646.342451
4.054115,5,646.342486
11.362421,13,646.34252
9.15604,11,646.342553
13.964694,16,646.342587
1.9602091,3,646.342619
5.9590135,7,646.342651
17.996078,23,646.342684
5.9590135,7,646.342716
3.9590473,5,646.342752
4.959018,6,646.342782
13.964694,16,646.342813
8.98944,10,646.342848
1.278391,2,648.249828
5.1976495,6,648.249985
11.765831,14,648.250002
18.163557,20,648.250015
5.9590135,7,648.250026
10.959012,12,648.25004
16.959831,19,648.250052
3.9590473,5,648.250063
3.277229,4,650.28443
2.9592168,4,650.284531
1.9602091,3,650.284547
0.96601653,2,650.284558
3.9590473,5,650.284569
1.9602091,3,650.284579
4.959018,6,650.28459
5.9590135,7,650.284601
1.9602091,3,650.28461
4.959018,6,650.284621
1.9602091,3,650.284631
1.278391,2,650.284641
4.1205354,5,650.284652
1.9602091,3,650.284661
6.9590125,8,650.28467
1.2765543,2,650.28468
15.757918,17,650.28469
6.9590125,8,650.284701
2.9592168,4,650.284711
4.959018,6,650.28472
3.9590473,5,650.284729
3.9590473,5,650.284739
1.0508548,2,650.284748
11.353068,13,652.230393
7.9571714,9,652.230538
5.758314,7,652.230576
1.9583726,3,652.230604
1.9583726,3,652.23063
11.763596,14,652.230655
4.9571776,6,652.230682
6.957172,8,652.230706
2.9592168,4,652.230732
3.9572065,5,652.230759
3.9572065,5,652.230782
9.118222,10,652.230809
6.957172,8,652.230833
10.753964,12,654.180889
11.55815,14,654.180981
5.98759,7,654.180995
5.9571633,7,654.181008
12.353604,14,654.18102
4.9550643,6,654.18103
2.9552715,4,654.18104
1.6000372,3,654.181051
9.193136,10,654.181062
14.585006,16,654.181072
3.9590473,5,655.993064
15.765432,19,655.993189
6.1234064,7,655.993222
1.597429,3,655.993246
3.9590473,5,655.993266
11.918443,13,655.993285
7.9550476,9,655.993305
4.9571686,6,655.993324
20.962843,23,655.993347
3.197027,5,657.831191
14.959012,16,657.831277
11.27323,12,657.831295
8.955048,10,657.831308
14.716098,16,657.83132
5.95505,7,657.831333
5.2711143,6,657.831349
9.955048,11,657.831366
9.955048,11,659.777568
24.157732,26,659.777664
3.1996822,5,659.777679
2.4011736,4,659.77769
7.9590125,9,659.777702
4.7992997,7,661.659649
10.048298,11,661.659822
6.952932,8,661.659874
4.003446,6,661.659909
8.957162,10,661.659941
4.806818,7,663.47245
9.959012,11,663.472561
12.959012,14,663.472576
3.2045453,5,663.472588
4.0008187,6,663.472601
11.957162,13,663.472614
4.806818,7,663.472625
3.9981632,6,663.472635
9.957163,11,665.29688
15.958604,18,665.297
4.165699,6,665.297023
5.7705994,8,665.29704
19.754059,21,665.297058
20.755665,23,665.297075
3.1996822,5,665.297092
8.955326,10,665.297107
5.9259634,8,665.297122
12.790168,14,665.297137
5.605719,8,665.297153
4.058712,6,665.297168
15.957162,17,665.297183
0.8486727,2,667.108475
4.001616,6,667.108572
4.801955,7,667.108593
13.275344,14,667.108609
5.6038885,8,667.108627
3.245796,5,667.108641
4.853528,7,667.108658
10.959012,12,668.902038
6.4068556,9,668.902136
15.955048,17,668.902154
7.207992,10,668.902185
11.054113,12,668.9022
5.355114,7,668.902211
11.959012,13,670.780698
9.729128,12,670.780796
24.564598,28,670.780812
6.354944,8,670.780823
17.953184,19,670.780836
12.955575,14,670.780846
13.951611,15,670.780857
4.001183,6,670.780866
10.56211,13,672.700442
9.760974,12,672.700547
2.398546,4,672.700569
9.664431,13,672.700586
8.006501,11,672.700602
8.193985,10,672.700619
1.597429,3,672.700634
6.400175,9,672.700651
21.003822,23,672.700665
17.050148,18,672.70068
2.4011736,4,672.700695
15.955048,17,672.700709
5.756067,7,672.700723
3.1996822,5,672.700739
8.006501,11,672.700753
1.7167277,3,674.621199
2.4011736,4,674.621293
24.27323,25,674.621311
8.8125,12,674.621325
6.409091,9,674.621337
3.2023098,5,674.621349
7.5545707,9,674.621361
17.955574,19,674.621372
4.7992997,7,674.621384
0.91821903,2,674.621397
10.052278,12,674.621409
11.280641,13,676.516405
3.9981632,6,676.516521
11.922707,14,676.516549
7.202709,10,676.51657
1.6022727,3,676.516589
6.4068556,9,676.51661
20.117315,21,676.51663
4.8045826,7,676.516649
10.414772,14,676.516669
3.2045453,5,678.363889
12.131499,16,680.234014
4.7992997,7,680.234156
8.807637,12,680.234195
6.4015727,9,680.234221
16.20838,19,680.234246
2.4515762,4,680.234274
19.959011,21,680.2343
3.1996822,5,680.234327
2.3959103,4,680.234352
2.5152087,4,680.234377
10.403201,14,680.234403
5.6030917,8,680.234427
1.597429,3,682.140426
12.017044,16,682.140525
7.202709,10,682.14055
9.606117,13,682.140566
3.1996822,5,682.140582
5.600436,8,682.140597
3.2023098,5,682.140613
9.605082,13,682.140629
16.005283,19,682.140643
7.2053647,10,682.140657
2.3959103,4,684.091156
12.81818,17,684.091254
3.3694255,5,684.09127
7.32731,10,684.091283
2.398546,4,684.091295
5.6035004,8,684.091305
3.2045453,5,684.091316
14.420452,19,684.091328
4.800517,7,685.905951
3.5602462,5,685.90608
1.9583726,3,685.906104
8.361782,11,685.906126
14.53569,19,685.906144
1.9583726,3,685.906161
9.366073,12,687.759238
10.407253,14,687.759339
5.362626,7,687.759355
5.242481,8,687.75937
10.169444,13,687.759383
7.1587296,9,689.65162
7.2053647,10,689.65173
5.605719,8,689.651747
8.765865,11,689.651761
16.013783,21,689.651779
7.32323,10,691.474808
6.4050107,9,691.47491
1.597429,3,691.474926
14.414138,19,691.474939
8.804981,12,691.474952
2.3959103,4,691.474962
5.5967464,8,693.296308
5.9590135,7,693.296417
11.268938,15,693.296435
11.204309,15,693.296447
8.009129,11,693.296459
16.82386,22,695.109802
2.398546,4,695.109967
2.5228117,4,695.109989
3.9981632,6,695.110003
4.8045826,7,695.110015
9.611401,13,695.110027
10.61549,14,695.110039
1.0831046,2,695.110051
5.7653165,8,696.982011
2.5916579,4,696.982105
17.778307,23,696.982121
5.5398803,9,696.982135
14.673711,19,696.982146
1.7905216,3,696.982158
12.009525,16,696.982171
12.62327,18,698.839365
10.861799,14,698.839471
5.162519,7,698.839495
8.807637,12,698.839514
13.176118,17,698.839532
14.2148485,18,698.83955
19.14994,26,698.839568
7.5925226,10,698.839586
6.4068556,9,698.839604
18.117569,26,698.839626
7.3349195,10,700.737789
12.784998,18,700.73788
6.9573803,9,700.737924
11.771717,15,700.737937
9.67031,14,700.737949
13.156039,15,700.737973
17.403576,22,700.737987
11.208389,15,700.737999
6.960036,9,702.745354
11.497871,15,702.745468
13.881892,17,702.745486
6.3624563,8,702.745499
9.194796,12,702.745513
1.597429,3,702.745527
7.375108,10,702.745541
8.364438,11,702.745555
21.302788,28,702.745569
2.1978035,3,702.745583
0.98938525,2,704.647495
12.266222,16,704.647621
2.6518106,4,704.647645
11.928405,15,704.647662
18.087856,22,704.647679
9.78874,12,704.647695
18.95162,26,704.647709
20.310928,28,704.647723
2.586801,4,704.647738
25.184046,30,704.647755
7.202709,10,704.647771
3.7603533,5,704.647789
4.7208395,6,704.647804
1.9602091,3,706.510255
2.398546,4,706.51038
25.38291,30,706.510405
4.7579536,6,706.510425
9.959832,12,706.510443
10.9665,14,706.510458
25.385145,30,706.510477
20.373512,25,706.510493
9.162919,12,706.510509
25.067896,30,706.510525
25.57585,30,706.51056
7.354915,9,706.510576
23.11465,30,706.51059
4.5592537,6,706.510603
6.924543,8,706.510618
7.5659285,10,706.510632
2.7591155,4,706.510646
7.8530197,9,708.432145
4.5592537,6,708.432244
5.9590135,7,708.432259
14.694199,19,708.432272
12.619107,18,708.432283
10.855565,15,708.432293
14.195803,15,708.432304
5.56132,7,710.509079
4.959018,6,710.509179
3.9590473,5,710.509195
3.277229,4,710.509207
7.9590125,9,710.509217
23.423538,30,710.509227
1.9602091,3,710.509238
8.197649,9,710.50925
23.949879,30,712.284972
5.7579246,7,712.285079
23.708612,30,712.285096
15.258555,19,712.285107
19.262379,25,712.285117
13.767438,17,712.285127
1.9602091,3,712.285137
3.9590473,5,712.285147
6.9590125,8,714.070328
2.0541613,3,714.07042
8.362422,10,714.070431
13.161323,15,714.07044
7.662116,10,714.070447
14.288559,17,714.070454
5.123407,6,714.070461
22.559233,30,714.070467
14.763596,17,714.070475
5.9590135,7,714.070482
16.620335,22,715.94458
26.204931,29,715.94475
14.368104,17,715.944806
14.59516,17,715.94485
13.365869,16,715.944895
10.054113,11,715.944932
11.36811,14,718.062324
6.1234064,7,718.062437
21.764654,30,718.06245
6.9590125,8,718.062461
15.968142,19,718.06247
5.9590135,7,718.062479
11.156039,13,718.062488
6.9590125,8,718.062499
1.1985551,2,719.985854
6.559055,8,719.985966
22.570414,26,719.985983
6.9590125,8,719.985996
5.7579246,7,719.986009
6.98944,8,719.98602
1.9602091,3,719.986031
5.7579246,7,719.986043
5.9590135,7,719.986053
5.9590135,7,719.986064
5.277195,6,719.986075
2.1954904,3,721.782324
9.757918,11,721.782433
6.9590125,8,721.782454
9.983344,12,721.782468
10.788346,12,721.782483
16.582796,22,721.782498
10.757918,12,721.782511
21.31994,27,721.782528
6.9590125,8,721.782542
13.182208,15,721.782559
7.1205325,8,721.782569
7.9590125,9,721.782578
1.9583726,3,723.653731
5.9590135,7,723.653857
9.959012,11,723.653883
0.9258228,2,723.65392
1.9583726,3,723.653938
13.003183,14,723.653953
3.9894397,5,723.653967
1.795329,3,723.65398
4.959018,6,723.653992
9.003183,10,723.654009
22.37155,26,725.743422
1.853301,3,725.743515
4.959018,6,725.743531
3.9571974,5,725.743544
22.969894,26,725.743555
3.277229,4,725.743567
6.9571624,8,727.644869
1.9602091,3,727.64504
5.9590135,7,727.645093
1.9602091,3,727.645137
1.9602091,3,727.645176
12.197648,13,727.645217
17.763596,20,727.645258
4.9571686,6,727.64531
10.959012,12,727.64535
8.957162,10,727.645391
1.9602091,3,727.645432
19.353058,21,727.645472
9.957162,11,727.645509
2.123509,3,727.645547
9.760149,11,727.645568
10.957162,12,729.600966
1.9602091,3,729.601063
2.9592168,4,729.601077
6.9988074,8,729.601087
1.9602091,3,729.601096
14.123406,15,729.601105
13.054113,14,729.601114
1.9602091,3,729.601122
10.959012,12,731.477534
11.078336,12,731.477631
12.55905,14,731.477647
7.9571624,9,731.477659
24.340492,30,731.477672
9.959012,11,731.477683
12.959012,14,731.477695
4.9223156,6,731.477707
8.959012,10,731.477718
14.760178,16,731.477729
8.959012,10,731.47774
8.054113,9,731.477751
11.959012,13,731.477762
4.98944,6,733.322092
16.0761,17,733.322187
4.959018,6,733.322205
2.9894383,4,735.238809
9.957162,11,735.238939
4.959018,6,735.242239
1.9602091,3,735.242357
10.959012,12,735.242407
1.1240078,2,735.242449
11.959012,13,735.242491
9.123406,10,735.242535
5.9590135,7,735.242578
1.9602091,3,735.242622
10.123406,11,735.242661
13.123406,14,735.242701
19.959011,21,735.24274
14.195798,15,735.242786
3.9590473,5,735.242825
24.020298,29,735.242864
12.957162,14,737.211594
8.760149,10,737.211741
15.959012,17,737.211783
14.123406,15,737.211813
3.9590473,5,737.211841
11.98944,13,737.211871
3.9894397,5,739.026647
19.924543,21,739.026744
6.9590125,8,739.026773
1.278391,2,739.026787
3.1234238,4,739.026798
15.760149,17,739.026854
9.959012,11,739.026866
5.9590135,7,739.026877
12.959012,14,739.02689
5.9590135,7,739.026901
3.1234238,4,739.026912
27.760967,30,739.026924
8.757918,10,739.026985
4.2772,5,739.027
16.757917,18,740.987427
1.9602091,3,740.987543
6.2771945,7,740.98758
3.9590473,5,740.987592
3.9590473,5,740.987633
9.959012,11,740.987643
18.793213,20,740.987653
2.9592168,4,740.987664
3.9590473,5,740.987676
2.2755582,3,740.987686
7.9590125,9,740.987695
9.959012,11,740.987705
7.9590125,9,740.987715
3.9590473,5,740.987725
3.1205497,4,740.987735
5.9590135,7,740.987744
16.959011,18,740.987755
9.195335,10,740.987764
5.9590135,7,740.987774
3.9590473,5,740.987784
5.9590135,7,740.987793
9.851726,11,740.987802
3.9590473,5,740.987812
10.756078,12,742.843774
15.76015,17,742.843945
2.1933,3,742.84401
11.959012,13,742.844053
5.9571724,7,742.844089
1.9583726,3,742.844124
2.9592168,4,742.844158
1.9583726,3,742.844192
7.27324,8,742.844225
1.9583726,3,742.844259
7.9571714,9,742.844294
3.0541215,4,742.844329
6.957172,8,742.844366
3.1182413,4,742.844404
4.9550643,6,744.703234
1.6471453,3,744.70333
26.396296,29,744.703345
3.9875898,5,744.703358
18.959011,20,744.70337
11.959012,13,744.703382
14.98944,16,744.703392
5.955059,7,744.703402
10.195798,11,746.503745
10.959012,12,746.503866
28.558653,30,746.503888
27.552729,29,746.503902
2.4515762,4,746.503918
7.9571624,9,748.381955
18.985476,20,748.382053
11.98759,13,748.382069
22.193947,23,748.382082
3.3238635,5,748.382092
15.955313,17,748.382103
1.597429,3,748.382114
2.403409,4,748.382126
3.3238635,5,748.382137
7.1173167,8,750.191741
3.2045453,5,750.191839
11.277194,12,750.191854
6.955049,8,750.191866
13.955048,15,750.191878
10.985476,12,750.191889
14.756068,16,750.1919
1.597429,3,750.191912
10.957162,12,750.191925
13.957162,15,750.191936
7.955049,9,752.077989
12.271103,13,752.078086
16.95716,18,752.078102
13.955048,15,752.078113
3.25534,5,752.078125
3.9981632,6,752.078136
9.957162,11,752.078146
1.7215909,3,753.980162
2.398546,4,753.980244
16.756184,18,753.980255
7.955057,9,753.980263
25.557205,27,753.980271
13.957162,15,753.980278
4.0056815,6,753.980285
8.952923,10,753.980293
4.8045826,7,753.9803
8.123406,9,753.980307
11.959012,13,753.980314
28.751827,30,755.898535
3.1996822,5,755.89866
10.191559,11,755.89869
10.054113,11,755.898722
1.597429,3,755.898743
14.195798,15,755.898765
2.398546,4,755.898787
22.957163,24,755.898808
5.605719,8,755.898829
6.404228,9,755.898854
6.4068556,9,757.790598
23.191557,24,757.790735
14.957162,16,757.79077
1.597429,3,757.790787
14.195798,15,757.790814
2.4011736,4,757.790833
7.2102275,10,757.794866
6.409091,9,757.794907
12.952921,14,757.794926
11.191559,12,757.794945
5.600436,8,757.794971
6.4068556,9,757.794997
2.3959103,4,759.617525
14.957162,16,759.617612
1.7193553,3,759.617624
1.597429,3,759.617632
8.062159,11,759.61764
3.2045453,5,759.617648
4.003446,6,761.423766
4.0008187,6,761.423862
4.003446,6,761.423881
8.807637,12,761.423894
8.006501,11,761.423908
2.403409,4,761.423919
5.6030917,8,761.423931
2.4011736,4,763.33977
2.398546,4,763.33989
2.403409,4,763.339914
5.719754,8,763.339931
8.807637,12,763.339949
3.2045453,5,763.339968
26.754335,28,763.339985
1.597429,3,763.340002
8.807637,12,763.340018
2.4011736,4,763.340033
8.810265,12,765.198381
8.006501,11,765.198496
8.209455,11,765.198525
8.802763,12,767.065684
4.802364,7,767.065794
15.955322,17,767.065814
3.9986022,6,767.06583
1.9996915,3,767.065844
9.725435,13,767.065857
2.3959103,4,767.065869
10.287935,14,767.065881
0.96601653,2,767.065911
2.3967428,4,767.065924
9.604708,13,768.926692
7.207992,10,768.926782
2.1216552,3,768.926793
4.800517,7,768.926802
12.009525,16,768.926811
8.39366,11,768.92682
2.7591155,4,768.926828
2.3967478,4,771.036546
3.0522757,4,771.036694
3.7562654,5,771.036737
3.1960104,5,771.036768
5.390612,7,771.036803
13.614453,18,772.938457
13.737045,17,772.938553
12.769312,16,772.93857
8.7583475,11,772.938592
1.597429,3,772.938604
12.771547,16,772.938616
12.815945,17,772.938627
12.766685,16,772.938639
1.597429,3,772.938651
8.761003,11,772.938661
19.271105,20,772.938672
1.597429,3,774.891596
12.810661,17,774.891685
2.398546,4,774.891698
12.010729,16,774.891707
2.403409,4,774.891715
7.203913,10,776.660505
1.597429,3,776.660606
14.416372,19,776.660622
10.407253,14,776.660638
14.418217,19,776.660652
5.5986204,8,778.629075
14.16924,17,778.629163
11.211045,15,778.629178
3.2045453,5,778.62919
2.398546,4,778.6292
16.567787,20,778.62921
4.0008187,6,778.629221
4.8045826,7,778.62923
9.362421,11,778.62924
14.384127,20,778.629249
0.7989179,2,778.629259
13.619316,18,778.629269
5.603874,8,778.629279
8.65909,13,780.555838
4.8045993,7,780.555955
12.808443,17,780.555972
10.412554,14,780.555986
4.7997365,7,780.556
18.367083,22,780.556014
2.4011905,4,780.556027
4.001228,6,780.556039
15.217134,20,780.556052
4.7997365,7,780.556064
10.410318,14,780.556075
8.808046,12,780.556088
4.7971134,7,782.457711
12.154741,14,782.45784
6.4020114,9,782.457861
26.199291,29,782.457877
8.00244,11,782.457916
1.597429,3,782.457931
15.749998,22,782.457945
14.948862,21,782.457961
18.568695,22,782.457974
10.137181,15,782.457988
8.000567,11,782.458003
7.197865,10,782.458016
3.1952856,5,782.458031
4.000838,6,782.458044
9.6012745,13,782.458058
0.7989179,2,782.458074
3.1952856,5,782.458088
16.816782,22,782.4581
12.804366,17,784.307868
13.152615,15,784.307992
15.258158,20,786.116349
2.398546,4,786.116505
14.412935,19,787.904121
8.804981,12,787.904213
3.197027,5,787.904225
20.018652,26,787.904234
11.197234,15,787.904243
3.1996822,5,787.904253
6.401572,9,787.904261
5.7179384,8,789.714801
6.3998117,9,789.714902
7.9989843,11,789.714919
19.212233,25,789.714933
8.855775,12,789.714945
7.9990134,11,791.531466
7.2005033,10,791.531566
7.200948,10,791.531584
4.7992997,7,791.531599
17.61748,23,793.530541
9.598631,13,793.530667
7.203547,10,793.530693
5.6079545,8,793.530706
8.003845,11,793.530718
24.017626,30,795.460685
22.003443,30,795.460806
6.4015727,9,797.347538
21.881498,30,797.34765
21.964176,30,797.347682
11.208389,15,797.347699
6.4015727,9,797.347713
6.5261736,9,797.347727
7.202709,10,797.347743
2.398546,4,797.347756
6.691054,9,797.347769
8.924299,12,797.347782
9.604357,13,797.347796
7.396241,10,799.278368
8.009146,11,799.278467
10.570374,14,799.278486
3.3694255,5,799.278498
3.9981632,6,799.27851
3.1952257,5,799.278522
2.8739576,4,799.278534
23.223196,30,799.278545
3.197493,5,799.278556
2.5634325,4,799.278568
6.571736,9,799.278578
6.4015727,9,799.278589
24.582376,30,801.164345
3.2023098,5,801.164448
9.168201,12,801.164465
0.85192573,2,803.0881
24.020252,30,803.0882
8.562308,11,803.088219
16.812263,22,803.088234
7.959866,10,804.952177
21.404224,30,804.952281
21.406853,30,804.952302
1.597429,3,804.952317
16.804743,22,804.952331
23.425898,30,804.952345
11.164412,14,804.952358
8.156045,10,806.827873
0.7989179,2,806.828017
4.8008657,7,806.828043
12.008101,16,806.828063
9.725435,13,806.828084
12.012181,16,806.828102
13.9681425,17,808.82656
4.0008187,6,808.826682
7.999793,11,808.826713
3.2023098,5,808.826735
3.2023098,5,808.826799
10.059795,12,808.826824
12.398532,15,808.826846
4.0008187,6,808.826865
4.0008187,6,808.826887
23.191341,30,808.826908
11.213673,15,810.737251
21.04627,30,810.737377
10.476877,12,810.7374
11.211827,15,810.737418
14.416371,19,810.737435
23.069788,30,810.737453
21.051132,30,810.737469
1.6022727,3,810.737486
22.963013,28,810.737502
3.9981632,6,810.737518
12.009525,16,812.626273
22.952705,30,812.626415
12.012963,16,812.626457
21.618298,28,812.626489
5.605719,8,812.626517
12.063758,16,812.626549
6.4015727,9,814.549403
5.600436,8,814.549531
20.812496,30,814.549558
22.831152,30,814.549579
20.807634,30,814.549596
3.2045453,5,814.549614
24.022488,30,814.549633
21.957193,30,814.54965
2.403409,4,816.572681
13.163558,15,816.572774
7.2102275,10,816.572791
1.597429,3,816.572804
2.398546,4,816.572816
15.726499,18,816.572827
20.688335,30,816.572838
20.690943,30,816.57285
13.610373,18,816.572863
21.618296,28,816.572874
1.6000372,3,816.572885
2.4011736,4,816.572896
3.9981632,6,816.572908
1.7167277,3,818.402014
2.6853719,4,818.402103
7.2053647,10,818.402116
9.613636,13,818.402126
1.0018555,2,818.402152
2.4011736,4,818.40216
1.6022727,3,818.402168
4.170562,6,820.220027
16.008907,21,820.220114
2.4011736,4,820.220126
1.7649229,3,820.220135
20.653387,30,820.220143
16.020489,21,822.110356
6.4068556,9,822.110456
17.783562,23,822.110476
1.9583726,3,822.110489
22.317268,30,824.010845
2.6827505,4,824.010959
17.22128,22,824.010986
6.464852,9,824.011007
17.62276,23,824.011024
5.357763,7,824.011042
14.418217,19,824.011061
12.663678,16,824.011078
2.4524739,4,824.011094
17.740324,23,824.011111
7.758517,10,824.011131
6.5739713,9,825.802329
3.5251815,5,825.802447
6.354944,8,825.805961
18.034365,24,825.806041
7.370245,10,825.806055
11.37327,15,825.806066
2.5682893,4,825.806077
5.2086873,8,825.806086
8.7583475,11,825.806095
3.3645625,5,825.806103
6.12511,8,827.678605
23.373219,29,827.678695
4.3561063,6,827.678712
11.784379,16,827.678724
8.360356,11,827.678737
1.9602091,3,827.678748
3.5602462,5,827.67876
2.7591155,4,827.678773
11.573846,15,827.678784
6.759509,9,827.678796
2.7591155,4,827.678807
6.8530197,8,829.577785
4.7661924,7,829.577883
13.334733,17,829.577976
22.769434,28,829.57799
1.9602091,3,829.578004
5.355952,7,829.578016
6.119451,7,829.578027
13.397476,17,829.578038
6.156244,8,829.57805
22.868765,30,829.578062
18.86529,26,831.482817
15.7781725,20,831.482914
3.9995413,5,831.482931
15.661554,22,831.482944
9.084853,12,831.482956
0.96601653,2,831.482968
13.2648535,19,831.482981
8.860932,11,831.482993
1.7671529,3,831.483004
7.5201097,9,833.401278
5.7579246,7,833.401395
13.2863245,16,833.401421
8.849052,10,833.401441
7.9585705,10,833.401462
9.964542,13,833.401478
6.7256794,8,833.401489
6.358563,8,833.401501
5.7560744,7,833.401514
10.725045,13,833.401526
13.966293,17,835.196791
1.9602091,3,835.19692
6.500071,10,835.196943
16.368923,20,835.196959
20.067356,27,835.196975
7.596354,10,835.196992
10.856852,13,835.197006
24.375776,30,835.197019
17.180227,23,835.197034
21.378214,27,835.197051
6.9223127,8,835.197069
3.7581232,5,835.197087
6.1234064,7,835.197105
8.565963,11,835.197122
3.8530278,5,835.19714
24.783463,30,835.197156
14.76668,18,837.034595
6.0541134,7,837.034742
23.673704,30,837.034783
1.9602091,3,837.034817
3.9590473,5,837.034847
10.763624,13,837.034876
1.9602091,3,837.034906
4.9965596,6,837.034933
13.35731,16,837.034962
22.666187,30,837.034989
4.054115,5,837.035019
23.868486,30,839.103284
22.872568,30,839.103376
14.52313,17,839.103394
23.872568,30,839.103409
16.771513,20,839.103423
23.666185,30,839.103438
3.9590473,5,839.103451
9.561285,11,839.103464
17.368927,21,839.103477
6.9571667,8,839.10349
3.0541215,4,840.91372
5.9590135,7,840.913814
6.7261667,8,840.91383
1.9602091,3,840.913843
5.9590135,7,840.913855
1.1985551,2,840.913866
12.756061,14,840.913877
1.9602091,3,840.913913
4.1976533,5,840.913924
6.75792,8,840.913935
5.772835,8,840.913945
18.97281,23,842.807503
11.598823,13,842.807602
19.570414,23,842.80762
3.1976752,4,842.807634
4.959018,6,842.807646
13.858592,18,842.807656
20.973824,25,842.807669
18.07915,20,842.80768
4.959018,6,842.807702
8.959012,10,842.807714
2.9592168,4,842.807725
6.163762,8,844.71723
3.7603533,5,844.717324
16.229038,20,844.71734
8.123406,9,844.717354
6.9590125,8,844.71743
1.9602091,3,844.717444
6.9590125,8,844.717456
24.824879,30,844.717467
7.9590125,9,844.717478
3.9590473,5,846.638551
6.0541134,7,846.6387
8.76363,11,846.638744
6.9590125,8,846.638777
21.003239,25,846.638806
5.9590135,7,846.638836
17.657204,20,846.638862
8.128299,11,846.638892
1.9894304,3,846.63892
7.1635923,9,846.638947
1.1211282,2,846.638976
10.566973,13,848.519467
5.9590135,7,848.519564
10.197648,11,848.51958
5.9590135,7,848.519593
16.367092,19,848.519604
5.9590135,7,848.519617
5.6079545,8,848.519628
11.957167,13,848.51968
2.9573765,4,848.519696
7.7905765,9,848.519707
5.9590135,7,850.425103
20.898743,26,850.425248
9.959012,11,850.42529
5.9590135,7,850.425325
3.9590473,5,850.425354
2.9552715,4,850.425384
4.98944,6,850.425411
5.9590135,7,850.425437
26.976057,30,850.425491
3.9590473,5,852.31524
2.517864,4,852.31535
2.403409,4,852.31537
4.959018,6,852.315384
8.197649,9,852.315398
3.9590473,5,852.315411
7.9590125,9,852.315424
3.9590473,5,852.315437
13.998785,15,852.315452
7.98944,9,852.315464
4.959018,6,854.198439
8.959012,10,854.198547
1.6000372,3,854.198574
7.98944,9,854.19859
9.197648,10,854.198603
3.2023098,5,854.198614
14.930225,17,854.198628
4.959018,6,854.198639
5.9590135,7,854.198651
3.9590473,5,856.078552
9.959012,11,856.078674
3.9590473,5,856.078699
1.9602091,3,856.078717
18.5572,20,856.078738
5.6079545,8,856.078756
13.959012,15,857.929043
15.123406,16,857.929139
27.17391,30,857.929156
9.959012,11,857.92917
8.98944,10,857.929183
12.362421,14,857.929195
6.9590125,8,857.929207
9.98944,11,857.929222
9.277194,10,857.929235
14.611208,18,857.929248
5.123407,6,859.924992
15.959012,17,859.9251
7.9590125,9,859.925118
12.054113,13,859.925132
8.959012,10,859.925145
5.7224097,8,859.925158
10.959012,12,861.914621
16.959011,18,861.914734
13.959012,15,861.91476
22.756193,24,861.91478
17.288559,20,861.914798
13.725679,15,861.914816
11.959012,13,861.914834
12.121556,13,863.725401
19.959011,21,863.7255
16.193985,18,863.725516
10.959012,12,863.725528
4.806818,7,865.702258
12.959012,14,865.702362
15.959012,17,865.702379
7.2102275,10,865.702391
11.959012,13,865.702403
10.959012,12,865.702415
20.924543,22,865.702426
4.0056815,6,865.702438
5.6079545,8,865.70245
16.123405,17,865.702461
8.98944,10,865.702473
13.959012,15,865.702484
2.403409,4,867.494034
13.277194,14,867.494119
7.2053647,10,867.494133
8.98944,10,867.494143
1.6022727,3,867.494151
9.959012,11,867.49416
7.207992,10,869.275264
7.2102275,10,869.275348
15.959012,17,869.27536
2.403409,4,869.275368
18.989439,20,869.275377
8.011364,11,869.275387
8.810265,12,869.275395
6.4068556,9,869.275403
9.613636,13,869.27541
4.806818,7,871.169658
8.009129,11,871.169768
1.6022727,3,871.169799
1.6022727,3,871.169816
14.959012,16,871.16983
8.8125,12,871.169845
6.528409,9,871.169861
7.2102275,10,873.058487
5.6079545,8,873.058594
8.810265,12,873.058615
10.529227,14,873.05863
1.655303,3,873.058645
17.054111,18,873.058658
15.054113,16,873.058673
1.6022727,3,874.942575
0.8541667,2,874.942725
23.123405,24,874.942773
7.2102275,10,874.942807
20.197647,21,874.942841
18.123405,19,874.94287
2.403409,4,876.954561
23.81007,27,876.961188
21.959011,23,876.961343
10.414772,14,878.827248
10.414772,14,878.827337
10.414772,14,878.827356
8.8125,12,878.827371
3.2045453,5,880.763101
4.0056815,6,880.763191
4.0056815,6,880.763202
11.266703,15,882.642908
12.017044,16,882.643043
5.6079545,8,884.589336
10.414772,14,884.589434
16.017862,21,884.589451
8.86553,12,886.414325
12.017044,16,886.414437
23.959011,25,886.414451
8.011364,11,886.414461
16.82386,22,886.414469
11.215908,15,886.414478
10.414772,14,886.414487
16.82386,22,886.414496
8.8125,12,888.204726
12.017044,16,888.204849
10.53409,14,888.204871
2.403409,4,888.204889
8.011364,11,888.204904
5.6079545,8,888.20492
12.017044,16,888.204936
0.92045456,2,888.204952
8.8125,12,888.204967
9.613636,13,890.039261
6.409091,9,890.039373
14.420452,19,890.039397
14.420452,19,890.039418
24.034084,30,890.039435
3.2045453,5,890.039452
8.8125,12,892.032041
8.8125,12,892.032192
13.619316,18,892.032229
16.022724,21,892.03226
1.6022727,3,892.032291
13.619316,18,892.032322
11.335226,15,892.032354
10.414772,14,892.032383
11.215908,15,892.032412
3.407499,5,892.032441
12.81818,17,892.03247
16.821642,22,894.002006
10.892027,14,894.002097
15.221588,20,894.002107
19.415518,25,894.002116
9.611418,13,894.002125
18.423897,24,894.002132
4.8045993,7,894.002141
12.067839,16,895.849647
17.181797,22,895.849756
11.213673,15,895.849773
9.664431,13,895.849789
3.2045453,5,895.849802
17.624996,23,897.727442
8.011364,11,897.72754
16.022724,21,897.727559
3.2045453,5,897.727572
16.821625,22,899.674018
19.981771,25,899.674117
11.215908,15,899.674135
22.547306,28,899.67415
14.418217,19,901.493813
17.777199,22,901.494036
6.5612907,8,901.494068
2.403409,4,901.494088
5.7601547,7,901.494104
24.031849,30,901.494118
20.82507,27,901.494134
18.14045,22,903.375914
24.029613,30,903.376006
24.034084,30,903.376021
6.409091,9,905.205092
13.368104,16,905.205212
24.029222,30,905.205233
23.077305,30,905.20525
23.077305,30,905.205264
5.6079545,8,907.111329
9.561285,11,907.111436
5.6079545,8,907.111457
7.2102275,10,907.111475
24.194494,30,907.111491
4.1249995,6,907.111508
18.423897,24,907.111522
22.957987,30,907.111537
13.805329,18,909.01157
12.017044,16,909.011692
24.034084,30,909.011711
3.3694255,5,909.01172
6.409091,9,909.011729
14.418217,19,909.011736
22.484842,29,909.011745
3.2045453,5,909.011754
13.619316,18,909.011764
10.758299,12,910.906883
16.380661,21,910.907035
4.058712,6,912.81826
23.230713,30,912.818404
22.602268,30,912.818456
4.1249995,6,912.818503
3.2045453,5,912.818532
6.163762,8,912.818558
15.57729,20,912.818584
16.60652,21,912.818608
2.403409,4,912.818635
8.011364,11,914.699246
12.195335,13,914.69938
17.62276,23,914.699423
1.6022727,3,914.69944
3.2045453,5,914.699453
7.2102275,10,914.699468
2.403409,4,914.699482
12.760149,14,914.699496
16.94159,21,914.69951
16.94159,21,916.600697
6.409091,9,916.600826
2.4011905,4,916.600854
24.031849,30,916.600878
3.2023268,5,916.600899
25.184046,30,916.600924
20.167398,23,916.60095
7.208009,10,916.600976
8.810282,12,916.601001
9.611418,13,916.601028
10.409929,14,918.498315
2.398546,4,918.498433
8.810265,12,918.498457
24.305605,30,918.498475
22.329622,30,918.49849
25.171492,29,918.498505
3.2023098,5,918.498521
18.180805,23,918.498535
3.996725,6,918.498549
9.814354,13,918.498561
16.01341,21,918.498574
1.6000372,3,918.498588
8.810282,12,920.371279
2.403409,4,920.371372
15.263405,20,920.371384
12.181925,16,920.371394
16.981647,22,920.371404
7.2053638,10,920.371412
2.4011736,4,920.371422
2.4011736,4,922.228699
5.605736,8,922.228797
6.4621215,9,922.228815
22.005678,30,922.228828
22.005678,30,922.228842
3.2004797,5,922.228856
13.970162,18,922.228868
1.9602091,3,922.228882
6.409091,9,922.228894
22.005678,30,922.228906
12.017044,16,922.228919
15.770682,20,924.077722
21.88636,30,924.07782
4.003446,6,924.077837
19.60227,28,924.077851
9.450633,12,924.077863
1.6000372,3,924.077875
2.4011736,4,924.077911
2.957371,4,924.077933
27.570799,30,924.077945
3.2004652,5,924.077956
14.371584,18,925.873728
7.201305,10,925.873827
1.7193553,3,925.873844
6.4068723,9,925.873857
21.767042,30,925.873872
12.815945,17,925.873884
11.684051,14,927.636525
3.9944935,6,927.636631
5.7601547,7,927.636649
3.2023098,5,927.636662
24.740488,29,927.636676
8.002809,11,929.542441
6.8491607,8,929.542578
25.38291,30,929.542608
2.4011736,4,929.542633
4.003446,6,929.542653
9.15747,11,929.542676
18.583887,24,931.351141
1.5982071,3,931.351236
3.996362,6,931.35125
2.3959103,4,931.351261
3.9981632,6,931.35127
6.4031386,9,931.351279
9.360186,11,931.351288
14.413324,19,933.200904
12.810662,17,933.20101
3.1952856,5,933.201034
2.403409,4,933.201055
5.6031103,8,933.201072
6.4015727,9,933.201089
18.421661,24,933.201105
24.031023,30,933.201124
21.17045,30,935.157898
8.952923,10,935.158027
6.4015727,9,935.158052
2.3959103,4,935.158072
5.6079545,8,937.026001
20.565117,23,937.0261
5.6079545,8,937.026118
16.818998,22,937.026133
7.2053647,10,937.026145
6.4020095,9,938.894729
3.316345,5,938.894826
7.255528,10,938.894844
3.2023268,5,938.894857
0.8011364,2,938.89487
15.213054,20,938.894882
5.717566,8,938.894895
2.4011905,4,938.894907
10.704544,16,938.894919
3.2023098,5,938.894932
19.22505,25,938.894943
5.6035004,8,938.894955
6.399354,9,938.894966
8.00691,11,938.894978
5.605736,8,938.894989
22.423306,29,938.895
3.3190198,5,938.895011
24.024351,30,940.830936
3.2045453,5,940.831028
5.601274,8,940.831041
4.0056815,6,940.83105
17.795452,25,940.831059
20.021326,26,940.831067
8.982954,14,940.831075
7.203148,10,940.831084
6.404247,9,940.831092
16.816782,22,940.831099
7.2053833,10,940.831107
22.42289,29,940.831134
11.947394,13,940.831142
22.359161,30,942.631799
3.2045453,5,942.631896
8.003864,11,942.631913
9.656907,13,942.631925
5.605719,8,942.631937
3.197027,5,944.464773
12.803144,17,944.464866
9.598599,13,944.46488
22.239471,30,944.464889
2.398546,4,944.464898
1.597429,3,944.464906
1.597429,3,946.272313
8.853148,12,946.272406
20.454542,30,946.272422
2.3959103,4,946.272435
2.4011736,4,946.272446
20.454542,30,946.272457
20.454542,30,946.272467
9.601286,13,946.272477
2.403409,4,946.272487
20.454542,30,946.272498
1.597429,3,948.093863
3.197027,5,948.09396
22.003443,30,948.093972
1.597429,3,948.093982
3.197027,5,948.093991
22.005678,30,948.094
3.1996822,5,948.094008
3.2500572,5,950.004762
4.806818,7,950.004882
7.207992,10,950.004915
9.606956,13,950.004936
9.730719,13,951.964533
21.7622,30,951.964635
11.206154,15,951.964658
20.013369,26,951.964674
2.4011736,4,951.964687
17.60996,23,951.964699
7.2102275,10,953.779579
2.403409,4,953.779751
14.4054165,19,953.779765
5.6534667,8,955.581603
7.207992,10,955.581699
6.404228,9,955.581719
3.1996822,5,955.581733
15.214071,20,955.581747
8.064394,11,957.488252
12.009525,16,957.488365
6.4015727,9,957.488389
16.811481,22,959.40664
4.003446,6,959.406797
21.287533,30,959.406837
11.215908,15,959.40687
7.2053647,10,959.406899
10.414772,14,959.406928
16.015207,21,959.406955
8.003845,11,959.406986
21.17045,30,961.395526
17.624996,23,961.395642
0.91821903,2,961.395664
14.412932,19,961.395683
8.858011,12,961.395701
8.8125,12,961.395721
5.6079545,8,961.395738
2.4011736,4,961.395754
21.048897,30,963.484268
21.04629,30,963.484362
9.611401,13,963.484375
8.8125,12,963.484384
21.051132,30,963.484393
12.863691,17,963.4844
16.018644,21,963.484408
9.608773,13,965.388306
2.3959103,4,965.388421
21.618298,28,965.388447
24.016813,30,965.388467
0.8011364,2,967.325693
5.605719,8,967.325784
3.2023098,5,967.325801
7.2102275,10,967.325814
2.398546,4,967.325825
1.597429,3,967.32584
17.624996,23,967.325851
10.462939,14,969.219215
3.2023098,5,969.219309
3.2045453,5,969.219321
20.690943,30,969.219332
8.003845,11,969.21934
20.693178,30,969.219349
20.571642,30,971.280582
2.403409,4,971.280707
20.57386,30,971.280744
12.813317,17,971.280769
7.207992,10,971.280792
20.57386,30,971.280815
13.611797,18,971.280836
2.403409,4,971.280858
2.3959103,4,971.280879
7.2053647,10,971.280901
4.7992997,7,973.237794
20.454542,30,973.237967
20.454542,30,973.23801
3.2023098,5,973.238041
24.019049,30,973.23807
12.012181,16,973.238099
12.813317,17,973.238128
7.2053647,10,973.238156
4.7992997,7,973.238185
16.816341,22,973.238213
2.4011736,4,973.238242
2.4011736,4,975.312209
5.725037,8,975.312314
21.618296,28,975.312338
4.0008187,6,975.31236
1.597429,3,977.406841
24.026567,30,977.406981
8.009129,11,977.40701
9.659147,13,977.407034
8.009129,11,977.407055
1.7140921,3,977.407076
20.819786,27,977.407099
15.216725,20,977.407121
14.418217,19,977.407141
18.426132,24,979.577275
12.009525,16,979.577366
24.034084,30,979.577383
12.929979,17,979.577398
1.6022727,3,979.577411
2.4011736,4,979.577425
6.4015727,9,979.577439
14.418217,19,981.466744
19.225033,25,981.46684
3.197027,5,981.466857
4.003446,6,981.46687
16.017862,21,981.466881
3.2045453,5,983.433017
12.81818,17,983.433173
5.719754,8,983.433213
4.801955,7,983.433243
10.412537,14,983.43327
13.617081,18,983.4333
19.227268,25,983.433331
20.028404,26,983.433361
5.6079545,8,983.433392
14.420452,19,983.43342
11.208389,15,985.427659
8.86553,12,985.427835
24.031849,30,985.427879
8.810265,12,985.427912
2.5227273,4,985.427942
18.423897,24,985.427974
20.827305,27,985.428002
2.3959103,4,985.428031
8.009129,11,987.367374
8.059531,11,987.367457
3.197027,5,987.367469
16.022724,21,987.367478
21.62844,28,987.367486
8.807637,12,987.367494
24.034084,30,987.367501
16.022724,21,987.36751
18.426132,24,987.367518
5.600436,8,989.309414
4.926136,7,989.309559
7.207992,10,989.309597
6.409091,9,989.309631
24.029222,30,989.30966
2.3959103,4,989.30969
10.407253,14,989.309746
24.031849,30,991.512099
2.403409,4,991.512235
12.131499,16,991.512273
4.0056815,6,991.512299
3.1996822,5,991.512334
1.597429,3,991.512359
6.4068556,9,991.512385
18.479162,24,993.674566
9.613636,13,993.674659
12.012181,16,993.674675
0.91821903,2,993.674688
5.6030917,8,993.674699
21.62844,28,995.659796
8.810265,12,995.659883
16.82386,22,995.659898
8.056875,11,995.659913
6.409091,9,997.63925
24.034084,30,997.639348
21.623158,28,997.639374
24.031849,30,997.63939
6.409091,9,997.639407
8.011364,11,997.639424
1.597429,3,999.693209
15.221588,20,999.693294
1.597429,3,999.693316
24.029222,30,999.693335
9.613636,13,999.69335
12.815945,17,999.693365
10.412537,14,999.693379
3.2023098,5,999.693395
1.597429,3,1001.732641
7.2053647,10,1001.73276
2.4489145,4,1003.773153
16.017862,21,1003.773219
24.026566,30,1003.773235
24.031849,30,1003.773245
10.409909,14,1003.773255
24.034084,30,1003.773265
7.202709,10,1003.773275
23.22543,30,1003.773285
5.6030917,8,1003.773295
3.316345,5,1005.671275
12.065211,16,1005.671347
24.034084,30,1005.671362
6.409091,9,1005.671375
13.617081,18,1005.671385
4.806818,7,1005.671396
23.232948,30,1005.671405
7.207992,10,1005.671415
11.208389,15,1005.671425
4.1201367,6,1007.603934
23.232948,30,1007.603995
11.213673,15,1007.604007
7.207992,10,1007.604014
8.003845,11,1007.604021
24.026566,30,1007.604028
20.824678,27,1007.604034
15.274618,20,1007.604041
11.215908,15,1007.604047
3.9981632,6,1009.706331
7.258395,10,1009.706439
18.423897,24,1009.706471
24.034084,30,1009.706495
10.412537,14,1009.706518
3.2045453,5,1009.706542
13.619316,18,1009.706568
24.034084,30,1009.706589
24.029222,30,1009.706611
24.029222,30,1011.892856
1.6000372,3,1011.892942
8.810265,12,1011.892964
16.818998,22,1011.892982
2.4489145,4,1011.892996
1.597429,3,1011.893011
2.3959103,4,1011.893025
3.197027,5,1011.893039
15.219353,20,1011.893053
7.2102275,10,1011.893068
12.81818,17,1014.002512
16.020489,21,1014.002608
7.202709,10,1014.002634
1.597429,3,1014.002654
9.606117,13,1014.002674
17.617477,23,1016.10226
24.034084,30,1016.10232
10.414772,14,1016.10233
3.2023098,5,1016.102339
14.412933,19,1018.238858
3.1996822,5,1018.238945
2.5152087,4,1018.238969
16.816341,22,1018.238985
12.014809,16,1018.239002
2.398546,4,1018.239018
12.81818,17,1018.239034
10.414772,14,1018.23905
15.219353,20,1018.239067
3.2023098,5,1018.239083
4.053849,6,1018.2391
2.517864,4,1018.239116
6.404228,9,1018.239132
7.207992,10,1020.205542
13.617081,18,1020.205604
7.202709,10,1020.20562
12.815945,17,1020.205633
5.600436,8,1020.205646
6.4046197,9,1022.429009
6.409091,9,1022.429134
5.6030917,8,1022.429173
6.409091,9,1022.429202
7.3295455,10,1022.42923
12.017044,16,1022.429258
19.21975,25,1022.429286
5.6079545,8,1022.429315
13.619316,18,1022.429343
9.606117,13,1024.4952
5.600436,8,1024.495308
4.0056815,6,1024.495344
6.4068556,9,1026.623243
15.338671,20,1026.623363
2.398546,4,1026.623405
9.613636,13,1026.623435
14.415589,19,1026.623466
4.8045826,7,1026.623498
0.85192573,2,1026.623526
5.600436,8,1028.742941
13.619316,18,1028.743061
6.4068556,9,1028.7431
24.029222,30,1028.743132
5.605719,8,1028.743164
5.600436,8,1028.743195
10.414772,14,1028.743222
24.034084,30,1030.699174
3.2023098,5,1030.699287
12.012181,16,1030.69932
4.0008187,6,1030.699345
4.0056815,6,1030.69937
10.467802,14,1032.90034
1.597429,3,1032.900444
3.197027,5,1032.900477
20.023542,26,1032.900502
5.6030917,8,1035.102805
8.125819,11,1035.102876
13.617081,18,1035.102896
24.034084,30,1035.102913
20.026169,26,1035.102927
4.806818,7,1035.102941
15.221588,20,1035.102955
24.029222,30,1035.102969
12.866347,17,1035.102983
2.398546,4,1035.102997
6.4068556,9,1035.10301
21.62844,28,1035.103025
7.202709,10,1037.292387
14.420452,19,1037.292455
2.4011736,4,1037.292472
12.014809,16,1037.292488
18.418613,24,1037.2925
10.412537,14,1037.292512
21.630676,28,1037.292525
3.3645625,5,1039.47947
24.384502,30,1039.479529
18.017553,23,1039.479545
10.577417,14,1039.479557
12.864477,17,1039.47958
10.412554,14,1039.479591
2.3959103,4,1039.479601
12.009963,16,1039.479611
18.418613,24,1039.479624
4.7997365,7,1039.479634
21.630676,28,1041.51975
21.626612,28,1041.519838
12.017044,16,1041.519883
1.6000372,3,1043.645736
11.799704,15,1043.645925
10.414772,14,1043.645991
12.570618,16,1043.646032
12.810661,17,1043.646074
24.985188,30,1045.619297
24.02777,30,1045.619424
6.409091,9,1045.619462
24.034084,30,1045.619492
23.18408,29,1045.619522
19.225033,25,1045.619551
21.021513,26,1045.619579
7.999765,11,1045.619607
11.167039,14,1045.619637
10.407253,14,1045.619665
24.029222,30,1045.619695
2.4011736,4,1047.71609
12.012181,16,1047.71621
7.2053647,10,1047.716255
3.1996822,5,1047.716291
14.570419,18,1047.716322
4.7992997,7,1047.716349
3.1996822,5,1049.909036
11.662068,14,1049.909093
23.19134,30,1049.909105
5.952933,7,1049.909112
1.6471453,3,1049.90912
8.35491,10,1049.909127
22.431812,29,1049.909134
10.408456,14,1052.003678
12.215135,16,1052.00376
5.7273636,8,1052.003783
4.0056815,6,1052.0038
6.409091,9,1052.003817
15.988634,22,1052.003833
10.957176,13,1052.00385
4.806818,7,1052.003866
11.760968,14,1052.003882
12.014809,16,1052.003896
5.600436,8,1052.003912
13.619316,18,1052.003927
13.611797,18,1052.003944
4.9186177,7,1054.1954
23.392967,30,1054.195501
12.809646,17,1054.195534
7.952932,9,1054.195564
19.174921,23,1054.195588
22.95536,30,1054.19561
0.91561085,2,1056.335175
7.2008934,10,1056.335269
13.858697,16,1056.335292
13.619316,18,1056.335311
11.804378,14,1058.367259
2.3985653,4,1058.367324
2.403409,4,1058.36734
9.366073,12,1058.367352
3.1960104,5,1058.367364
17.620134,23,1058.367375
1.597429,3,1060.373869
22.600033,30,1060.373958
4.801955,7,1060.373972
10.952931,12,1060.373981
16.816341,22,1060.37399
12.556428,14,1060.373998
7.207992,10,1060.374007
1.597429,3,1060.374015
5.6016645,8,1062.335989
3.3238635,5,1062.336113
5.6008263,8,1062.336153
3.1996822,5,1062.336183
12.00665,16,1062.336211
5.9245434,7,1062.336243
3.1996822,5,1062.336271
6.4015727,9,1062.336297
24.025143,30,1062.336323
6.450965,9,1064.344302
7.2591777,10,1064.344691
16.011126,21,1064.344737
3.9981632,6,1064.344774
16.368923,20,1064.344808
5.6030917,8,1066.286495
10.412537,14,1068.282437
14.955575,16,1068.282514
1.597429,3,1068.282531
2.3959103,4,1070.326926
2.403409,4,1070.32706
8.8125,12,1070.327103
4.801955,7,1070.327134
4.7992997,7,1070.327166
22.838669,30,1070.327196
3.9981632,6,1072.439807
12.014809,16,1072.439947
7.207992,10,1074.484886
20.82954,27,1074.484986
21.759523,30,1074.485005
21.759523,30,1074.485019
24.026566,30,1074.485032
4.806818,7,1074.485046
6.404228,9,1074.485058
12.556428,14,1074.485069
13.619316,18,1076.473438
8.810265,12,1076.473544
4.8045826,7,1076.473557
2.398546,4,1076.473566
12.012181,16,1078.535799
9.608773,13,1078.535949
12.012963,16,1078.535986
15.221588,20,1078.536015
3.197027,5,1078.536042
2.3959103,4,1078.536067
8.003845,11,1080.38562
22.239452,30,1080.385735
21.404224,30,1080.385753
21.409088,30,1080.385769
8.011364,11,1080.385783
21.409088,30,1080.385795
10.412537,14,1080.385807
7.207992,10,1082.131776
16.015205,21,1082.131916
2.398546,4,1082.131957
10.412537,14,1082.131988
8.011364,11,1082.132018
2.4515762,4,1082.132048
8.807637,12,1082.132077
1.597429,3,1082.132104
0.8541667,2,1082.132132
22.120134,30,1082.132159
8.006501,11,1082.132187
16.017862,21,1082.132214
17.549917,24,1083.92033
8.006501,11,1083.920416
21.168215,30,1083.920428
22.000816,30,1083.920437
3.1996822,5,1085.708525
2.4515762,4,1085.713098
3.9981632,6,1085.713168
14.415954,19,1085.71319
8.123163,11,1085.713212
20.823225,27,1085.713231
21.04627,30,1085.713251
13.617081,18,1085.713269
9.608773,13,1085.713287
14.415954,19,1085.71331
21.764807,30,1087.488778
23.157871,30,1087.488875
21.764807,30,1087.488893
1.597429,3,1087.488906
4.801955,7,1087.48892
16.816732,22,1089.343108
14.420452,19,1089.343206
18.414562,24,1089.343226
20.81026,30,1089.343248
3.197027,5,1089.343281
20.81026,30,1089.343311
14.418217,19,1089.343364
2.398546,4,1089.343394
7.2102275,10,1089.343419
1.7193724,3,1091.084476
25.304579,30,1091.084583
4.0008187,6,1091.0846
7.202709,10,1091.084613
10.412537,14,1091.084624
12.009525,16,1091.084635
3.1996822,5,1091.084645
24.030005,30,1091.084656
1.597429,3,1091.084666
6.404228,9,1091.084679
3.2023098,5,1091.084688
8.4811,11,1092.804106
2.5660536,4,1092.804194
16.182741,21,1092.80421
16.017862,21,1092.804221
21.40196,30,1092.804231
6.566453,9,1092.804243
3.2023268,5,1092.804254
21.599422,30,1094.58506
13.972391,18,1094.585165
4.7992997,7,1094.585182
3.557625,5,1094.585193
20.454542,30,1094.585205
2.9610655,5,1094.585215
15.219353,20,1094.585225
21.284906,30,1094.585237
1.9583726,3,1094.585247
12.012181,16,1094.585258
20.454542,30,1094.585268
21.17045,30,1096.37283
21.60677,30,1096.372926
10.405829,14,1096.372942
24.025143,30,1096.372956
24.873795,26,1096.372968
2.3967478,4,1096.372979
6.9648986,9,1096.37299
3.1970465,5,1098.15358
3.1996822,5,1098.153701
8.003845,11,1098.15372
15.170093,19,1098.153739
5.050158,6,1099.962899
7.2102275,10,1099.962981
9.791395,12,1099.962993
24.987595,26,1099.963002
8.161328,10,1099.963009
4.802738,7,1099.963017
23.318176,30,1099.963025
21.599218,30,1099.963032
7.362427,9,1099.96304
18.426132,24,1099.963048
20.81026,30,1101.798756
15.216725,20,1101.798893
3.2045453,5,1101.798933
3.3238635,5,1101.798962
3.2500572,5,1101.798986
13.9681425,17,1101.799015
21.604502,30,1101.799041
17.172686,21,1101.799069
1.597429,3,1101.799093
2.4011736,4,1101.799116
2.398546,4,1103.617208
4.7992997,7,1103.617352
20.693178,30,1103.61739
3.197027,5,1103.617423
1.597429,3,1103.617449
2.4011736,4,1103.617475
3.2045453,5,1103.617501
20.571642,30,1105.462498
20.57386,30,1105.462584
3.316345,5,1105.462595
15.221588,20,1105.462602
3.197027,5,1105.462611
8.000207,11,1105.462619
3.9981632,6,1105.462626
20.774958,25,1105.462633
16.206778,19,1105.46264
12.810661,17,1105.462648
1.597429,3,1105.462655
1.6530674,3,1107.230387
4.0008187,6,1107.23048
21.606737,30,1107.230499
16.82386,22,1107.230513
5.6079545,8,1107.230527
13.670111,18,1107.230539
15.368104,18,1107.230552
22.840904,30,1107.230565
13.129088,15,1107.230577
5.6079545,8,1109.060487
24.030005,30,1109.0606
3.2045453,5,1109.060617
6.4015727,9,1109.060631
7.2102275,10,1109.060646
9.608773,13,1109.060658
3.2045453,5,1109.060671
10.414772,14,1110.826132
21.626596,28,1110.826228
19.222406,25,1110.826245
3.1996822,5,1110.826257
24.031849,30,1110.82627
8.807637,12,1112.591985
5.600436,8,1112.592083
2.3959103,4,1112.592105
3.2045453,5,1112.59212
4.801955,7,1112.592133
13.619316,18,1112.592146
4.801955,7,1114.374871
3.1996822,5,1114.374963
2.4011736,4,1114.374979
15.360186,17,1114.374993
3.2023098,5,1114.375006
11.211045,15,1114.375019
22.356113,30,1114.37503
11.208389,15,1116.143857
24.034084,30,1116.143944
3.197027,5,1116.143955
8.807637,12,1116.143964
5.6030917,8,1118.181188
22.117477,30,1118.181298
3.9981632,6,1118.184604
8.804981,12,1118.184629
1.597429,3,1119.980087
2.403409,4,1119.980176
1.597429,3,1119.980193
3.197027,5,1119.980207
3.9981632,6,1119.98022
11.213673,15,1121.709187
16.821625,22,1121.709276
6.404228,9,1121.709288
8.804981,12,1121.709298
4.0008187,6,1121.709307
6.454603,9,1121.709316
7.202709,10,1123.480489
13.611797,18,1123.480603
8.011364,11,1123.480622
10.412537,14,1123.480634
8.009129,11,1123.480646
14.420452,19,1123.480656
3.9981632,6,1123.480669
21.193985,23,1123.480715
7.202709,10,1125.319523
14.415589,19,1125.319607
23.232948,30,1125.319619
4.0008187,6,1125.319628
10.409909,14,1125.319638
9.613636,13,1125.319646
1.597429,3,1125.319654
3.197027,5,1127.153237
11.208389,15,1127.153354
3.1996822,5,1128.989282
16.015205,21,1128.989373
11.264075,15,1128.989393
1.597429,3,1128.989405
11.211045,15,1128.989419
9.613636,13,1130.795701
1.597429,3,1130.795839
3.2023098,5,1130.795864
11.211045,15,1130.795883
16.821625,22,1130.795901
8.810265,12,1130.795924
24.029222,30,1130.795943
15.216725,20,1130.795986
6.4068556,9,1132.589429
23.232948,30,1132.589529
12.810661,17,1132.589545
21.630676,28,1132.589558
11.211045,15,1132.589569
6.4572587,9,1132.58958
21.17045,30,1132.589592
11.213673,15,1134.397199
21.051132,30,1134.397332
4.0008187,6,1134.397354
11.211045,15,1134.39737
21.04627,30,1134.397388
8.807637,12,1136.213141
10.407253,14,1136.213239
5.6030917,8,1136.213254
24.02777,30,1136.213266
12.810661,17,1136.213277
0.91561085,2,1136.213287
13.664827,18,1136.213297
20.929579,30,1136.213307
9.606117,13,1136.213318
20.81026,30,1138.003628
16.020489,21,1138.003736
3.2023098,5,1138.003757
14.420452,19,1139.967479
20.026169,26,1139.967578
20.688335,30,1139.967589
20.688335,30,1139.967597
16.82386,22,1139.967607
20.57386,30,1141.822619
6.409091,9,1141.822767
20.571642,30,1141.822822
20.571642,30,1141.822886
5.6079545,8,1141.822933
8.009129,11,1143.685786
20.454542,30,1143.68588
20.454542,30,1143.685932
8.8125,12,1143.685945
8.810265,12,1143.685955
14.412933,19,1143.685963
16.821625,22,1145.484943
24.029222,30,1145.485039
11.208389,15,1145.485056
24.034084,30,1145.485068
23.437494,30,1145.48508
3.1970465,5,1145.485092
8.011364,11,1145.485104
22.597406,30,1145.485116
14.420452,19,1147.504113
11.208389,15,1147.504259
24.031849,30,1147.504308
3.1996822,5,1149.677123
24.031849,30,1149.677214
24.034084,30,1149.67723
23.795448,30,1149.677243
21.625814,28,1151.794887
5.600436,8,1151.795023
8.810265,12,1151.795056
2.398546,4,1151.795082
16.82386,22,1151.795106
1.597429,3,1151.79513
8.128447,11,1153.988235
8.011364,11,1153.988371
23.556812,30,1153.988403
22.424294,29,1156.068857
6.287537,9,1158.038875
23.795448,30,1158.038985
23.437494,30,1158.039009
23.435259,30,1159.945539
10.173901,14,1159.9457
16.582989,22,1159.94575
22.000816,30,1161.860348
21.52617,30,1163.811335
23.437494,30,1163.811489
23.193996,30,1165.912738
4.772727,8,1165.912886
15.749998,22,1165.912927
22.636358,30,1165.912958
6.136363,10,1165.912989
23.318176,30,1165.913016
23.318176,30,1165.913048
21.850142,30,1168.007301
21.162933,30,1170.018309
21.28977,30,1170.018419
18.841139,25,1172.149297
23.196623,30,1172.149382
21.284906,30,1172.149395
22.95536,30,1172.149405
22.602268,30,1174.050665
21.404224,30,1174.050822
22.444105,30,1175.991884
14.028408,20,1175.992035
22.210331,30,1177.956101
22.117477,30,1177.956225
22.480715,30,1180.041038
22.363632,30,1180.041215
21.014914,30,1182.015262
22.363632,30,1182.015426
21.88636,30,1182.015465
21.844858,30,1184.216875
22.244314,30,1184.217018
21.767042,30,1184.21706
21.881498,30,1184.217093
22.244314,30,1186.351331
22.091019,30,1188.329704
22.088783,30,1188.329807
22.086933,30,1188.329826
21.409088,30,1190.492516
21.409088,30,1190.492604
21.492188,30,1190.49262
21.88636,30,1190.49263
21.404224,30,1190.492641
21.404224,30,1190.492654
21.971695,30,1190.492665
21.818419,30,1190.492676
21.370241,30,1192.458484
22.333221,30,1192.458583
21.404224,30,1192.458604
21.647724,30,1194.435896
21.647724,30,1194.435995
21.168215,30,1194.43601
22.124996,30,1194.436022
21.33891,30,1194.436035
21.04627,30,1196.407635
21.255785,30,1196.407725
21.528406,30,1196.407742
21.494423,30,1196.407755
22.005678,30,1196.407766
21.051132,30,1196.407778
20.926952,30,1198.494207
20.926952,30,1198.494326
21.017149,30,1198.494354
21.28977,30,1200.47335
20.81026,30,1200.473448
21.282251,30,1200.473465
20.690943,30,1202.34126
20.693178,30,1202.341404
21.012287,30,1202.341448
20.688335,30,1202.34148
20.690943,30,1202.341509
20.57386,30,1204.424983
20.57386,30,1204.425109
20.656977,30,1204.425135
20.659195,30,1204.425155
21.136467,30,1204.425171
21.01492,30,1206.558156
20.929579,30,1206.558267
20.454542,30,1206.558285
20.690943,30,1206.558297
20.931814,30,1206.558309
20.539877,30,1206.558324
20.454542,30,1208.473061
20.539877,30,1208.473156
20.897831,30,1208.473176
20.539877,30,1210.356905
20.539877,30,1210.357008
20.693178,30,1210.357025
20.571642,30,1212.332001
20.454542,30,1212.33213
20.625237,30,1212.332175
20.454542,30,1212.332196
20.571642,30,1212.332213
20.571642,30,1212.33223
20.454542,30,1214.282254
20.454542,30,1214.282348
20.454542,30,1214.282363
20.454542,30,1216.243404
20.454542,30,1218.276177
20.454542,30,1218.276282
20.539877,30,1218.276299
20.454542,30,1220.366497
20.454542,30,1220.366601
20.540869,30,1220.366619
20.454542,30,1222.320589
20.659224,30,1224.50112
20.454542,30,1224.501221
20.539906,30,1226.705122
20.539906,30,1226.705237
20.454542,30,1226.705261
20.454542,30,1226.705278
20.454542,30,1226.705296
20.539906,30,1226.705311
20.454542,30,1226.705329
20.454542,30,1228.923352
20.454542,30,1231.05739
20.540869,30,1231.057527
20.545685,30,1233.034939
20.454542,30,1233.03504
20.454542,30,1233.035058
20.545685,30,1233.035069
20.57386,30,1234.956106
20.454542,30,1234.956219
20.454542,30,1236.880565
20.454542,30,1236.880677
20.454542,30,1238.859052
20.454542,30,1238.859176
20.454542,30,1240.841932
20.454542,30,1240.842065
13.636361,21,1242.831645
20.454542,30,1242.831787
20.454542,30,1242.831833
20.454542,30,1242.831862
20.454542,30,1244.87948
20.454542,30,1244.879583
20.454542,30,1244.879601
20.454542,30,1244.879614
20.454542,30,1246.799806
20.454542,30,1248.941058
20.454542,30,1248.941201
20.454542,30,1248.941244
20.454542,30,1250.943799
20.454542,30,1250.943938
20.454542,30,1250.943995
20.454542,30,1250.94403
20.454542,30,1250.944067
20.454542,30,1250.944111
20.454542,30,1250.944148
20.454542,30,1250.944186
20.688335,30,1252.938053
20.454542,30,1252.938171
20.454542,30,1252.9382
20.454542,30,1254.990393
20.454542,30,1254.990506
20.454542,30,1254.990528
20.454542,30,1254.990544
20.454542,30,1254.990563
20.454542,30,1257.081986
20.688335,30,1257.082103
20.454542,30,1257.082123
20.454542,30,1257.082137
20.454542,30,1257.082156
20.454542,30,1257.082177
20.571642,30,1259.025074
20.454542,30,1259.02524
20.454542,30,1259.025316
20.454542,30,1261.058101
20.454542,30,1261.058209
20.454542,30,1262.938759
20.454542,30,1262.938913
20.454542,30,1262.938945
20.454542,30,1262.938977
20.454542,30,1262.939003
20.454542,30,1264.933995
20.454542,30,1264.934127
20.454542,30,1264.93416
20.454542,30,1264.934186
20.454542,30,1264.934207
20.454542,30,1266.911434
20.454542,30,1266.911549
20.454542,30,1266.911574
20.454542,30,1266.911592
20.454542,30,1266.911609
20.57386,30,1266.911629
20.539877,30,1269.017287
20.454542,30,1269.017432
5.454545,9,1269.017468
13.636361,21,1269.017504
20.454542,30,1269.01753
20.454542,30,1271.216213
20.454542,30,1271.216354
20.454542,30,1271.216394
20.454542,30,1273.330099
20.454542,30,1273.330194
20.539877,30,1273.330211
20.454542,30,1273.330225
20.539877,30,1273.330236
20.454542,30,1273.330248
20.454542,30,1275.398664
20.539877,30,1275.398786
20.539877,30,1275.398811
20.454542,30,1277.46747
20.454542,30,1279.365127
20.454542,30,1279.365222
20.454542,30,1279.365241
20.539877,30,1281.289358
20.454542,30,1281.289471
20.454542,30,1281.289496
20.454542,30,1283.485359
20.454542,30,1285.610268
20.454542,30,1285.610368
20.454542,30,1287.784705
20.454542,30,1287.784826
20.539877,30,1287.784844
20.454542,30,1287.784858
20.454542,30,1287.784872
20.454542,30,1287.784886
20.539877,30,1289.892534
20.454542,30,1292.014431
20.454542,30,1292.014558
20.454542,30,1294.215175
20.454542,30,1294.215299
20.454542,30,1294.21533
20.454542,30,1294.215351
20.539877,30,1296.401672
20.454542,30,1296.401821
20.454542,30,1298.561496
20.454542,30,1298.561659
20.454542,30,1300.526634
20.539877,30,1300.526786
20.539877,30,1302.702033
20.454542,30,1302.702192
20.454542,30,1304.884752
20.454542,30,1304.884844
20.454542,30,1304.884862
20.539877,30,1304.884874
20.454542,30,1307.129565
20.454542,30,1307.129719
20.454542,30,1307.129762
20.454542,30,1307.129794
20.454542,30,1309.131142
20.454542,30,1311.151333
20.454542,30,1311.151504
20.454542,30,1311.151567
20.454542,30,1313.149688
20.454542,30,1313.149815
20.539877,30,1313.149838
20.454542,30,1313.149857
20.454542,30,1313.149912
20.454542,30,1313.149934
20.454542,30,1313.149952
20.454542,30,1315.135406
20.454542,30,1315.135501
20.539877,30,1315.13552
20.454542,30,1317.130979
20.454542,30,1317.131079
20.454542,30,1317.131094
20.454542,30,1317.131104
20.454542,30,1317.131116
20.454542,30,1319.160377
20.454542,30,1319.160497
20.454542,30,1319.160513
20.454542,30,1319.160526
20.454542,30,1319.160537
20.454542,30,1319.16055
20.454542,30,1321.093616
20.454542,30,1321.093721
20.454542,30,1321.093746
20.454542,30,1323.20872
20.454542,30,1323.208862
20.454542,30,1325.394207
20.540869,30,1325.394308
20.454542,30,1325.394324
20.454542,30,1325.394337
20.540869,30,1325.394349
20.454542,30,1327.579623
20.454542,30,1327.579717
20.454542,30,1327.579734
20.454542,30,1327.579746
20.454542,30,1327.579756
20.886234,30,1329.735598
20.571642,30,1329.735715
20.57386,30,1329.735744
20.571642,30,1329.735766
20.571642,30,1329.735785
20.454542,30,1329.735809
20.454542,30,1331.651463
20.454542,30,1331.651644
20.454542,30,1331.651696
20.454542,30,1331.651761
20.454542,30,1331.651805
20.454542,30,1333.673353
20.454542,30,1333.673445
20.454542,30,1333.673461
4.090909,7,1333.673473
20.454542,30,1335.677118
20.539877,30,1335.67722
20.454542,30,1335.677236
20.454542,30,1335.677249
20.539877,30,1335.677261
20.454542,30,1335.677272
20.454542,30,1337.621624
20.454542,30,1337.62176
20.454542,30,1337.621794
20.454542,30,1339.70969
20.454542,30,1341.873235
20.454542,30,1341.873327
20.454542,30,1341.873344
20.454542,30,1343.924458
20.539877,30,1343.924613
18.409088,28,1343.924655
20.454542,30,1343.924688
20.454542,30,1346.079421
20.454542,30,1348.007029
20.454542,30,1350.099305
20.454542,30,1350.099414
20.454542,30,1350.099431
20.454542,30,1350.099445
20.454542,30,1350.099457
20.454542,30,1350.099469
20.454542,30,1352.129046
20.454542,30,1354.208965
20.454542,30,1354.209086
20.539877,30,1356.2865
20.454542,30,1356.286599
20.539877,30,1356.286618
20.454542,30,1356.286631
13.636361,21,1358.37858
20.454542,30,1358.378662
20.454542,30,1358.378679
20.454542,30,1360.369761
20.539877,30,1360.369855
20.454542,30,1362.272213
20.454542,30,1362.272313
20.454542,30,1364.147862
20.539877,30,1364.148016
20.539877,30,1366.024718
20.625212,30,1366.0248
20.454542,30,1366.024813
20.454542,30,1366.024821
20.454542,30,1368.039189
20.454542,30,1368.039323
20.454542,30,1368.039356
20.539877,30,1368.039381
20.454542,30,1369.927464
20.454542,30,1371.842186
20.539877,30,1371.842329
20.539877,30,1371.842372
20.454542,30,1373.863144
20.454542,30,1373.863231
20.539877,30,1373.863243
20.539877,30,1373.863253
20.625212,30,1373.863263
20.539877,30,1373.863271
20.539877,30,1373.863279
20.454542,30,1375.798378
20.454542,30,1375.798482
20.454542,30,1377.899724
20.454542,30,1377.899819
20.454542,30,1377.899835
20.454542,30,1377.899848
20.454542,30,1377.899862
5.454545,9,1380.018762
20.454542,30,1380.018897
20.539877,30,1380.018937
12.272725,19,1380.018967
20.454542,30,1380.018992
20.539877,30,1380.019018
6.818181,11,1380.019043
20.454542,30,1380.01907
20.625212,30,1382.119292
20.454542,30,1382.119418
20.539877,30,1382.119465
20.539877,30,1384.299105
20.539877,30,1384.299198
20.539877,30,1386.467451
20.539877,30,1386.46754
20.454542,30,1386.467553
20.454542,30,1386.467564
20.454542,30,1386.467573
20.454542,30,1388.477798
20.454542,30,1388.477966
20.540869,30,1388.47799
20.539877,30,1388.478005
20.454542,30,1388.478018
20.454542,30,1390.450479
20.539877,30,1390.450574
20.454542,30,1390.450587
20.625212,30,1390.450596
20.63102,30,1390.450605
20.454542,30,1390.450616
20.656977,30,1392.450798
20.656977,30,1392.45093
20.886234,30,1392.450959
20.97157,30,1392.450988
20.659195,30,1392.45101
20.454542,30,1394.462345
20.539877,30,1394.462439
20.454542,30,1394.462455
20.454542,30,1394.462467
20.454542,30,1396.453692
20.539877,30,1396.453799
20.454542,30,1396.453816
20.454542,30,1396.453831
20.454542,30,1396.453845
20.454542,30,1396.453858
20.539877,30,1398.401499
20.454542,30,1398.401637
20.539877,30,1398.401669
20.454542,30,1400.581218
20.454542,30,1402.833541
20.454542,30,1402.833688
20.454542,30,1404.834778
20.539877,30,1404.834931
20.539883,30,1404.834972
20.454542,30,1404.835
20.539877,30,1406.758158
20.540047,30,1408.773784
20.454542,30,1410.7482
20.454542,30,1410.748306
20.539877,30,1410.748323
20.7375,30,1410.748337
20.454542,30,1410.74835
20.626204,30,1410.748364
11.8760805,18,1410.748375
20.545685,30,1412.690332
20.571642,30,1414.843534
20.57386,30,1414.84365
20.539877,30,1417.021699
20.539854,30,1417.021805
20.539877,30,1417.021828
20.736507,30,1417.021844
20.539877,30,1419.122194
20.653387,30,1419.122297
20.454542,30,1421.226114
20.454542,30,1421.226213
17.812582,27,1423.438329
20.454542,30,1423.438464
20.625212,30,1425.511719
19.17624,29,1425.511882
20.625189,30,1425.511923
20.454542,30,1427.71739
20.539877,30,1427.717531
20.454542,30,1427.717578
11.590907,18,1429.94571
20.539854,30,1429.945943
20.454542,30,1429.946019
20.651173,30,1429.946071
20.539854,30,1431.951335
20.539877,30,1434.017922
20.454542,30,1434.018031
20.539854,30,1434.018058
13.039879,20,1434.01808
2.403409,4,1434.018103
15.510225,23,1436.170118
20.454542,30,1436.170225
20.539877,30,1436.170243
20.653387,30,1436.170254
20.651173,30,1436.170267
20.454542,30,1436.17028
20.539854,30,1436.170293
20.545685,30,1438.283061
20.545685,30,1438.283164
0.85192573,2,1440.301214
20.886234,30,1440.301332
5.6030917,8,1440.301362
20.97157,30,1440.301385
20.656977,30,1440.301405
20.571642,30,1440.301424
20.539877,30,1440.301446
20.539877,30,1442.450828
20.454542,30,1442.450944
20.454542,30,1442.45096
20.454542,30,1442.450975
20.653387,30,1442.450987
20.539854,30,1442.450999
20.651173,30,1442.45101
20.454542,30,1442.451023
20.454542,30,1444.412134
20.454542,30,1444.41223
3.0829918,5,1444.412247
20.454542,30,1444.412262
20.539854,30,1446.604989
20.454542,30,1446.605119
11.590907,18,1448.851465
20.539877,30,1448.85164
20.454542,30,1448.851698
20.454542,30,1448.851752
2.3959103,4,1448.851797
20.653387,30,1448.851844
20.454542,30,1448.851888
5.1258187,8,1450.874291
20.653387,30,1450.874402
2.2792473,4,1450.874421
20.454542,30,1450.874434
20.454542,30,1450.874448
20.454542,30,1450.87446
20.539877,30,1452.824881
20.651173,30,1452.824966
20.454542,30,1452.824983
20.454542,30,1452.824995
20.651173,30,1452.825006
20.454542,30,1452.825019
20.454542,30,1455.023709
20.454542,30,1455.023864
20.454542,30,1455.023913
20.454542,30,1457.022344
20.539854,30,1457.02244
20.539877,30,1457.022456
20.454542,30,1457.022468
20.454542,30,1459.187307
11.060264,16,1459.187423
20.454542,30,1459.187448
8.656855,13,1459.187465
20.653421,30,1459.187483
20.454542,30,1459.187503
20.454542,30,1459.187521
20.454542,30,1459.187538
20.454542,30,1461.325544
20.454542,30,1461.325697
20.651371,30,1461.325738
20.454542,30,1463.505571
20.454542,30,1465.678233
20.540869,30,1465.678333
20.690943,30,1467.63446
20.454542,30,1467.634826
20.693178,30,1467.634908
20.688335,30,1467.634945
20.571642,30,1469.578011
20.454542,30,1471.479986
11.8247,18,1473.431666
20.454542,30,1473.431793
20.454542,30,1473.431834
20.454542,30,1473.43186
20.454542,30,1473.431888
20.454542,30,1473.431911
20.454542,30,1473.431932
20.454542,30,1475.442741
20.454542,30,1477.374996
20.454542,30,1477.375087
20.454542,30,1479.344317
20.454542,30,1479.344437
20.454542,30,1479.344456
20.454542,30,1479.34447
20.454542,30,1481.265266
13.431816,20,1481.265348
20.539877,30,1481.265359
20.454542,30,1483.18018
13.870154,21,1483.180299
20.454542,30,1483.180328
21.404224,30,1485.078067
21.28977,30,1486.943062
21.162933,30,1488.969975
21.165588,30,1488.970087
21.162933,30,1488.970105
21.043613,30,1490.949768
21.528406,30,1490.949924
21.043613,30,1490.954438
21.168215,30,1490.954534
2.7272727,5,1492.927981
20.81026,30,1494.971805
20.89297,30,1494.971907
20.81026,30,1494.971927
20.690943,30,1496.87548
20.778513,30,1496.875579
20.690943,30,1496.875597
20.863848,30,1496.875628
20.693178,30,1496.87564
20.693178,30,1498.936058
20.688335,30,1498.936193
20.924295,30,1500.850833
20.571642,30,1500.850956
20.539877,30,1500.85098
20.688335,30,1500.850997
20.539877,30,1502.818909
20.688335,30,1502.819004
19.694723,29,1502.819015
20.454542,30,1502.819023
20.625212,30,1502.819032
20.807634,30,1502.819039
20.454542,30,1502.819046
20.571642,30,1502.819053
20.690943,30,1504.855505
20.539877,30,1504.855609
20.454542,30,1504.855627
20.571642,30,1506.824609
20.656977,30,1506.824708
15.681815,24,1506.824723
20.539877,30,1508.931151
20.454542,30,1508.931305
20.454542,30,1508.931344
20.539877,30,1508.931375
20.454542,30,1508.931403
20.454542,30,1508.931429
20.454542,30,1508.931454
20.454542,30,1510.846265
20.539877,30,1510.846374
20.454542,30,1510.846401
20.539877,30,1510.846421
20.539877,30,1510.846442
20.454542,30,1510.84646
20.454542,30,1512.822744
20.539877,30,1512.822855
20.454542,30,1512.822879
20.625212,30,1512.822896
20.454542,30,1512.822912
20.454542,30,1512.822932
20.539877,30,1514.926106
20.738722,30,1514.926234
20.454542,30,1514.926272
19.772724,30,1517.126971
20.539877,30,1517.127068
20.625212,30,1517.127083
20.539877,30,1517.127094
20.539877,30,1519.224127
20.539877,30,1519.224271
20.454542,30,1519.224311
20.539877,30,1519.224351
20.454542,30,1519.22438
20.539877,30,1519.224408
20.454542,30,1519.224434
21.48742,30,1521.37883
18.409088,28,1521.37892
20.454542,30,1521.378937
2.7272727,5,1521.378948
20.454542,30,1521.37896
20.539877,30,1523.407313
20.454542,30,1525.679724
20.539877,30,1527.61454
20.454542,30,1527.614694
20.454542,30,1527.614738
20.454542,30,1527.61477
21.010153,30,1529.642644
20.454542,30,1531.721635
20.454542,30,1533.880194
20.454542,30,1533.880291
20.454542,30,1533.880309
20.454542,30,1533.880322
20.454542,30,1533.880334
20.540047,30,1533.880346
20.454542,30,1533.880358
20.454542,30,1535.914825
20.454542,30,1538.087682
20.454542,30,1538.087772
20.57386,30,1540.207867
20.571642,30,1540.207993
20.57386,30,1540.208024
20.571642,30,1540.208045
20.454542,30,1542.333581
20.454542,30,1542.333665
20.454542,30,1542.333676
20.454542,30,1544.306499
20.454542,30,1544.306646
8.863635,14,1544.306686
20.454542,30,1546.3558
20.539906,30,1548.271574
20.454542,30,1550.2034
20.454542,30,1550.203501
20.539877,30,1550.203522
20.892057,30,1552.358228
20.454542,30,1552.358344
20.454542,30,1552.358365
20.454542,30,1552.358381
20.454542,30,1554.344687
20.57386,30,1556.357962
12.272725,19,1556.358074
20.656977,30,1556.358093
20.539877,30,1556.358114
20.454542,30,1558.326347
21.375105,30,1558.326435
20.454542,30,1558.326447
20.454542,30,1558.326456
20.539877,30,1558.326465
20.454542,30,1560.413688
20.539877,30,1560.413857
20.454542,30,1562.432586
20.454542,30,1562.432733
20.454542,30,1562.432774
20.454542,30,1562.432806
20.454542,30,1564.542498
20.454542,30,1564.542599
20.454542,30,1564.542614
20.454542,30,1564.542628
20.454542,30,1564.54264
20.454542,30,1564.542652
20.539877,30,1564.542664
20.454542,30,1564.542675
21.048914,30,1566.469843
20.454542,30,1566.469965
20.454542,30,1566.470009
20.454542,30,1568.367683
20.571642,30,1568.367795
20.454542,30,1568.367814
20.539877,30,1570.248033
20.454542,30,1570.248163
20.539877,30,1570.248207
20.625212,30,1570.24824
20.539877,30,1570.248267
20.454542,30,1570.248295
20.539877,30,1570.248319
5.454545,9,1570.248343
20.539854,30,1572.259308
20.454542,30,1572.259417
20.539854,30,1572.259437
20.454542,30,1572.259453
20.454542,30,1572.259466
20.454542,30,1574.268516
20.539877,30,1574.268608
20.653387,30,1574.268625
20.454542,30,1574.268638
20.539877,30,1574.26865
20.770487,30,1574.268664
20.454542,30,1576.203159
20.454542,30,1576.203273
20.625212,30,1578.190049
20.539877,30,1578.190137
20.62601,30,1578.190149
20.539877,30,1580.305665
20.454542,30,1580.305755
14.999997,23,1580.305771
20.539877,30,1580.305784
20.539854,30,1580.305795
13.239687,20,1580.305806
20.454542,30,1580.305819
20.656977,30,1580.305849
20.539877,30,1580.30586
20.539854,30,1582.384513
20.539877,30,1582.384626
20.651173,30,1582.384645
20.454542,30,1582.384659
20.539877,30,1582.38467
20.539877,30,1584.588646
16.363634,25,1584.588747
20.539877,30,1586.624672
20.539877,30,1588.620348
20.626034,30,1588.620466
20.539877,30,1588.620493
20.625212,30,1588.620511
20.62535,30,1590.813593
20.625217,30,1592.977132
20.454542,30,1595.092003
20.539906,30,1595.092124
20.454542,30,1595.09215
20.653387,30,1595.09217
20.454542,30,1595.092189
20.540047,30,1597.272071
20.454542,30,1599.264478
20.454542,30,1599.264567
20.454542,30,1601.316806
20.454542,30,1601.316965
20.545685,30,1601.317006
20.656977,30,1603.518163
20.768272,30,1603.518302
20.57386,30,1603.518339
20.539877,30,1605.595688
20.625353,30,1605.595803
20.539877,30,1605.595821
20.454542,30,1607.786248
20.625353,30,1609.720905
20.625353,30,1611.786165
20.653387,30,1611.786256
20.454542,30,1611.786269
20.454542,30,1613.783135
20.539854,30,1613.783235
20.539877,30,1613.783255
20.539877,30,1615.902934
20.454542,30,1617.996946
20.454542,30,1617.997046
20.454542,30,1617.997063
20.539877,30,1617.997079
20.454542,30,1620.033283
12.272725,19,1620.03338
20.454542,30,1620.033399
20.653395,30,1620.033414
20.539877,30,1620.03343
20.73873,30,1620.033444
17.562649,26,1620.033458
20.710716,30,1622.119099
20.454542,30,1622.119191
20.454542,30,1624.211294
20.454542,30,1624.211426
20.539877,30,1624.211459
20.62524,30,1624.211485
20.540047,30,1626.358024
20.454542,30,1626.358171
20.737669,30,1626.358197
20.539877,30,1626.358219
20.540047,30,1626.358243
20.454542,30,1626.358261
20.454542,30,1626.35828
20.454542,30,1626.358301
20.539877,30,1628.284958
20.660187,30,1628.285052
20.688335,30,1630.30366
20.69096,30,1630.303767
20.690943,30,1630.303789
20.571642,30,1632.38233
20.57386,30,1632.382429
20.886234,30,1632.382448
20.886234,30,1632.382463
20.571642,30,1632.382476
20.571642,30,1632.38249
20.57386,30,1632.382503
20.454542,30,1632.382516
20.454542,30,1634.402025
20.539877,30,1634.402142
20.454542,30,1634.40217
20.454542,30,1634.402194
20.454542,30,1634.402212
20.454542,30,1636.510113
20.545685,30,1636.510246
20.539877,30,1636.510285
20.454542,30,1636.510316
20.545685,30,1636.510344
20.454542,30,1636.510378
20.571642,30,1638.667769
20.57386,30,1638.667861
20.454542,30,1640.735401
20.454542,30,1640.735533
20.454542,30,1640.735564
20.454542,30,1642.650009
20.454542,30,1642.650136
20.454542,30,1642.650158
20.454542,30,1642.650174
20.454542,30,1642.65019
20.454542,30,1642.650208
20.454542,30,1642.650223
20.539877,30,1642.650238
20.454542,30,1644.638038
20.454542,30,1644.638174
20.454542,30,1644.638208
20.454542,30,1644.638233
20.454542,30,1644.638256
20.454542,30,1646.619379
20.539877,30,1646.619497
20.454542,30,1648.732975
20.539877,30,1650.707123
20.454542,30,1650.707265
20.454542,30,1650.707301
20.454542,30,1650.707327
20.539877,30,1652.877723
20.454542,30,1654.992758
20.539877,30,1657.088779
20.454542,30,1657.088878
20.454542,30,1657.088898
20.454542,30,1657.088912
20.454542,30,1657.088925
20.454542,30,1659.211957
20.454542,30,1661.455778
20.454542,30,1661.455881
20.454542,30,1663.50849
20.454542,30,1663.508635
20.454542,30,1663.508674
20.454542,30,1665.714082
20.454542,30,1665.714222
20.539877,30,1665.714244
20.454542,30,1667.932427
20.454542,30,1667.932557
20.454542,30,1667.932585
20.454542,30,1669.895745
20.539906,30,1672.018017
20.454542,30,1674.171485
20.540047,30,1674.171567
20.454542,30,1674.17158
20.454542,30,1676.36424
20.540869,30,1676.364341
20.454542,30,1676.364368
20.454542,30,1678.338761
20.454542,30,1680.382041
20.886234,30,1680.382131
20.886234,30,1680.382148
20.454542,30,1680.382164
20.454542,30,1682.326907
20.454542,30,1682.32705
20.454542,30,1682.32709
20.454542,30,1682.327122
20.454542,30,1682.32717
20.454542,30,1682.327204
20.454542,30,1682.327234
20.454542,30,1684.322613
20.454542,30,1684.322712
8.181817,13,1684.322729
16.363634,25,1684.322742
20.539877,30,1686.441026
20.539877,30,1686.441168
20.454542,30,1686.441295
20.454542,30,1686.441326
20.539877,30,1688.405558
20.539877,30,1688.405655
20.454542,30,1688.405666
20.539877,30,1688.405675
20.454542,30,1688.405683
20.539877,30,1688.405691
20.454542,30,1688.405698
20.539877,30,1688.405705
20.454542,30,1690.490294
20.454542,30,1690.490391
20.454542,30,1692.56356
20.454542,30,1692.56365
20.454542,30,1692.563662
20.454542,30,1694.677186
20.454542,30,1694.677283
20.454542,30,1694.677299
20.454542,30,1694.677313
20.454542,30,1694.677325
20.454542,30,1694.677337
20.454542,30,1694.677349
20.454542,30,1696.718797
20.454542,30,1696.718889
20.454542,30,1696.718907
20.454542,30,1696.718921
20.454542,30,1696.718933
20.454542,30,1698.937236
20.454542,30,1698.937378
20.454542,30,1698.937417
20.454542,30,1698.937449
20.454542,30,1698.937477
20.454542,30,1698.937512
20.454542,30,1700.947547
20.454542,30,1700.94765
20.454542,30,1702.935852
20.454542,30,1702.935986
20.454542,30,1702.936018
20.539877,30,1705.020825
20.454542,30,1705.020928
20.454542,30,1705.020948
20.454542,30,1705.020962
20.454542,30,1705.020974
20.454542,30,1705.020987
20.539877,30,1705.021
20.454542,30,1705.021013
20.454542,30,1707.124129
20.454542,30,1707.124278
10.227271,16,1707.124315
20.539877,30,1707.124345
7.6193175,12,1707.124372
20.539877,30,1707.124397
20.539877,30,1707.124422
20.454542,30,1709.244206
20.454542,30,1709.244342
20.539877,30,1711.27563
20.454542,30,1713.18931
20.539877,30,1713.189415
20.539877,30,1713.189435
20.454542,30,1713.189448
20.454542,30,1715.404004
20.454542,30,1717.545599
20.454542,30,1719.531062
20.454542,30,1719.531151
20.454542,30,1719.531163
20.454542,30,1719.531172
20.539877,30,1721.524569
20.454542,30,1723.618965
20.454542,30,1723.619058
20.539877,30,1725.70925
20.454542,30,1725.7094
20.454542,30,1725.709442
20.539877,30,1727.88187
20.454542,30,1727.881965
20.454542,30,1727.881977
20.454542,30,1729.903422
20.539877,30,1729.903566
20.539877,30,1729.903606
20.454542,30,1732.088352
20.539877,30,1734.303096
7.499999,12,1734.303203
20.454542,30,1736.48996
20.539877,30,1736.490055
20.540047,30,1738.614665
20.454542,30,1738.614771
20.539877,30,1738.614791
20.454542,30,1740.817313
20.454542,30,1743.076889
20.539877,30,1743.076984
20.454542,30,1743.077003
20.545685,30,1743.077021
20.656977,30,1745.076897
20.656977,30,1745.077005
20.57386,30,1745.077022
20.656977,30,1745.077036
20.571642,30,1745.077051
20.571642,30,1745.077063
20.454542,30,1747.063236
20.454542,30,1747.063324
20.454542,30,1747.063336
20.454542,30,1747.063345
20.454542,30,1749.066488
20.454542,30,1749.066568
20.454542,30,1749.066581
20.454542,30,1749.066591
20.539877,30,1750.96597
20.454542,30,1750.966058
20.454542,30,1750.96607
20.454542,30,1750.96608
20.454542,30,1750.966089
20.454542,30,1750.966098
20.454542,30,1750.966105
20.454542,30,1750.966115
20.454542,30,1752.903005
20.454542,30,1752.903119
20.454542,30,1755.10369
20.454542,30,1755.103797
20.454542,30,1755.103817
20.454542,30,1757.302632
20.539883,30,1757.302768
20.454542,30,1757.302805
20.454542,30,1757.302835
20.454542,30,1757.302864
20.454542,30,1757.302889
20.454542,30,1757.302914
20.454542,30,1759.421745
20.454542,30,1759.421836
20.454542,30,1759.421856
20.454542,30,1759.421872
20.454542,30,1759.421913
20.454542,30,1761.568254
20.454542,30,1761.568346
20.540047,30,1761.568362
20.454542,30,1761.568375
20.454542,30,1761.568387
20.454542,30,1761.568401
20.454542,30,1763.563274
20.454542,30,1763.563365
20.454542,30,1765.528719
20.545685,30,1765.528865
20.454542,30,1765.528904
8.181817,13,1765.528937
20.454542,30,1767.619407
20.886234,30,1767.619525
20.57386,30,1767.619556
20.886234,30,1767.619577
20.57386,30,1767.619598
20.454542,30,1767.619619
20.57386,30,1767.61964
20.57386,30,1767.61966
20.454542,30,1769.784789
20.454542,30,1769.784881
20.454542,30,1769.784899
20.454542,30,1769.784913
20.454542,30,1769.784927
20.454542,30,1769.78494
20.454542,30,1769.784969
20.454542,30,1771.912998
20.454542,30,1774.234376
20.454542,30,1776.228035
20.454542,30,1776.228181
20.454542,30,1776.228222
20.454542,30,1776.228252
20.454542,30,1778.34972
20.454542,30,1780.45139
20.454542,30,1782.39318
20.454542,30,1782.393296
20.454542,30,1782.393318
20.454542,30,1782.393335
20.454542,30,1784.496892
20.454542,30,1786.571025
20.454542,30,1786.571115
20.454542,30,1788.601104
20.454542,30,1788.601276
20.454542,30,1788.601308
20.454542,30,1790.731578
20.539877,30,1790.731702
20.539877,30,1790.731728
20.454542,30,1792.774273
20.454542,30,1792.774372
20.454542,30,1792.774389
20.454542,30,1794.938786
20.539877,30,1796.94461
20.454542,30,1796.944774
20.454542,30,1798.90857
20.454542,30,1798.908661
20.454542,30,1801.073697
20.454542,30,1801.0738
20.454542,30,1803.141538
20.454542,30,1805.398034
20.539877,30,1805.398143
20.454542,30,1805.398167
20.454542,30,1805.398192
20.454542,30,1807.540852
20.454542,30,1807.541005
20.454542,30,1807.541043
17.72727,27,1807.541074
20.454542,30,1807.541103
20.454542,30,1807.541142
20.454542,30,1807.541171
20.454542,30,1809.475381
20.539877,30,1809.475482
20.454542,30,1809.475498
20.454542,30,1809.475511
20.454542,30,1811.427606
20.454542,30,1811.427722
20.454542,30,1811.42775
20.539877,30,1811.427771
20.454542,30,1813.4869
20.454542,30,1813.487
20.539877,30,1813.487019
20.454542,30,1813.487035
20.454542,30,1813.487047
20.454542,30,1813.48706
20.454542,30,1813.487073
20.454542,30,1815.523921
20.539877,30,1815.524018
20.454542,30,1817.515302
20.539877,30,1817.515403
20.454542,30,1817.515419
20.454542,30,1819.675783
20.454542,30,1819.6759
20.454542,30,1819.675916
20.454542,30,1819.675928
20.454542,30,1819.675939
20.454542,30,1819.675949
20.625212,30,1819.675959
20.454542,30,1821.806122
20.625212,30,1821.806235
20.454542,30,1821.806264
20.454542,30,1821.806287
20.539877,30,1821.806305
20.454542,30,1824.057729
20.539877,30,1824.057832
20.454542,30,1824.057849
20.454542,30,1824.057862
20.454542,30,1824.057873
20.454542,30,1824.057927
20.539877,30,1826.080637
20.539877,30,1826.080737
20.454542,30,1828.12261
20.454542,30,1828.122723
20.454542,30,1828.12275
20.625212,30,1828.122771
20.539877,30,1830.128928
20.454542,30,1830.129045
20.539877,30,1830.129069
20.539877,30,1830.129082
20.454542,30,1830.129096
20.539877,30,1830.129109
20.539877,30,1830.129123
20.454542,30,1830.129136
20.454542,30,1832.11432
20.454542,30,1832.114427
20.539877,30,1832.114445
20.539877,30,1832.11446
20.454542,30,1832.114474
20.539877,30,1832.114486
20.454542,30,1832.114499
20.539877,30,1834.299254
20.454542,30,1836.416338
20.454542,30,1838.623576
20.454542,30,1838.623668
20.625212,30,1838.623681
20.454542,30,1838.62369
20.454542,30,1840.693054
20.62524,30,1842.690983
20.539877,30,1844.756606
20.539877,30,1844.756716
20.454542,30,1844.756733
20.454542,30,1844.756748
20.539877,30,1846.83973
20.539877,30,1848.837545
20.454542,30,1848.83763
20.57386,30,1850.771632
20.57386,30,1850.771729
20.886234,30,1850.771745
20.454542,30,1852.767544
20.539877,30,1852.767634
20.539877,30,1852.767649
20.454542,30,1854.770483
20.454542,30,1854.770581
20.454542,30,1854.770597
20.454542,30,1856.737339
20.539883,30,1858.770333
20.539883,30,1858.770424
20.539906,30,1860.714216
20.539906,30,1860.714312
20.454542,30,1863.000127
20.454542,30,1863.000259
20.454542,30,1865.208646
20.454542,30,1867.29426
20.454542,30,1867.294383
20.454542,30,1867.294416
20.454542,30,1867.294447
20.454542,30,1869.492107
20.57386,30,1869.492214
20.57386,30,1869.492231
20.571642,30,1869.492243
20.571642,30,1869.492255
20.57386,30,1869.49227
20.454542,30,1869.492282
20.454542,30,1871.718163
20.454542,30,1871.71827
20.454542,30,1871.718287
20.454542,30,1871.718301
20.454542,30,1874.086361
20.454542,30,1874.086464
20.454542,30,1874.086483
20.454542,30,1874.086497
20.454542,30,1876.224155
20.454542,30,1876.224267
20.454542,30,1876.22429
20.454542,30,1876.22431
20.454542,30,1876.224326
20.454542,30,1876.224361
20.454542,30,1876.224376
20.454542,30,1878.356729
20.454542,30,1878.356851
20.454542,30,1880.62353
20.454542,30,1880.623627
20.454542,30,1880.623644
20.454542,30,1882.816261
20.454542,30,1882.816365
20.454542,30,1882.816394
20.454542,30,1882.81641
20.454542,30,1882.816424
20.454542,30,1882.816436
20.454542,30,1882.816449
20.454542,30,1884.995942
20.454542,30,1884.996049
20.454542,30,1884.996073
20.454542,30,1884.996092
20.454542,30,1884.996106
20.454542,30,1887.116963
20.454542,30,1887.117072
20.454542,30,1887.117095
20.454542,30,1887.117112
20.454542,30,1887.117128
20.454542,30,1887.117147
20.454542,30,1889.323872
20.454542,30,1889.324025
20.454542,30,1891.533973
20.454542,30,1891.534095
20.454542,30,1891.534118
20.454542,30,1891.534132
20.539877,30,1893.674146
20.454542,30,1893.674244
20.454542,30,1893.67426
20.454542,30,1893.674272
20.539877,30,1893.674283
20.454542,30,1893.674295
20.454542,30,1893.674306
20.454542,30,1893.674316
20.454542,30,1895.631428
20.454542,30,1895.631531
20.539877,30,1895.631553
20.454542,30,1895.631576
20.454542,30,1895.631591
20.539877,30,1895.631603
20.454542,30,1895.631617
20.454542,30,1897.71155
20.454542,30,1899.892092
1.3636364,3,1899.892204
20.454542,30,1901.914117
20.454542,30,1901.914225
20.454542,30,1901.914249
20.454542,30,1901.914266
20.454542,30,1904.055333
20.454542,30,1906.156801
20.454542,30,1908.104926
20.454542,30,1908.105056
20.454542,30,1908.105084
20.539877,30,1908.105106
20.539877,30,1910.210033
20.454542,30,1912.51446
20.454542,30,1912.514617
20.539877,30,1914.709002
20.539877,30,1914.709115
20.454542,30,1914.709139
20.454542,30,1916.952388
20.454542,30,1916.952531
20.539877,30,1916.952568
20.539877,30,1919.018554
20.454542,30,1919.018696
20.454542,30,1919.018736
20.454542,30,1921.223545
20.539877,30,1923.318607
20.454542,30,1923.318724
20.454542,30,1925.433018
20.454542,30,1925.433126
20.539877,30,1927.386796
20.454542,30,1927.38692
15.767156,24,1927.386947
20.539877,30,1929.321734
20.454542,30,1931.352216
20.454542,30,1931.352327
20.454542,30,1931.352345
20.454542,30,1931.352365
20.539877,30,1933.256272
20.539877,30,1933.256392
20.539877,30,1933.256414
20.454542,30,1933.256433
20.454542,30,1933.256451
20.539877,30,1933.256477
12.272725,19,1933.256493
20.454542,30,1933.256511
20.454542,30,1935.279955
20.454542,30,1935.280053
20.454542,30,1935.280071
20.454542,30,1935.280085
20.454542,30,1937.263112
20.454542,30,1937.263198
20.454542,30,1937.26321
20.454542,30,1937.26322
20.454542,30,1939.28578
20.454542,30,1939.285966
20.454542,30,1939.285991
20.454542,30,1939.286007
20.539883,30,1939.28602
20.454542,30,1939.286032
20.454542,30,1941.288095
20.454542,30,1941.288217
20.454542,30,1943.360265
20.454542,30,1943.360363
20.454542,30,1943.360379
20.454542,30,1945.321726
20.454542,30,1945.321822
20.454542,30,1945.321834
20.454542,30,1945.321843
20.454542,30,1945.321853
20.454542,30,1945.321862
20.454542,30,1945.32187
20.63102,30,1947.441681
20.454542,30,1947.441823
20.454542,30,1947.441867
20.454542,30,1947.441937
20.539877,30,1947.441973
20.57386,30,1949.398239
20.57386,30,1949.398342
20.454542,30,1949.398359
20.886234,30,1949.398373
20.659195,30,1949.398384
20.656977,30,1949.398398
20.454542,30,1951.491575
20.454542,30,1951.49167
20.454542,30,1953.624173
20.454542,30,1953.624312
20.454542,30,1953.624351
20.454542,30,1953.624383
20.454542,30,1955.786415
20.454542,30,1955.78674
20.454542,30,1955.786819
20.539877,30,1955.786838
20.454542,30,1955.786855
20.454542,30,1955.78687
20.454542,30,1957.748051
20.454542,30,1957.748208
20.454542,30,1957.748245
20.539877,30,1957.748279
20.454542,30,1957.748309
20.539877,30,1957.748338
20.454542,30,1957.748367
20.539877,30,1959.640337
20.454542,30,1961.400822
20.454542,30,1961.400925
20.454542,30,1963.2375
20.539877,30,1963.237661
20.454542,30,1963.241925
12.272725,19,1963.242003
20.454542,30,1963.242027
4.772727,8,1963.24205
20.454542,30,1965.028017
20.454542,30,1966.778087
20.539877,30,1968.530542
20.454542,30,1968.530737
20.539877,30,1968.530764
20.539877,30,1968.530781
20.454542,30,1970.360619
20.539877,30,1972.08202
20.454542,30,1972.082119
20.454542,30,1973.835996
20.454542,30,1973.836089
20.539877,30,1973.836104
20.454542,30,1975.627668
20.454542,30,1975.627764
20.454542,30,1975.627779
20.454542,30,1977.425862
20.539877,30,1977.425991
20.454542,30,1977.426005
20.454542,30,1979.184997
20.539877,30,1980.952072
20.454542,30,1980.952176
20.625212,30,1982.792191
20.539877,30,1984.585112
20.539877,30,1984.585213
20.539877,30,1984.585233
20.454542,30,1986.353197
20.539877,30,1988.095877
20.454542,30,1988.095961
20.454542,30,1988.095973
20.454542,30,1988.095983
20.539877,30,1989.922792
20.454542,30,1989.92288
20.625212,30,1989.922897
20.539877,30,1989.922908
20.539877,30,1989.92292
20.454542,30,1989.922934
20.625212,30,1989.922944
20.454542,30,1989.922955
20.539877,30,1991.676863
20.454542,30,1991.676976
20.454542,30,1991.676995
20.454542,30,1991.67701
20.454542,30,1993.405652
20.454542,30,1993.405745
20.539877,30,1993.405763
20.454542,30,1993.405776
20.454542,30,1995.133159
20.625353,30,1995.133264
20.454542,30,1995.133281
20.454542,30,1995.133296
20.539877,30,1995.133307
20.625212,30,1995.133319
20.454542,30,1996.977985
20.539877,30,1996.978077
20.539877,30,1998.759624
20.539877,30,1998.75974
20.625353,30,1998.759757
8.863635,14,1998.759776
20.454542,30,2000.531158
20.571642,30,2000.53125
20.97157,30,2000.531261
20.571642,30,2000.53127
20.571642,30,2000.531279
20.74467,30,2000.531287
20.57386,30,2000.531295
20.630026,30,2002.337749
20.539877,30,2002.337847
20.454542,30,2002.337866
20.539877,30,2002.337882
20.539877,30,2004.203239
20.625212,30,2004.203358
20.454542,30,2004.203384
20.539877,30,2004.203404
20.539877,30,2004.203423
20.539877,30,2004.203444
20.539883,30,2005.963669
20.625217,30,2005.963757
20.539877,30,2007.753666
20.539877,30,2007.753808
20.454542,30,2007.753845
20.539906,30,2007.753875
20.454542,30,2009.592227
20.539877,30,2009.592344
20.539877,30,2009.592368
20.454542,30,2009.592384
20.454542,30,2009.5924
20.454542,30,2009.592417
20.454542,30,2011.390025
20.539877,30,2011.390109
20.539877,30,2011.390122
20.454542,30,2011.390132
20.454542,30,2011.390141
20.626204,30,2011.390148
20.454542,30,2011.390157
2.7272727,5,2013.153598
5.454545,9,2013.153706
7.499999,12,2013.153725
20.454542,30,2013.153739
20.659195,30,2014.999248
20.454542,30,2014.999384
4.090909,7,2014.999418
14.403514,22,2014.999441
20.454542,30,2016.813366
2.7272727,5,2016.813485
20.454542,30,2016.813504
7.499999,12,2016.813521
20.454542,30,2016.813537
20.454542,30,2016.813552
20.539877,30,2016.813565
20.539877,30,2016.81358
20.454542,30,2018.614427
20.539877,30,2020.426023
20.539877,30,2022.262111
20.539877,30,2022.262205
20.539877,30,2022.262217
20.454542,30,2022.262226
20.539877,30,2024.07891
1.597429,3,2025.907897
20.454542,30,2025.907992
20.454542,30,2025.908015
4.003446,6,2025.908026
20.539877,30,2027.678769
20.539877,30,2027.678869
20.454542,30,2029.439304
20.539877,30,2029.439453
20.539877,30,2031.271756
20.454542,30,2031.271849
20.539877,30,2031.271861
20.454542,30,2033.074655
20.630028,30,2034.916036
20.454542,30,2034.916147
20.539877,30,2036.668164
20.72132,30,2038.505004
20.454542,30,2038.505149
20.539877,30,2038.505187
20.57386,30,2040.302957
20.454542,30,2042.109037
20.454542,30,2042.109117
20.540047,30,2042.10913
20.53988,30,2042.109141
20.454542,30,2043.89291
20.454542,30,2043.893046
20.454542,30,2043.893077
20.454542,30,2043.893101
20.454542,30,2043.893123
20.454542,30,2043.893152
20.539906,30,2043.893174
20.454542,30,2043.893197
20.454542,30,2045.686644
20.454542,30,2045.686736
20.454542,30,2045.686755
20.571642,30,2047.551036
20.571642,30,2047.55115
20.571642,30,2047.551191
20.662785,30,2047.551213
20.454542,30,2049.549056
20.454542,30,2049.549179
20.545685,30,2049.561342
20.454542,30,2049.561382
20.454542,30,2049.561398
20.57386,30,2051.418766
10.463673,16,2051.418866
20.454542,30,2053.325114
20.454542,30,2053.325254
20.454542,30,2053.325288
20.454542,30,2053.325323
20.454542,30,2055.265687
20.454542,30,2055.265786
20.454542,30,2055.265802
20.454542,30,2055.265814
20.454542,30,2055.265826
20.454542,30,2055.265836
20.454542,30,2055.265847
20.454542,30,2057.097266
20.454542,30,2057.097358
20.454542,30,2057.097373
20.454542,30,2058.87593
20.454542,30,2058.876021
20.454542,30,2058.876036
20.454542,30,2058.876048
20.454542,30,2058.87606
20.454542,30,2060.693187
20.454542,30,2060.693336
20.454542,30,2062.560296
20.454542,30,2062.560401
20.454542,30,2062.560418
20.454542,30,2064.387359
20.454542,30,2064.387452
5.454545,9,2064.38747
20.454542,30,2064.387484
20.454542,30,2064.387496
20.454542,30,2064.387508
20.454542,30,2064.38752
21.404224,30,2066.213263
20.571642,30,2066.213357
20.688335,30,2066.213383
20.571642,30,2066.213398
20.688335,30,2066.213412
20.454542,30,2066.213423
20.807634,30,2066.213435
20.454542,30,2068.024561
20.571642,30,2068.024652
20.454542,30,2068.024664
20.688335,30,2068.024673
21.162933,30,2069.862339
20.454542,30,2069.862429
20.454542,30,2069.862443
20.454542,30,2071.732482
21.043613,30,2071.732576
21.04627,30,2071.732593
20.454542,30,2071.732607
20.454542,30,2071.732619
21.043613,30,2071.732631
21.043613,30,2071.732643
21.04627,30,2071.732654
20.931814,30,2073.631429
20.688335,30,2077.422037
20.688335,30,2077.422145
20.688335,30,2077.422165
4.090909,7,2079.279037
20.571642,30,2079.27913
20.454542,30,2081.132592
20.688335,30,2081.13274
20.454542,30,2081.132786
20.454542,30,2081.132816
20.454542,30,2082.99105
20.454542,30,2082.99115
20.656977,30,2084.813105
20.454542,30,2084.813208
20.539877,30,2086.711925
20.454542,30,2086.712015
20.539877,30,2086.712031
20.454542,30,2088.578906
20.454542,30,2090.42363
20.454542,30,2090.423726
20.454542,30,2092.266304
20.539877,30,2094.125221
20.454542,30,2094.12532
20.539877,30,2094.125339
20.454542,30,2095.974668
20.454542,30,2097.786662
20.454542,30,2097.786754
20.454542,30,2097.78677
20.454542,30,2097.786787
20.454542,30,2099.612568
20.539877,30,2099.612675
20.454542,30,2099.612699
20.454542,30,2099.612716
20.454542,30,2099.612733
20.454542,30,2099.612755
20.454542,30,2099.612771
20.539877,30,2099.612788
20.539877,30,2101.567542
20.539877,30,2101.567643
20.454542,30,2101.56766
20.539877,30,2103.407157
20.454542,30,2103.407306
20.454542,30,2103.40735
20.539877,30,2105.299978
20.539877,30,2105.300065
20.539877,30,2105.300078
20.539877,30,2105.300088
20.454542,30,2105.300096
20.454542,30,2107.180408
20.539877,30,2107.180497
20.454542,30,2109.025706
20.454542,30,2109.02582
20.454542,30,2109.025842
20.454542,30,2109.025867
20.454542,30,2110.931605
20.454542,30,2110.931851
20.454542,30,2110.931872
20.454542,30,2110.93189
20.539877,30,2110.931907
20.454542,30,2110.931942
20.625212,30,2110.931984
20.539877,30,2112.81701
20.454542,30,2112.817112
17.130787,26,2112.81713
20.539877,30,2112.817143
20.539877,30,2114.663805
20.653387,30,2114.663918
20.454542,30,2114.663935
20.625212,30,2114.663948
20.454542,30,2114.663965
20.454542,30,2116.644837
20.454542,30,2116.64495
20.454542,30,2118.549789
20.539877,30,2118.550004
4.090909,7,2118.550037
20.454542,30,2118.550055
20.53985,30,2120.403544
2.398546,4,2120.40364
20.454542,30,2120.403657
20.454542,30,2120.403671
20.454542,30,2120.403683
20.454542,30,2120.403695
20.539877,30,2120.403707
20.539877,30,2122.223705
20.539877,30,2122.2238
20.454542,30,2122.223819
20.454542,30,2122.223833
20.539877,30,2122.223846
20.454542,30,2122.223859
4.202278,6,2122.223871
20.539877,30,2124.235687
20.539883,30,2124.235855
20.454542,30,2124.235918
20.539877,30,2124.235952
1.480736,3,2124.235982
20.539877,30,2126.18675
4.0056815,6,2126.186841
20.539877,30,2126.186853
5.806817,8,2126.186863
20.539906,30,2126.186871
20.454542,30,2128.013006
20.539877,30,2128.01312
20.539877,30,2128.013138
2.398546,4,2128.013151
20.454542,30,2128.013163
20.454542,30,2128.013193
20.539877,30,2128.013204
20.454542,30,2128.013214
20.539877,30,2128.013225
1.6504337,3,2129.794425
20.454542,30,2129.794521
1.597429,3,2131.620225
3.2045453,5,2133.535767
20.539877,30,2133.535872
20.57386,30,2133.535891
20.571642,30,2133.535907
20.454542,30,2135.441612
20.539877,30,2135.44174
3.2023098,5,2135.441761
20.454542,30,2137.315801
20.454542,30,2137.315952
20.454542,30,2137.315997
20.454542,30,2137.316026
7.2102275,10,2139.317361
4.122764,6,2139.317506
20.454542,30,2139.317544
20.454542,30,2139.31758
5.6079545,8,2141.143817
8.011364,11,2141.143988
7.2053647,10,2141.144052
6.409091,9,2141.144098
20.539906,30,2141.144139
4.806818,7,2141.144187
20.539906,30,2141.144228
5.6079545,8,2143.128399
20.454542,30,2143.128543
20.454542,30,2143.12857
20.539877,30,2143.128591
6.409091,9,2143.128611
17.72727,27,2144.991028
9.096699,12,2144.991128
6.409091,9,2144.991143
4.0056815,6,2144.991155
20.539877,30,2144.991166
5.6079545,8,2144.991177
4.0056815,6,2144.991188
9.611418,13,2146.874156
20.63102,30,2146.874264
20.74453,30,2146.879005
12.81818,17,2148.715085
20.571642,30,2148.715179
8.398522,11,2148.7152
20.539877,30,2150.635859
6.9648986,9,2150.635955
3.2045453,5,2150.635973
20.454542,30,2150.63599
2.403409,4,2152.584354
21.01015,30,2152.584451
18.16359,27,2152.584474
4.760184,6,2152.584486
12.131891,16,2152.584498
20.454542,30,2154.476016
15.270147,20,2154.476109
21.129465,30,2154.476121
20.454542,30,2154.47613
5.8124995,9,2154.476138
2.403409,4,2154.476149
20.454542,30,2154.476157
20.454542,30,2156.342166
20.454542,30,2156.342279
20.454542,30,2156.342303
20.454542,30,2156.34232
20.454542,30,2156.342339
12.81818,17,2156.342357
20.454542,30,2156.342379
20.454542,30,2156.342397
20.454542,30,2156.342416
20.539883,30,2158.282861
8.8125,12,2158.282965
20.454542,30,2158.282982
2.4011736,4,2158.282996
15.219353,20,2158.283011
20.539906,30,2160.119164
4.0056815,6,2160.119266
21.48742,30,2160.119284
3.3238635,5,2160.119299
20.454542,30,2160.119312
15.338671,20,2160.119326
20.454542,30,2162.031632
21.095655,30,2162.031721
20.454542,30,2162.031738
16.149975,23,2162.03175
20.540047,30,2162.031763
20.454542,30,2163.960959
20.454542,30,2163.961086
20.454542,30,2165.806739
20.454542,30,2165.806832
20.454542,30,2165.806849
20.454542,30,2165.806864
9.372764,13,2165.806876
20.571642,30,2167.692554
20.454542,30,2167.692654
20.454542,30,2167.692667
20.57386,30,2167.692677
20.57386,30,2167.692688
20.454542,30,2169.506055
20.454542,30,2169.506155
20.454542,30,2169.506171
20.454542,30,2171.366047
20.454542,30,2171.366147
20.454542,30,2171.366163
20.454542,30,2171.366177
20.571642,30,2175.176327
22.005678,30,2175.176433
20.454542,30,2177.091597
21.010153,30,2177.091694
20.454542,30,2177.091715
22.840904,30,2178.920346
22.838669,30,2178.920472
22.597797,30,2180.860683
22.600033,30,2182.78374
22.476244,30,2184.715155
22.239843,30,2184.715252
22.242079,30,2184.715269
21.406853,30,2184.715282
21.28977,30,2186.633858
21.767042,30,2188.577095
22.124996,30,2190.51584
22.999962,30,2192.421425
20.931814,30,2192.42153
21.884125,30,2194.393653
21.406853,30,2194.39378
23.909502,30,2194.393807
21.528406,30,2196.296235
21.528406,30,2196.296342
21.409088,30,2196.296358
21.287535,30,2196.296372
23.549812,30,2198.210171
21.647724,30,2198.210268
21.406853,30,2198.210292
20.57386,30,2198.210307
21.528406,30,2200.111219
22.475946,30,2200.111334
21.048897,30,2200.111356
20.454542,30,2200.111374
23.430492,30,2200.111393
21.048914,30,2202.094109
20.72727,30,2202.094207
21.409088,30,2202.094227
20.931814,30,2202.094243
20.931814,30,2202.094261
20.931814,30,2202.094278
21.28977,30,2203.996155
20.929596,30,2203.996257
21.051132,30,2205.882909
21.17045,30,2205.883012
17.16477,26,2207.726264
3.409091,6,2207.726368
20.57386,30,2207.72639
9.545453,15,2207.726408
15.681815,24,2207.726426
20.57386,30,2207.726442
20.931814,30,2209.597765
20.454542,30,2209.597868
20.931814,30,2209.597951
20.931814,30,2209.597986
20.931814,30,2209.597998
20.812496,30,2211.448649
20.812496,30,2211.448763
20.454542,30,2211.448783
20.812496,30,2211.448801
20.812496,30,2211.448816
20.454542,30,2211.448839
20.454542,30,2211.448854
20.454542,30,2213.374304
20.454542,30,2213.374391
20.693178,30,2213.374402
20.454542,30,2213.37441
20.693178,30,2213.374418
20.693178,30,2213.374426
20.693178,30,2213.374435
20.454542,30,2213.374442
20.693178,30,2213.37445
20.57386,30,2215.256155
20.57386,30,2215.25628
20.57386,30,2215.256308
20.57386,30,2215.256334
20.454542,30,2217.222412
20.454542,30,2217.222504
20.454542,30,2217.222519
3.9981632,6,2217.222532
20.454542,30,2217.222544
20.454542,30,2217.222555
20.454542,30,2217.222566
1.6504337,3,2217.222577
4.053849,6,2217.222588
20.454542,30,2219.137718
20.454542,30,2219.137806
20.454542,30,2219.137817
20.454542,30,2219.137826
20.454542,30,2221.084741
20.454542,30,2221.084845
20.454542,30,2222.959157
20.454542,30,2222.959264
20.454542,30,2222.95928
20.454542,30,2222.959298
20.454542,30,2222.959309
20.454542,30,2224.90435
20.454542,30,2224.904443
20.454542,30,2224.904459
20.454542,30,2224.904472
4.0056815,6,2224.904484
20.454542,30,2224.904495
2.517864,4,2224.904505
20.454542,30,2226.715775
20.454542,30,2226.715877
20.454542,30,2226.715892
1.597429,3,2226.715904
3.1996822,5,2228.609745
20.454542,30,2228.609835
3.9981632,6,2228.609851
1.597429,3,2228.609864
20.454542,30,2228.609874
20.454542,30,2228.610397
5.600436,8,2228.61428
20.454542,30,2228.614334
1.597429,3,2228.614352
5.656122,8,2230.555835
1.597429,3,2232.421859
7.3295455,10,2232.42201
8.003845,11,2232.422035
20.454542,30,2232.422056
20.454542,30,2232.422074
5.6079545,8,2232.422091
7.207992,10,2232.422107
3.2045453,5,2232.422124
8.011364,11,2234.307888
5.7224097,8,2234.307988
20.454542,30,2234.308006
20.454542,30,2234.308019
20.454542,30,2234.308033
8.011364,11,2236.239086
3.197027,5,2236.239181
20.454542,30,2236.239197
2.403409,4,2236.239211
4.117481,6,2236.239224
3.1996822,5,2238.27234
10.409909,14,2238.27243
20.454542,30,2238.272444
12.070074,16,2238.272453
1.597429,3,2238.272463
3.197027,5,2238.272471
10.412537,14,2240.146027
20.454542,30,2240.14616
2.398546,4,2242.17662
4.8045826,7,2242.17671
9.613636,13,2242.176722
13.611797,18,2242.176731
10.412537,14,2242.176738
7.2102275,10,2242.176746
12.012181,16,2242.176754
20.454542,30,2242.176762
2.398546,4,2242.17677
20.454542,30,2242.176778
20.454542,30,2242.176786
20.454542,30,2242.176794
12.014809,16,2242.176802
12.017044,16,2244.075366
7.202709,10,2244.075458
20.454542,30,2244.075469
4.0008187,6,2244.075478
20.454542,30,2245.917445
4.8549857,7,2245.917592
13.617081,18,2245.917628
2.398546,4,2245.917655
1.597429,3,2245.917681
20.454542,30,2247.84102
11.211045,15,2247.841112
11.208389,15,2247.841126
1.597429,3,2247.841137
6.4068556,9,2249.803681
2.4011736,4,2249.803795
1.7215909,3,2249.803826
20.454542,30,2249.803853
20.454542,30,2249.803877
2.4011736,4,2249.8039
2.398546,4,2249.803926
9.608773,13,2249.803951
4.7992997,7,2251.703023
20.454542,30,2251.703153
20.454542,30,2251.70718
20.454542,30,2251.70723
1.597429,3,2253.524909
20.454542,30,2253.52501
20.454542,30,2253.525033
18.42127,24,2253.525051
15.219353,20,2253.525069
20.454542,30,2253.525085
20.454542,30,2255.491598
10.412537,14,2255.491694
20.454542,30,2255.491707
20.454542,30,2255.491717
20.454542,30,2255.491725
20.454542,30,2257.312391
20.454542,30,2257.312503
20.454542,30,2257.312525
20.454542,30,2257.312541
20.454542,30,2257.312558
20.454542,30,2259.228739
20.454542,30,2259.228858
8.807637,12,2259.228889
20.454542,30,2259.228915
20.454542,30,2259.228939
20.454542,30,2259.228963
20.454542,30,2259.228986
20.454542,30,2261.211851
20.454542,30,2261.211958
7.4147716,11,2263.177054
20.454542,30,2265.153496
23.310658,30,2265.153618
23.19134,30,2265.153644
20.571642,30,2266.996218
20.454542,30,2266.996311
20.454542,30,2266.996331
20.571642,30,2266.996345
20.454542,30,2266.996358
23.074678,30,2268.857767
23.19134,30,2270.748805
22.840904,30,2270.748918
23.074678,30,2274.56416
23.07954,30,2274.564281
22.597406,30,2274.564298
23.07954,30,2274.564311
22.721586,30,2274.564327
22.35877,30,2278.432205
22.721586,30,2280.370823
22.124996,30,2282.231222
22.361397,30,2282.23131
22.124996,30,2282.231323
22.600033,30,2282.231334
22.600033,30,2284.263342
22.478088,30,2284.263425
21.884125,30,2286.191671
21.881498,30,2286.191771
21.878841,30,2286.191786
22.35877,30,2286.1918
21.76218,30,2288.002749
21.645489,30,2289.909359
22.475431,30,2289.90947
21.647724,30,2289.909493
21.88636,30,2289.909512
21.642862,30,2291.919057
21.52617,30,2291.9192
21.520887,30,2291.919235
21.406853,30,2293.814066
21.881498,30,2293.814209
22.117477,30,2293.814226
21.406853,30,2293.814234
21.28977,30,2295.69195
21.287535,30,2295.692053
21.287535,30,2295.692071
21.767042,30,2295.692083
21.165588,30,2297.597488
21.048897,30,2299.4414
21.051132,30,2299.441492
21.051132,30,2299.441509
21.048897,30,2299.441522
21.048897,30,2299.441534
21.528406,30,2299.441547
21.048897,30,2299.44156
21.048897,30,2299.441572
20.926952,30,2301.335753
20.931814,30,2301.335876
20.931814,30,2301.335907
2.0454545,4,2301.335931
20.807634,30,2303.298765
20.807634,30,2303.298887
20.812496,30,2303.298913
20.812496,30,2303.298932
20.81026,30,2303.298953
20.690943,30,2305.198995
1.3636364,3,2305.199125
20.693178,30,2305.199164
20.690943,30,2305.199186
20.571642,30,2307.02407
20.571642,30,2307.024173
20.571642,30,2307.02419
20.571642,30,2307.024204
20.571642,30,2307.024216
20.57386,30,2307.024228
20.571642,30,2307.02424
20.57386,30,2307.024254
20.454542,30,2308.999708
20.454542,30,2308.999844
20.539877,30,2308.99988
20.454542,30,2308.999905
20.454542,30,2310.892276
20.454542,30,2310.892407
20.454542,30,2310.892447
20.539877,30,2310.892473
20.454542,30,2310.892497
20.454542,30,2310.892519
20.539877,30,2312.701684
20.539877,30,2312.701813
20.454542,30,2312.701848
20.454542,30,2312.701873
20.454542,30,2312.701931
16.363634,25,2314.595019
20.454542,30,2314.59514
2.1625543,4,2314.595171
20.454542,30,2314.595193
20.454542,30,2314.595212
16.363634,25,2314.595231
20.539877,30,2314.595249
4.772727,8,2314.595268
20.454542,30,2314.595287
20.454542,30,2316.485837
11.676242,18,2316.486
20.454542,30,2316.486019
20.539877,30,2316.486033
20.454542,30,2316.486045
20.454542,30,2316.486056
20.454542,30,2316.486069
20.454542,30,2316.486081
20.454542,30,2318.298927
20.454542,30,2318.299033
20.454542,30,2320.106422
20.454542,30,2322.074681
20.454542,30,2322.074769
1.597429,3,2322.074823
20.454542,30,2322.074836
20.539877,30,2323.924288
20.454542,30,2323.924419
20.454542,30,2323.924442
20.454542,30,2325.845856
20.454542,30,2327.7872
20.454542,30,2327.787331
1.6000372,3,2327.787358
1.6000372,3,2329.637454
20.539877,30,2331.57772
20.454542,30,2331.57781
20.454542,30,2331.577824
20.454542,30,2331.577837
20.454542,30,2331.577848
20.539877,30,2335.353506
20.454542,30,2337.302517
20.454542,30,2339.16488
20.454542,30,2339.164963
20.625212,30,2339.164982
10.909089,17,2341.037619
20.454542,30,2341.037735
20.539877,30,2341.03776
20.454542,30,2342.939846
20.454542,30,2342.939996
20.454542,30,2342.940032
20.625212,30,2342.940068
20.454542,30,2344.903621
20.454542,30,2346.778747
20.539877,30,2346.778845
20.454542,30,2346.778862
20.454542,30,2346.778876
20.454542,30,2348.632433
20.539877,30,2348.632561
20.454542,30,2348.63259
20.454542,30,2350.549857
20.454542,30,2350.554086
20.625212,30,2350.554117
20.454542,30,2352.534396
20.454542,30,2352.534547
20.454542,30,2352.534591
20.539877,30,2352.53462
20.454542,30,2354.492076
20.454542,30,2356.305208
20.454542,30,2356.305325
20.539877,30,2356.305351
20.454542,30,2356.305372
20.539877,30,2356.305396
20.454542,30,2356.305417
20.454542,30,2358.206578
20.454542,30,2358.206686
20.454542,30,2358.206704
20.454542,30,2358.206724
20.540869,30,2360.051595
20.540869,30,2360.051707
20.454542,30,2360.05173
20.454542,30,2360.05177
20.454542,30,2360.051788
20.545685,30,2361.92394
20.454542,30,2361.924048
20.545685,30,2361.924066
20.454542,30,2361.92408
20.454542,30,2363.849685
20.454542,30,2363.849812
20.571642,30,2363.849833
20.571642,30,2363.849854
20.571642,30,2363.849871
20.886234,30,2363.849908
20.571642,30,2363.849939
20.454542,30,2365.780219
20.454542,30,2365.780329
20.454542,30,2365.780345
20.454542,30,2367.647804
20.454542,30,2367.647916
20.454542,30,2367.647938
20.454542,30,2367.647954
20.454542,30,2367.64797
20.454542,30,2367.647987
20.454542,30,2369.612487
20.454542,30,2369.612586
21.759523,30,2369.612604
20.77367,30,2369.612616
20.571642,30,2369.61263
20.539877,30,2371.513641
20.929579,30,2371.513759
20.454542,30,2371.513782
21.284906,30,2371.513798
20.454542,30,2371.513812
20.454542,30,2371.513825
20.897831,30,2371.513839
20.57386,30,2371.513852
20.77367,30,2371.513867
20.776278,30,2373.423359
20.688335,30,2373.423442
20.454542,30,2373.423455
20.454542,30,2373.423464
20.454542,30,2373.423473
20.571642,30,2373.423481
20.454542,30,2373.42349
20.804998,30,2375.485731
20.454542,30,2375.485825
21.162933,30,2377.370042
20.812496,30,2379.280747
20.773699,30,2379.280844
20.454542,30,2379.280863
20.454542,30,2381.203564
20.539883,30,2381.203679
21.051132,30,2383.086675
8.181817,13,2383.086783
20.931814,30,2385.003926
20.454542,30,2385.004018
20.571642,30,2385.004038
20.688335,30,2386.949802
20.689114,30,2388.893337
20.688335,30,2388.893472
20.571642,30,2388.893502
20.690943,30,2388.893524
20.690943,30,2388.893549
20.454542,30,2392.607975
20.454542,30,2394.476379
20.454542,30,2396.511682
20.454542,30,2396.511818
20.454542,30,2396.511867
11.590907,18,2398.410591
20.454542,30,2398.410715
20.454542,30,2398.410737
20.454542,30,2398.410754
20.454542,30,2400.339295
20.454542,30,2400.339402
20.454542,30,2400.339418
20.454542,30,2400.339441
20.454542,30,2402.338954
20.454542,30,2404.285834
20.454542,30,2404.285972
20.454542,30,2404.285992
20.454542,30,2404.286006
20.454542,30,2406.101972
20.454542,30,2406.102072
20.454542,30,2406.102087
2.403409,4,2406.102101
20.454542,30,2407.989589
20.454542,30,2407.989679
20.454542,30,2407.98969
20.454542,30,2409.885008
4.806818,7,2409.885112
20.454542,30,2409.88513
20.454542,30,2409.885146
20.454542,30,2409.885158
20.454542,30,2411.78433
20.454542,30,2413.637736
20.454542,30,2413.637854
20.454542,30,2413.637877
14.999997,23,2413.637907
20.454542,30,2413.637922
20.454542,30,2413.637941
20.454542,30,2413.637958
20.454542,30,2415.659906
20.454542,30,2415.660034
20.454542,30,2415.670338
20.454542,30,2417.595337
20.454542,30,2417.595484
20.454542,30,2417.59552
20.454542,30,2417.595547
20.454542,30,2417.595576
3.2045453,5,2417.595599
20.454542,30,2419.472461
20.454542,30,2419.472548
20.454542,30,2419.472562
20.454542,30,2419.472571
20.454542,30,2421.382859
20.454542,30,2421.382954
3.3190005,5,2421.382966
2.4011736,4,2421.382975
20.454542,30,2421.382982
20.454542,30,2421.382991
10.909089,17,2421.382999
20.454542,30,2421.383007
20.454542,30,2421.383015
2.403409,4,2421.383023
4.8045826,7,2423.297353
20.454542,30,2423.297464
20.454542,30,2423.297492
20.454542,30,2423.29751
1.597429,3,2425.212785
20.454542,30,2425.212898
20.454542,30,2425.212926
20.454542,30,2425.212947
15.221588,20,2425.212966
20.454542,30,2425.212986
20.454542,30,2425.213006
20.454542,30,2425.213027
2.398546,4,2427.151171
20.454542,30,2427.151297
20.454542,30,2427.151331
20.454542,30,2427.151354
20.454542,30,2427.15138
20.454542,30,2429.260014
17.62276,23,2429.260128
20.454542,30,2429.260146
1.6504337,3,2429.260161
20.454542,30,2429.260177
2.398546,4,2429.26019
20.454542,30,2429.260203
20.454542,30,2429.260217
20.454542,30,2429.260231
20.454542,30,2429.260245
20.454542,30,2429.260257
20.454542,30,2429.260271
6.4015727,9,2431.225765
20.454542,30,2431.225907
20.454542,30,2431.225942
20.454542,30,2431.225966
20.454542,30,2431.22599
5.6534667,8,2431.226014
20.454542,30,2431.226038
20.454542,30,2431.226084
4.8045826,7,2431.226105
3.197027,5,2431.226126
20.454542,30,2431.226146
20.454542,30,2433.142449
3.9981632,6,2433.14255
9.611401,13,2433.142569
20.454542,30,2433.142583
3.197027,5,2433.142596
12.954543,20,2435.000563
20.539877,30,2435.000664
3.1996822,5,2435.00068
8.009129,11,2435.000692
2.4011736,4,2435.000705
4.0008187,6,2435.000723
1.6000372,3,2435.000743
3.316345,5,2435.00076
2.3967428,4,2436.928984
8.94897,14,2436.929123
5.600873,8,2436.92916
20.454542,30,2436.92919
12.014809,16,2436.929216
20.454542,30,2436.929244
8.977381,12,2436.929276
20.454542,30,2436.929301
20.454542,30,2438.8215
5.157236,7,2438.821588
13.666026,18,2438.821599
4.5681815,7,2438.821607
20.454542,30,2438.821614
2.757267,4,2438.821622
5.605719,8,2438.821629
6.409091,9,2438.821636
24.030005,30,2440.769271
7.1986284,10,2440.769357
2.4515698,4,2440.769372
10.405829,14,2440.769385
20.454542,30,2440.769397
4.0056815,6,2440.769408
20.454542,30,2442.629483
7.191749,9,2442.629604
20.454542,30,2442.629628
3.9529767,5,2442.629646
6.409091,9,2442.629664
9.659147,13,2442.629683
10.782882,16,2444.664946
13.619316,18,2444.665075
5.7601547,7,2444.665097
19.340271,25,2444.665113
20.454542,30,2446.51033
2.403409,4,2446.510426
20.454542,30,2446.510443
21.248783,30,2446.510455
8.357559,10,2446.510467
20.454542,30,2446.51048
17.624996,23,2448.420333
3.197027,5,2448.420427
17.839693,26,2448.420444
11.765831,14,2448.420457
7.320991,10,2448.42047
4.003446,6,2450.327168
20.454542,30,2450.327277
2.403409,4,2450.3273
5.605719,8,2450.327315
4.0008187,6,2450.327328
9.756061,11,2452.379663
20.454542,30,2452.379756
4.801955,7,2452.379773
15.811303,19,2452.379785
12.691343,17,2454.304579
2.7272727,5,2456.197403
20.454542,30,2456.197504
9.367871,13,2456.197523
22.600033,30,2456.197537
20.454542,30,2458.093728
22.48295,30,2458.093829
23.791368,30,2458.093845
20.454542,30,2458.09386
20.454542,30,2460.020609
9.664772,15,2460.020733
21.48742,30,2461.91095
20.454542,30,2461.915593
20.454542,30,2463.862741
20.454542,30,2463.862854
20.454542,30,2463.862874
23.07954,30,2465.716081
20.454542,30,2467.62444
9.455363,14,2467.62459
22.960222,30,2467.624637
20.454542,30,2473.417979
22.559341,30,2475.298158
22.475431,30,2475.298308
20.454542,30,2475.298335
22.48295,30,2475.298353
12.952415,19,2477.114674
22.361397,30,2477.114772
22.356113,30,2477.114791
21.168215,30,2478.942566
22.242079,30,2478.942665
21.999363,30,2482.783122
22.084698,30,2482.783285
20.807634,30,2484.68287
21.964176,30,2484.682966
20.804998,30,2484.683025
21.76218,30,2486.529493
21.767042,30,2486.529632
20.688335,30,2486.529675
21.846087,30,2486.529708
21.767042,30,2486.529738
20.77367,30,2486.529766
20.778513,30,2486.529794
20.690943,30,2486.529823
21.647724,30,2488.489252
21.640205,30,2488.489354
21.641771,30,2488.489372
21.05124,30,2488.489386
21.76218,30,2488.489401
21.72554,30,2488.489414
20.454542,30,2490.416478
20.522724,29,2490.416575
12.954543,20,2490.416591
21.61374,30,2490.416606
21.61374,30,2490.416618
21.404224,30,2492.315423
20.009233,29,2492.315572
21.409088,30,2492.315611
21.492188,30,2492.315643
21.40157,30,2492.315673
21.492188,30,2492.315704
21.486904,30,2492.315739
21.37287,30,2494.283448
21.759523,30,2494.283558
21.28977,30,2494.283577
21.28977,30,2494.28359
21.28977,30,2494.283602
21.37287,30,2494.283616
21.284906,30,2494.283628
20.688335,30,2496.11944
21.168215,30,2496.119525
20.688335,30,2496.119539
21.165588,30,2498.011457
21.04627,30,2498.011559
19.653513,29,2498.011578
20.571642,30,2498.01159
20.571642,30,2498.011603
20.929579,30,2499.886881
1.597429,3,2499.887022
20.454542,30,2499.887046
20.454542,30,2499.887081
21.014914,30,2499.89158
20.454542,30,2501.768439
20.539877,30,2501.768553
20.454542,30,2501.768569
20.454542,30,2501.768584
20.454542,30,2503.724829
20.539877,30,2503.724925
20.539877,30,2503.724941
20.778513,30,2503.724955
20.690943,30,2503.724968
20.57386,30,2505.810081
20.57386,30,2505.810227
20.57386,30,2505.810259
20.57386,30,2505.8103
20.656977,30,2505.810322
20.454542,30,2507.70734
20.454542,30,2507.707435
3.197027,5,2507.70745
20.454542,30,2507.707461
20.539877,30,2507.707472
20.454542,30,2507.707482
1.597429,3,2509.667116
20.454542,30,2509.667244
20.454542,30,2509.667269
20.539877,30,2509.667285
3.2045453,5,2511.667049
20.454542,30,2511.667166
4.003446,6,2511.667185
1.597429,3,2511.6672
20.454542,30,2513.532278
20.539877,30,2513.53241
20.454542,30,2513.532454
20.454542,30,2513.532481
3.9981632,6,2513.532506
20.454542,30,2515.543109
1.597429,3,2515.543208
20.454542,30,2515.543225
20.454542,30,2515.543236
1.597429,3,2515.543249
20.454542,30,2515.543259
2.3959103,4,2515.543269
2.3959103,4,2517.434895
7.2053647,10,2517.43499
20.454542,30,2517.435007
20.454542,30,2517.435019
7.2102275,10,2517.435031
7.32731,10,2519.364522
20.454542,30,2519.364623
20.539877,30,2519.364637
20.539883,30,2521.221511
20.454542,30,2521.221598
20.454542,30,2521.22161
20.454542,30,2523.130075
20.454542,30,2525.082571
20.454542,30,2525.08267
20.454542,30,2525.08269
18.409088,28,2528.790374
20.57386,30,2530.601542
20.454542,30,2532.478822
20.454542,30,2532.478909
20.454542,30,2532.478921
20.454542,30,2534.424135
20.454542,30,2534.424263
20.454542,30,2534.424291
20.454542,30,2536.426122
20.454542,30,2536.426222
8.41561,13,2540.135062
20.454542,30,2540.13521
20.454542,30,2540.135251
20.454542,30,2542.081102
20.454542,30,2542.081207
20.454542,30,2542.081225
20.454542,30,2543.89842
20.454542,30,2543.898521
20.454542,30,2543.898539
20.454542,30,2543.898552
20.454542,30,2543.898564
20.454542,30,2543.898575
20.454542,30,2543.898587
20.454542,30,2543.898599
20.454542,30,2545.68601
20.454542,30,2545.68611
20.454542,30,2545.686129
20.571642,30,2545.686143
20.454542,30,2545.686157
20.454542,30,2545.68617
20.571642,30,2547.452462
20.454542,30,2547.452579
20.454542,30,2547.452597
20.571642,30,2547.452614
20.571642,30,2547.452627
20.571642,30,2549.28415
20.571642,30,2549.284246
20.454542,30,2549.284263
20.454542,30,2549.284277
20.454542,30,2549.28429
20.454542,30,2549.284303
20.454542,30,2549.284318
20.454542,30,2551.095937
21.99816,30,2551.09604
20.454542,30,2551.096057
20.454542,30,2551.096071
20.454542,30,2551.096085
20.454542,30,2551.096096
21.878841,30,2552.922527
21.88636,30,2552.922627
21.881498,30,2552.922645
21.764807,30,2554.790801
21.759523,30,2554.790939
21.645489,30,2556.64053
21.647724,30,2556.640672
21.647724,30,2556.640713
21.528406,30,2558.503267
21.528406,30,2558.508775
21.406853,30,2560.286573
21.404224,30,2560.286665
4.772727,8,2560.28668
21.40157,30,2560.286693
21.409088,30,2560.286705
21.282251,30,2562.170731
21.284906,30,2562.170832
21.28977,30,2562.17085
21.282251,30,2562.170865
21.162933,30,2564.01615
21.168215,30,2564.016276
21.162933,30,2564.016299
21.168215,30,2564.016318
21.17045,30,2564.016336
21.043613,30,2566.005596
20.929579,30,2567.849142
20.924295,30,2567.849272
20.931814,30,2567.849298
20.931814,30,2567.849316
20.807634,30,2569.688244
20.81026,30,2569.691056
20.812496,30,2569.691127
20.812496,30,2569.691143
20.81026,30,2569.691158
20.690943,30,2571.427209
20.693178,30,2571.427343
20.690943,30,2571.42738
20.693178,30,2571.427417
20.688335,30,2571.427445
20.688335,30,2571.427474
20.571642,30,2573.433531
20.571642,30,2573.433602
20.688335,30,2573.433618
20.571642,30,2573.433632
20.571642,30,2573.433647
20.688335,30,2575.325367
20.454542,30,2575.32545
20.688335,30,2575.325469
20.807634,30,2577.159883
20.571642,30,2577.159957
20.571642,30,2577.159979
20.688335,30,2579.022431
20.571642,30,2580.868435
20.571642,30,2580.868507
20.454542,30,2580.871871
20.454542,30,2584.477716
20.454542,30,2586.282365
20.454542,30,2588.092467
20.454542,30,2588.092541
20.454542,30,2588.09256
20.454542,30,2589.915635
20.454542,30,2589.915762
20.454542,30,2589.915801
20.454542,30,2591.773085
20.454542,30,2591.773145
20.454542,30,2595.441639
20.454542,30,2595.4417
20.454542,30,2595.441713
20.454542,30,2597.287709
20.454542,30,2597.287783
20.454542,30,2597.287794
20.454542,30,2599.076111
20.454542,30,2599.076172
20.454542,30,2599.076182
20.454542,30,2599.07619
20.454542,30,2599.076197
20.454542,30,2599.076203
20.454542,30,2599.076209
20.454542,30,2599.076216
20.454542,30,2600.919607
20.454542,30,2600.919683
20.454542,30,2600.919696
20.454542,30,2600.919705
20.454542,30,2600.919713
20.454542,30,2602.740947
20.454542,30,2602.741029
20.454542,30,2602.74105
20.454542,30,2602.74107
20.454542,30,2602.741084
20.454542,30,2604.631447
20.454542,30,2604.631511
20.454542,30,2604.631523
20.454542,30,2604.631532
20.454542,30,2604.631542
20.454542,30,2604.631551
20.454542,30,2604.631562
20.454542,30,2606.500484
20.454542,30,2606.500543
20.454542,30,2606.500554
20.454542,30,2606.500562
20.454542,30,2606.500572
20.454542,30,2606.50058
20.454542,30,2608.287452
20.454542,30,2608.287507
20.454542,30,2608.287518
20.454542,30,2610.059506
20.454542,30,2610.05958
20.454542,30,2611.903983
20.454542,30,2611.904042
20.454542,30,2611.904056
20.454542,30,2613.710738
20.454542,30,2613.710838
20.454542,30,2615.521984
20.454542,30,2615.522043
20.454542,30,2615.522056
20.454542,30,2615.522068
20.454542,30,2615.522078
20.454542,30,2617.317128
20.454542,30,2617.317203
20.454542,30,2617.317222
20.454542,30,2617.317236
20.454542,30,2619.133143
20.454542,30,2619.133203
20.454542,30,2619.133213
20.454542,30,2619.13322
20.454542,30,2619.133227
20.454542,30,2620.984615
20.454542,30,2622.736654
20.454542,30,2622.736738
20.454542,30,2622.73676
20.454542,30,2622.736777
20.454542,30,2624.693951
20.454542,30,2624.694028
20.454542,30,2624.694049
20.454542,30,2624.694063
20.454542,30,2624.694076
20.454542,30,2626.566105
20.454542,30,2626.566163
20.454542,30,2626.566175
20.454542,30,2626.566186
20.454542,30,2626.566194
18.409088,28,2626.566203
20.454542,30,2626.566211
20.454542,30,2628.340418
20.454542,30,2628.34048
20.454542,30,2628.340492
20.454542,30,2628.340501
20.454542,30,2628.340511
20.454542,30,2630.190017
20.454542,30,2630.190092
20.454542,30,2632.024451
20.454542,30,2632.024536
20.454542,30,2632.024559
6.136363,10,2632.024579
20.454542,30,2633.887219
20.454542,30,2635.724899
20.454542,30,2635.724976
20.454542,30,2635.724996
20.454542,30,2639.434142
20.454542,30,2641.278619
20.454542,30,2643.083912
20.454542,30,2643.08397
20.454542,30,2643.083981
20.454542,30,2644.942387
20.454542,30,2644.94248
20.454542,30,2644.942504
20.454542,30,2646.842706
20.454542,30,2646.842785
20.454542,30,2650.430844
20.454542,30,2650.430947
20.454542,30,2650.430976
20.454542,30,2652.270171
20.454542,30,2652.270238
20.454542,30,2652.270249
20.454542,30,2654.022879
20.454542,30,2654.022954
20.454542,30,2654.022972
20.454542,30,2654.022985
20.454542,30,2654.022997
14.999997,23,2654.02301
20.454542,30,2654.023022
20.454542,30,2654.023035
20.454542,30,2654.023047
20.454542,30,2655.829143
20.454542,30,2655.829265
20.454542,30,2655.829306
20.454542,30,2655.829341
20.454542,30,2655.82937
20.454542,30,2657.726591
20.454542,30,2657.726713
20.454542,30,2657.726754
20.454542,30,2657.72679
20.454542,30,2657.72682
20.454542,30,2659.576657
20.454542,30,2659.576723
20.454542,30,2659.576738
20.454542,30,2659.57675
20.454542,30,2659.576762
20.454542,30,2659.576774
20.454542,30,2659.576786
20.454542,30,2661.405932
20.454542,30,2661.406008
20.454542,30,2661.406028
20.454542,30,2661.406043
20.454542,30,2661.406063
20.454542,30,2661.406077
20.454542,30,2663.365034
20.454542,30,2663.365102
20.454542,30,2663.365119
20.454542,30,2665.171004
2.0454545,4,2665.171066
20.454542,30,2665.171077
20.454542,30,2666.969718
20.454542,30,2666.96978
20.454542,30,2668.750157
20.454542,30,2670.575639
20.454542,30,2670.575703
20.454542,30,2670.57854
20.454542,30,2670.578579
20.454542,30,2670.578597
20.454542,30,2672.393953
20.454542,30,2672.394011
20.454542,30,2672.394022
20.454542,30,2672.394031
20.454542,30,2674.285435
20.454542,30,2674.285519
20.454542,30,2674.285542
20.454542,30,2674.285574
20.454542,30,2674.285591
20.454542,30,2676.140115
20.454542,30,2677.969863
20.454542,30,2677.969955
20.454542,30,2677.96997
20.454542,30,2677.969981
20.454542,30,2679.788185
20.454542,30,2679.788254
20.454542,30,2679.788272
20.454542,30,2679.788283
20.454542,30,2679.788294
20.454542,30,2681.669199
20.454542,30,2681.669268
20.454542,30,2681.669282
20.454542,30,2681.669294
20.454542,30,2681.669304
20.454542,30,2681.669314
20.454542,30,2681.669323
20.454542,30,2683.511694
20.454542,30,2683.511765
20.454542,30,2683.511782
20.454542,30,2683.511794
20.454542,30,2683.511806
20.454542,30,2685.546506
20.454542,30,2685.546568
20.454542,30,2687.418345
20.454542,30,2687.418406
20.454542,30,2687.418417
20.454542,30,2687.418426
20.454542,30,2689.326748
2.403409,4,2689.326805
20.454542,30,2691.260481
20.454542,30,2691.260548
4.806818,7,2691.260563
4.0056815,6,2691.260578
20.454542,30,2691.26059
20.454542,30,2695.075923
4.8598485,7,2695.075993
20.454542,30,2696.981747
6.409091,9,2698.914537
7.2102275,10,2698.914656
20.454542,30,2698.914694
5.6079545,8,2698.914724
20.454542,30,2698.914753
20.454542,30,2698.914784
6.409091,9,2698.91482
20.454542,30,2700.98498
20.454542,30,2700.985052
20.454542,30,2700.98507
20.454542,30,2703.050657
20.454542,30,2703.050776
2.403409,4,2703.050814
12.017044,16,2704.953654
18.409088,28,2706.867212
11.215908,15,2706.867362
20.454542,30,2706.867391
9.613636,13,2706.867401
20.454542,30,2706.867411
20.454542,30,2706.867421
3.0852273,5,2708.795231
6.4068723,9,2708.795302
20.454542,30,2708.795319
11.094355,15,2708.795334
20.454542,30,2708.795346
20.454542,30,2708.795359
20.454542,30,2710.871422
20.454542,30,2710.871481
20.454542,30,2710.871496
20.454542,30,2710.871506
20.454542,30,2710.871516
20.454542,30,2710.871526
20.454542,30,2710.871535
20.454542,30,2710.871545
20.454542,30,2712.817043
4.4488635,7,2712.817103
20.454542,30,2712.817132
2.9636908,5,2712.817143
20.454542,30,2712.817151
20.454542,30,2712.817159
20.454542,30,2712.817166
20.454542,30,2714.869848
20.454542,30,2714.869953
20.454542,30,2714.869971
20.454542,30,2714.869983
20.454542,30,2716.760998
20.454542,30,2716.761076
20.454542,30,2716.761094
20.454542,30,2716.76111
20.454542,30,2716.761125
20.454542,30,2716.76114
20.454542,30,2716.761159
20.454542,30,2718.6869
20.454542,30,2718.68696
20.454542,30,2718.686971
20.454542,30,2718.686981
20.454542,30,2718.686991
20.454542,30,2718.687
20.454542,30,2720.639265
20.454542,30,2720.63939
20.454542,30,2720.639431
20.454542,30,2722.652705
20.454542,30,2722.652858
20.454542,30,2722.652905
20.454542,30,2724.528004
2.0454545,4,2724.528075
20.454542,30,2724.528094
4.772727,8,2724.528108
20.454542,30,2726.473256
20.454542,30,2728.388765
20.454542,30,2728.388851
20.454542,30,2728.388874
20.539877,30,2728.388892
20.454542,30,2728.388911
20.454542,30,2730.400071
20.454542,30,2730.400145
20.454542,30,2730.400163
20.454542,30,2730.400177
20.454542,30,2732.520394
20.57386,30,2732.520488
22.363632,30,2732.520517
20.454542,30,2732.52054
22.244314,30,2734.735229
22.124996,30,2736.673876
20.539877,30,2736.674021
5.2044196,8,2738.626826
22.005678,30,2738.626929
20.454542,30,2738.62695
21.971695,30,2740.699022
21.88636,30,2740.699147
8.863635,14,2740.69918
21.28977,30,2742.800445
21.764807,30,2742.800567
21.767042,30,2742.800597
21.852377,30,2742.800619
21.733059,30,2744.905411
21.647724,30,2744.905509
21.61374,30,2746.962103
21.528406,30,2746.962199
21.52617,30,2746.962213
21.28977,30,2746.962224
21.642881,30,2748.810693
21.406853,30,2748.810785
16.721588,25,2748.810797
21.287535,30,2750.808487
21.28977,30,2750.808631
21.523561,30,2750.808677
21.17045,30,2750.808707
4.003446,6,2755.096616
21.136467,30,2755.096709
3.1996822,5,2757.272956
20.931814,30,2757.273053
20.812496,30,2759.162897
20.812496,30,2759.162977
20.929596,30,2759.162988
20.812496,30,2759.162998
7.2053647,10,2759.163006
6.404228,9,2759.163015
20.693178,30,2761.06114
20.693178,30,2761.061227
5.600436,8,2761.061266
20.693178,30,2761.061275
20.57386,30,2762.976858
20.57386,30,2762.976953
20.688335,30,2764.879913
1.597429,3,2764.880008
4.801955,7,2764.880026
20.454542,30,2766.828392
20.454542,30,2766.828484
20.454542,30,2766.828499
20.539877,30,2766.828511
20.454542,30,2766.828523
20.571642,30,2766.828535
20.454542,30,2768.926479
8.009129,11,2768.926599
20.454542,30,2768.926626
20.454542,30,2768.926645
4.117481,6,2768.926663
20.454542,30,2768.926683
20.571642,30,2768.926703
20.571642,30,2770.912077
20.571642,30,2770.912217
20.656982,30,2770.912268
20.454542,30,2770.912299
20.454542,30,2770.912327
20.571642,30,2770.912355
20.454542,30,2770.912383
20.656982,30,2770.912411
20.539877,30,2773.054955
20.454542,30,2773.055046
20.454542,30,2773.055061
12.017044,16,2773.055072
20.454542,30,2773.055084
20.454542,30,2773.055093
2.398546,4,2773.055104
20.454542,30,2773.055115
20.454542,30,2775.109621
20.539906,30,2775.109762
20.454542,30,2775.109807
20.73875,30,2775.109838
1.9583726,3,2777.306675
20.454542,30,2777.306784
20.454542,30,2777.30681
20.454542,30,2777.306827
20.771713,30,2777.306843
20.857218,30,2777.306862
12.813317,17,2777.306879
20.454542,30,2777.306898
14.28958,18,2777.306914
6.8500366,10,2779.372204
20.540869,30,2779.372298
20.454542,30,2779.372315
20.454542,30,2779.372328
20.771713,30,2779.37234
1.597429,3,2779.372354
6.156244,8,2779.372366
3.2000465,5,2779.372378
18.044441,27,2779.37239
20.454542,30,2779.372401
2.9552715,4,2779.372413
20.454542,30,2779.372424
3.7902071,5,2781.272151
20.454542,30,2781.272244
3.7923212,5,2781.27226
20.454542,30,2781.272273
20.454542,30,2781.272287
20.57386,30,2783.285328
11.770889,16,2783.285424
20.891031,30,2783.285442
8.474149,11,2783.285457
13.280967,17,2783.285471
20.454542,30,2785.229206
20.454542,30,2785.229352
20.454542,30,2785.229397
6.7254353,10,2787.26726
9.136363,13,2787.267348
20.771713,30,2787.267365
20.454542,30,2789.241054
20.771713,30,2789.241178
20.454542,30,2789.24121
2.7272727,5,2789.241238
20.454542,30,2789.241262
20.454542,30,2789.241288
20.454542,30,2791.243133
20.454542,30,2791.243266
20.454542,30,2791.243297
20.771713,30,2791.243323
20.454542,30,2793.242598
20.454542,30,2793.242824
20.454542,30,2793.242906
20.771713,30,2793.242952
18.981667,25,2795.275185
17.944407,24,2795.275269
10.699681,16,2795.275281
10.259127,15,2795.275291
20.771713,30,2795.275299
20.99776,29,2797.296256
22.951715,30,2797.2964
22.840904,30,2797.296427
20.454542,30,2799.40098
20.771713,30,2803.570713
20.771713,30,2803.570808
12.749998,19,2807.390028
22.240234,30,2807.39012
22.117477,30,2809.191788
21.76218,30,2809.191875
22.71462,30,2810.999799
22.712385,30,2810.999894
22.475983,30,2814.627142
12.272725,19,2814.62726
21.764807,30,2814.627292
21.28977,30,2816.533994
21.528406,30,2818.474386
21.528406,30,2818.474482
21.528406,30,2818.4745
21.520887,30,2818.474516
21.051132,30,2820.331205
21.043613,30,2820.331302
20.804998,30,2824.142074
20.690943,30,2826.13768
21.048897,30,2826.13776
21.047052,30,2826.137773
21.047052,30,2826.137781
21.044844,30,2826.13779
20.925861,30,2828.019098
20.923279,30,2828.019211
20.929579,30,2828.019232
20.57386,30,2828.019245
20.571642,30,2828.01926
21.521437,30,2829.865637
13.636361,21,2829.865732
12.954543,20,2829.865762
20.805836,30,2829.865775
20.57386,30,2829.865787
20.81026,30,2829.865799
20.693178,30,2831.745701
20.688335,30,2831.745833
20.693178,30,2831.745865
20.688335,30,2831.748385
20.690943,30,2831.748419
20.693178,30,2831.748444
20.693178,30,2831.748466
20.571642,30,2833.736799
20.571642,30,2833.73694
20.571642,30,2833.736985
20.571642,30,2833.737016
20.454542,30,2835.683847
20.454542,30,2835.68394
20.454542,30,2835.683957
20.454542,30,2835.68397
20.454542,30,2835.683983
20.454542,30,2835.683998
20.454542,30,2835.684012
20.454542,30,2835.684025
20.454542,30,2837.502293
20.454542,30,2837.502423
20.454542,30,2837.502444
20.454542,30,2837.502461
20.454542,30,2837.502478
20.454542,30,2837.502514
20.454542,30,2837.502532
20.454542,30,2837.502547
20.454542,30,2837.502565
20.454542,30,2837.502579
20.454542,30,2837.502594
20.454542,30,2839.335426
20.454542,30,2839.335518
20.454542,30,2839.335533
20.454542,30,2839.335546
20.454542,30,2839.335558
20.539877,30,2841.37497
20.454542,30,2841.375061
20.539877,30,2841.375074
20.454542,30,2841.375082
20.454542,30,2841.375091
20.539877,30,2843.164981
20.454542,30,2843.165088
20.454542,30,2843.165107
20.454542,30,2844.983525
20.454542,30,2844.983642
20.454542,30,2844.98366
2.7272727,5,2846.79222
20.454542,30,2846.792357
20.454542,30,2846.792395
20.454542,30,2846.792426
20.539877,30,2846.792451
20.454542,30,2846.79248
20.539877,30,2848.675568
20.454542,30,2848.675663
20.454542,30,2848.675679
20.571642,30,2850.558598
20.539877,30,2850.558707
20.454542,30,2850.558723
20.688335,30,2850.558736
20.539877,30,2852.452104
20.539877,30,2852.452209
20.454542,30,2852.452227
20.454542,30,2852.452242
20.539877,30,2852.452256
20.454542,30,2854.416829
20.454542,30,2854.416919
20.539877,30,2854.416934
20.539877,30,2856.323161
20.454542,30,2860.110801
20.454542,30,2860.110903
10.227271,16,2860.110923
2.0454545,4,2863.941485
20.539877,30,2863.941584
20.454542,30,2863.941602
20.539877,30,2865.906557
20.539877,30,2865.906664
20.454542,30,2867.778337
20.454542,30,2867.778437
20.454542,30,2871.626501
20.539877,30,2871.626604
20.454542,30,2871.626622
20.454542,30,2873.609374
20.454542,30,2875.431079
20.454542,30,2875.431177
20.454542,30,2875.431196
20.454542,30,2875.431212
20.539906,30,2877.362939
20.454542,30,2877.363055
20.454542,30,2881.203417
4.889827,8,2881.203521
15.767128,24,2883.070056
20.539877,30,2883.070163
20.63102,30,2883.070179
20.539854,30,2883.070189
20.454542,30,2883.070197
20.454542,30,2883.070207
20.539877,30,2884.982364
20.57386,30,2884.982459
20.656977,30,2884.982476
20.571642,30,2884.982488
20.571642,30,2884.982503
20.454542,30,2886.881124
20.454542,30,2886.881215
20.454542,30,2886.881227
20.454542,30,2886.881236
20.539877,30,2886.881244
20.454542,30,2888.775806
20.539877,30,2888.775902
20.454542,30,2888.775919
20.454542,30,2888.775932
20.454542,30,2888.775944
20.539877,30,2888.775957
20.454542,30,2888.775969
20.454542,30,2890.683073
20.454542,30,2890.683173
20.454542,30,2890.683192
20.454542,30,2890.683206
20.454542,30,2892.582813
20.454542,30,2892.58291
20.539877,30,2892.582927
20.454542,30,2892.582938
20.454542,30,2892.582951
20.454542,30,2892.582964
20.454542,30,2892.582977
20.454542,30,2892.582988
20.539877,30,2894.55212
20.454542,30,2894.552272
20.454542,30,2894.552305
20.454542,30,2894.552331
20.454542,30,2894.552355
20.454542,30,2894.552382
20.454542,30,2894.552409
20.454542,30,2894.552431
20.454542,30,2894.552455
20.539877,30,2896.46304
20.454542,30,2896.463151
20.571642,30,2896.463177
20.656982,30,2896.463195
20.454542,30,2896.463215
20.454542,30,2898.375582
20.454542,30,2898.375685
20.454542,30,2898.375704
20.454542,30,2898.375716
20.454542,30,2898.37573
20.571642,30,2900.301611
20.454542,30,2900.301696
20.454542,30,2900.30171
20.454542,30,2902.190221
20.454542,30,2902.19032
20.454542,30,2902.190336
4.0056815,6,2904.027172
20.454542,30,2904.027269
20.539877,30,2904.027287
20.454542,30,2904.027301
2.403409,4,2904.027313
20.454542,30,2904.027326
20.454542,30,2904.027339
20.571642,30,2904.027353
20.454542,30,2906.081113
4.772727,8,2906.08123
20.454542,30,2906.081254
20.653387,30,2906.081277
3.2023098,5,2907.862096
20.454542,30,2907.862182
20.886234,30,2907.862194
20.57386,30,2907.862204
20.57386,30,2907.862214
20.454542,30,2909.849966
20.890862,30,2909.850082
20.454542,30,2909.850106
20.454542,30,2909.850125
20.454542,30,2909.850142
21.12725,30,2911.754606
20.454542,30,2911.754719
21.01015,30,2911.75475
4.5953035,6,2911.754764
7.8066154,10,2915.491738
21.248783,30,2917.309718
21.248783,30,2917.309814
20.454542,30,2917.309832
20.81026,30,2921.011406
20.693178,30,2921.011533
20.571642,30,2921.011561
20.688335,30,2922.843706
20.571642,30,2924.837085
21.482576,30,2924.837199
20.454542,30,2928.680515
20.571642,30,2928.680607
20.454542,30,2928.680621
20.571642,30,2930.55449
20.454542,30,2932.512128
20.888813,30,2932.512213
20.454542,30,2932.512227
20.454542,30,2932.512242
20.454542,30,2934.381285
20.454542,30,2934.381382
7.7386355,12,2934.381397
21.248783,30,2938.126999
20.454542,30,2938.127102
20.454542,30,2940.105793
20.454542,30,2940.105964
20.454542,30,2940.108798
21.248783,30,2940.10886
20.771713,30,2940.10888
20.454542,30,2940.108899
20.454542,30,2941.942615
20.454542,30,2941.942711
20.891031,30,2941.942729
20.454542,30,2941.942742
20.454542,30,2941.942756
20.454542,30,2943.872699
20.454542,30,2943.872795
20.454542,30,2943.872811
20.771713,30,2943.872825
20.454542,30,2943.872837
20.771713,30,2945.82048
20.454542,30,2945.82059
21.129465,30,2945.820605
20.454542,30,2945.820615
20.454542,30,2945.820624
20.454542,30,2945.820634
20.454542,30,2945.820644
13.994316,21,2945.820653
20.454542,30,2947.719044
20.454542,30,2947.719146
20.454542,30,2947.719164
22.118029,30,2949.606943
20.693178,30,2949.607044
21.051132,30,2949.607059
22.118029,30,2949.607071
21.409088,30,2949.607086
20.454542,30,2949.607098
21.52617,30,2949.60711
20.771748,30,2951.430929
21.28977,30,2951.431031
20.57386,30,2951.431048
3.409091,6,2951.43106
21.764807,30,2951.431073
21.011541,30,2951.431085
21.764807,30,2951.431098
20.454542,30,2951.431112
20.931814,30,2951.431122
20.931814,30,2951.431133
20.812496,30,2953.374206
22.197544,30,2953.374297
21.406853,30,2953.374308
20.693178,30,2955.302244
21.048897,30,2955.302358
21.760073,30,2955.302381
21.051132,30,2955.302401
21.406853,30,2957.180393
20.931814,30,2957.180494
21.287535,30,2959.006436
20.81026,30,2959.00653
21.521437,30,2959.006541
20.693178,30,2960.873489
20.693178,30,2960.873593
21.17045,30,2960.873609
20.693178,30,2960.873622
21.051132,30,2960.873633
20.693178,30,2960.873645
20.812496,30,2960.873657
21.17045,30,2960.873668
20.693178,30,2962.824778
5.454545,9,2962.824927
21.051132,30,2962.82497
21.051132,30,2962.825003
20.931814,30,2964.808182
20.931814,30,2964.808277
20.57386,30,2964.808294
20.931814,30,2964.808308
20.931814,30,2964.808326
20.693178,30,2966.598609
20.812496,30,2966.598748
20.812496,30,2966.598783
20.57386,30,2966.598809
20.812496,30,2966.598834
20.693178,30,2968.406683
20.693178,30,2968.406783
20.454542,30,2968.406796
20.454542,30,2971.988719
20.454542,30,2973.89004
20.454542,30,2973.890151
20.454542,30,2973.890179
20.454542,30,2977.533917
20.454542,30,2977.53402
20.454542,30,2977.534039
5.454545,9,2979.462203
20.454542,30,2979.462332
15.681815,24,2979.471022
20.454542,30,2981.392067
20.454542,30,2981.392163
2.4564393,4,2985.115347
4.122764,6,2985.11545
20.454542,30,2985.115469
20.890862,30,2985.115483
7.135353,11,2985.115497
20.454542,30,2985.11551
20.454542,30,2987.006804
20.454542,30,2988.903477
20.454542,30,2988.903578
19.646515,29,2988.903597
20.454542,30,2988.903612
21.129465,30,2988.903628
7.561286,9,2990.80312
20.454542,30,2990.803216
4.8045826,7,2990.803243
7.207992,10,2992.707993
4.806818,7,2992.708088
8.062159,11,2992.708108
1.652549,3,2994.61918
19.322647,28,2994.61929
3.2045453,5,2994.619318
20.454542,30,2994.619343
20.539877,30,2994.619368
15.348838,22,2996.549136
20.454542,30,2996.549256
20.454542,30,2996.549281
20.653387,30,2996.5493
20.454542,30,2996.549319
1.6000543,3,2996.549339
20.454542,30,2996.549358
20.454542,30,2998.453285
6.526173,9,2998.453392
1.6530674,3,2998.453407
4.806818,7,2998.453421
20.454542,30,2998.453436
20.454542,30,2998.45345
20.454542,30,2998.453468
21.845373,30,3000.441112
20.454542,30,3000.44123
20.454542,30,3000.441256
20.890862,30,3000.441277
21.845373,30,3000.441297
2.4011736,4,3000.441315
21.175032,30,3002.400886
20.554422,28,3002.400976
0.92045456,2,3002.400988
20.454542,30,3002.400996
20.539877,30,3002.401005
6.4068556,9,3002.401012
20.890862,30,3002.40102
2.403409,4,3002.401028
17.481771,26,3002.401052
20.454542,30,3002.401061
20.454542,30,3002.401069
12.954543,20,3002.401076
21.16132,30,3002.401084
1.8555311,3,3004.378457
5.861213,8,3004.378553
20.454542,30,3004.378571
16.363634,25,3004.378583
8.977381,12,3004.378597
20.454542,30,3004.378609
17.44299,24,3004.378619
20.653387,30,3004.37863
20.771713,30,3006.382298
20.771713,30,3006.382394
20.454542,30,3006.382409
20.454542,30,3006.382422
20.454542,30,3006.382434
20.454542,30,3006.382444
23.705837,30,3008.300148
20.454542,30,3008.300231
3.2023098,5,3008.300241
20.454542,30,3008.300248
20.454542,30,3008.300256
20.454542,30,3008.300264
22.203327,30,3008.300271
7.2079916,10,3008.300279
20.454542,30,3008.300286
15.671535,21,3008.300293
20.454542,30,3008.3003
20.454542,30,3008.300307
20.454542,30,3008.300314
4.685264,7,3010.177001
16.363634,25,3010.177126
20.454542,30,3010.177148
20.539877,30,3010.177164
8.17516,12,3010.17718
20.771713,30,3012.089039
20.454542,30,3012.089137
21.248783,30,3012.089155
21.248783,30,3013.923076
20.454542,30,3015.874584
20.454542,30,3015.874669
20.771713,30,3017.751374
20.771713,30,3017.75149
20.656977,30,3017.751505
20.771713,30,3017.751519
20.539877,30,3017.75153
20.771713,30,3017.751543
20.454542,30,3017.751555
20.571642,30,3017.751568
21.339926,30,3019.677385
20.539877,30,3019.677481
20.656977,30,3021.585186
20.890863,30,3021.585274
20.454542,30,3021.585284
20.454542,30,3023.582021
20.454542,30,3023.582113
20.454542,30,3023.582129
20.454542,30,3023.582141
20.771713,30,3023.582153
22.840904,30,3025.479943
24.465935,30,3025.480033
21.248781,30,3034.884686
22.920248,30,3036.737441
21.375105,30,3036.737565
20.931814,30,3042.548689
21.494452,30,3042.548932
21.409088,30,3042.548976
21.52617,30,3046.354647
21.255816,30,3046.354788
22.204338,30,3048.244951
22.240889,30,3048.245069
20.454542,30,3050.140403
21.87939,30,3052.007143
21.259357,30,3052.00726
21.168215,30,3052.00728
16.574095,25,3052.007296
20.812496,30,3052.007313
21.051132,30,3053.841921
21.225374,30,3053.842023
21.136467,30,3053.842041
22.198532,30,3053.842055
21.051132,30,3053.842068
21.051132,30,3053.842082
20.57386,30,3055.764056
20.931814,30,3055.764149
20.57386,30,3055.764163
20.931814,30,3055.764175
20.81026,30,3057.645687
20.897831,30,3057.645803
20.812496,30,3057.645826
20.81026,30,3057.645844
20.81026,30,3057.645858
21.521437,30,3057.645872
20.693178,30,3059.577056
20.693178,30,3059.577157
20.778513,30,3059.577175
20.693178,30,3059.577188
20.869656,30,3059.5772
20.693178,30,3059.577212
20.78432,30,3059.577224
20.78432,30,3059.580272
20.78432,30,3059.580331
20.693178,30,3059.580346
20.693178,30,3059.580359
20.693178,30,3059.580371
20.78432,30,3059.580383
20.57386,30,3061.485067
20.665003,30,3061.485158
20.57386,30,3061.485171
20.57386,30,3061.485181
20.57386,30,3061.485189
20.659195,30,3061.485197
20.57386,30,3061.485204
20.454542,30,3063.337011
20.454542,30,3063.33716
20.454542,30,3063.3372
20.454542,30,3063.337236
20.545685,30,3063.337269
20.454542,30,3063.337298
20.656977,30,3065.290876
20.886234,30,3065.290993
20.571642,30,3065.291017
20.886234,30,3065.291034
20.571642,30,3065.291052
20.57386,30,3065.29386
20.539877,30,3065.293988
20.57386,30,3065.294028
20.571642,30,3065.294061
20.886234,30,3065.294096
20.886234,30,3065.294125
20.656977,30,3065.294152
20.454542,30,3065.29418
20.454542,30,3067.141068
20.454542,30,3067.141239
20.454542,30,3067.141279
20.539877,30,3067.141311
20.454542,30,3067.141342
20.454542,30,3069.16341
20.539877,30,3069.163551
20.454542,30,3069.163592
20.454542,30,3071.004855
20.454542,30,3072.848985
20.539877,30,3072.849095
20.454542,30,3074.763826
20.454542,30,3074.763923
20.454542,30,3074.763939
20.454542,30,3074.763952
20.454542,30,3074.763963
20.454542,30,3074.763975
20.454542,30,3074.763987
20.454542,30,3074.763999
20.454542,30,3076.688703
20.454542,30,3076.688816
20.539877,30,3078.501489
20.454542,30,3078.501582
20.454542,30,3078.501601
20.454542,30,3080.320666
20.454542,30,3080.320782
20.454542,30,3080.3208
20.454542,30,3080.320815
20.454542,30,3080.320829
20.539877,30,3082.214937
20.454542,30,3082.215083
7.499999,12,3089.716624
20.454542,30,3091.604295
20.539877,30,3093.397279
20.454542,30,3093.397381
11.590907,18,3097.054444
20.454542,30,3099.021863
20.454542,30,3099.022066
20.539906,30,3099.022091
20.454542,30,3102.8651
14.999997,23,3102.865451
20.454542,30,3102.865486
20.454542,30,3104.7813
20.454542,30,3104.781401
20.656977,30,3106.655021
20.454542,30,3108.540569
20.454542,30,3108.54068
20.454542,30,3108.540705
20.454542,30,3108.540724
20.454542,30,3108.540745
20.454542,30,3110.47983
20.454542,30,3110.479925
20.454542,30,3110.479938
20.454542,30,3110.479947
20.454542,30,3110.479954
20.454542,30,3110.479963
20.539877,30,3112.332773
20.454542,30,3112.332878
20.454542,30,3112.332896
20.454542,30,3112.332911
20.454542,30,3114.350291
20.454542,30,3114.35042
20.454542,30,3114.350443
20.454542,30,3114.35046
20.454542,30,3114.350475
20.454542,30,3114.350491
2.4011736,4,3114.350509
20.454542,30,3116.292225
20.454542,30,3116.292324
20.454542,30,3116.292343
20.454542,30,3116.292356
20.454542,30,3116.292368
20.454542,30,3116.29238
20.454542,30,3116.292392
20.539877,30,3116.292404
20.454542,30,3116.292418
20.454542,30,3116.29243
20.454542,30,3116.292442
20.454542,30,3116.292454
20.454542,30,3118.172105
20.454542,30,3118.172191
3.2045453,5,3118.172202
20.539877,30,3118.172212
2.403409,4,3118.17222
2.3959103,4,3118.17223
20.539877,30,3118.172238
20.539877,30,3118.172247
20.539877,30,3118.172254
20.454542,30,3118.172263
3.9981632,6,3120.084804
20.454542,30,3120.084902
20.539877,30,3120.084918
0.7989179,2,3120.084932
20.539877,30,3120.084944
20.454542,30,3120.084956
20.454542,30,3120.084967
20.454542,30,3121.922211
20.454542,30,3121.922322
20.454542,30,3121.922342
20.539877,30,3121.922356
20.539877,30,3121.92237
1.597429,3,3121.922418
20.454542,30,3121.922435
20.539877,30,3121.922451
20.454542,30,3121.922466
20.539877,30,3121.922481
20.454542,30,3121.922496
20.454542,30,3121.922516
20.454542,30,3121.922534
20.539877,30,3121.922558
20.539877,30,3123.953382
20.539877,30,3123.953504
20.454542,30,3123.953532
20.454542,30,3123.953551
1.597429,3,3123.953567
20.454542,30,3125.882794
20.454542,30,3125.882892
20.454542,30,3125.882911
2.2792473,4,3127.724755
20.454542,30,3127.724853
1.6000372,3,3127.724874
20.454542,30,3129.730423
20.454542,30,3129.730504
20.454542,30,3131.667088
20.454542,30,3131.667186
20.454542,30,3131.667198
20.454542,30,3131.667207
20.454542,30,3131.667216
20.454542,30,3131.667226
20.454542,30,3131.667234
20.539877,30,3131.667244
20.454542,30,3133.537642
20.454542,30,3133.537805
20.539883,30,3135.467233
20.454542,30,3135.467344
20.454542,30,3135.467361
20.454542,30,3137.33353
20.454542,30,3137.333679
20.454542,30,3137.333723
20.454542,30,3137.333756
20.454542,30,3137.333787
20.454542,30,3139.274479
20.454542,30,3139.274578
11.062499,16,3143.035589
20.454542,30,3146.964237
20.454542,30,3148.839018
20.454542,30,3150.777335
20.454542,30,3150.777432
20.571642,30,3154.507378
20.454542,30,3156.409635
20.571642,30,3156.409741
20.454542,30,3156.40976
3.409091,6,3158.292975
20.454542,30,3160.145862
20.454542,30,3160.150016
20.454542,30,3160.150042
21.404224,30,3162.111996
21.406853,30,3162.112125
21.17045,30,3165.981138
21.17045,30,3165.98124
21.165588,30,3165.981261
21.04627,30,3167.853175
21.043613,30,3167.853299
21.043613,30,3167.853328
21.04627,30,3167.853348
20.926952,30,3169.752226
20.931814,30,3169.752356
20.926952,30,3169.752395
20.807634,30,3171.663304
20.804998,30,3171.663426
20.81026,30,3171.663445
20.812496,30,3171.663461
20.81026,30,3171.663474
20.931814,30,3171.663486
21.165588,30,3171.663502
20.688335,30,3173.492257
20.693178,30,3173.492344
20.688335,30,3173.492357
20.688335,30,3173.492367
20.804998,30,3173.492376
20.693178,30,3173.492385
20.688335,30,3173.492394
20.804998,30,3173.492403
20.693178,30,3173.492411
20.693178,30,3173.492435
20.57386,30,3175.349221
20.571642,30,3175.349327
20.57386,30,3175.349344
20.690943,30,3175.349359
20.693178,30,3175.349372
20.571642,30,3175.349386
20.688335,30,3175.349398
20.804998,30,3175.34941
20.804998,30,3175.349422
20.454542,30,3177.301947
20.571642,30,3177.302049
20.571642,30,3177.302073
20.571642,30,3177.302089
20.571642,30,3177.3021
20.690943,30,3177.30211
20.57386,30,3179.216673
20.454542,30,3179.216821
20.454542,30,3179.216857
20.688335,30,3179.216883
20.81026,30,3179.216909
20.688335,30,3179.216935
20.81026,30,3179.21696
20.454542,30,3179.216987
20.693178,30,3179.217013
2.3959103,4,3179.21704
20.804998,30,3179.217065
20.454542,30,3179.217093
20.571642,30,3179.217118
20.688335,30,3179.217143
20.688335,30,3181.062429
20.454542,30,3181.062542
20.688335,30,3181.062562
20.688335,30,3181.062578
20.688335,30,3181.062593
20.571642,30,3183.000873
20.571642,30,3183.00097
20.571642,30,3183.000983
20.454542,30,3184.84579
20.454542,30,3184.850089
20.454542,30,3184.850131
20.454542,30,3186.740312
20.454542,30,3186.740406
20.454542,30,3188.638993
20.454542,30,3188.639122
20.454542,30,3188.639148
20.454542,30,3188.639177
20.454542,30,3188.639205
20.454542,30,3188.639233
20.454542,30,3188.639259
20.454542,30,3188.639291
20.454542,30,3190.546883
20.454542,30,3190.546999
20.454542,30,3192.409785
20.454542,30,3192.409981
20.454542,30,3192.410018
20.454542,30,3194.270496
20.454542,30,3194.270599
20.454542,30,3194.270616
20.454542,30,3194.270628
20.454542,30,3194.27064
20.454542,30,3196.160481
20.454542,30,3196.160616
6.370156,10,3196.160635
20.454542,30,3199.968925
20.454542,30,3205.48329
20.454542,30,3207.306137
20.454542,30,3207.306234
20.454542,30,3211.038
20.454542,30,3212.989621
20.454542,30,3212.989743
20.454542,30,3212.989771
20.454542,30,3214.839633
20.454542,30,3216.763347
20.571642,30,3216.763484
20.454542,30,3216.763512
15.798915,24,3218.619167
20.454542,30,3218.619264
20.454542,30,3218.619281
10.227271,16,3220.532831
20.454542,30,3222.392953
20.454542,30,3222.39303
20.454542,30,3222.393049
20.454542,30,3224.180257
20.571642,30,3224.180353
20.454542,30,3224.180376
20.571642,30,3224.180397
20.454542,30,3225.968062
20.571642,30,3225.968134
20.454542,30,3225.968147
12.954543,20,3227.800457
20.454542,30,3227.800524
20.454542,30,3227.800556
20.454542,30,3227.800567
20.688335,30,3227.800576
20.454542,30,3227.800584
20.688335,30,3227.800593
20.571642,30,3229.611643
20.688335,30,3229.611705
20.454542,30,3229.611717
20.688335,30,3229.611727
20.571642,30,3229.611735
20.804998,30,3229.611744
20.454542,30,3229.611753
20.454542,30,3229.611761
20.454542,30,3229.61177
20.454542,30,3231.490059
20.571642,30,3231.490125
20.454542,30,3231.490139
20.688335,30,3231.490149
20.454542,30,3231.49016
20.571642,30,3231.490173
20.454542,30,3231.490186
20.454542,30,3231.490198
20.454542,30,3231.490211
20.571642,30,3233.218445
20.454542,30,3233.218511
20.454542,30,3233.218527
20.571642,30,3233.218538
20.688335,30,3233.218549
20.571642,30,3235.136999
20.571642,30,3235.137079
20.571642,30,3235.1371
20.571642,30,3235.137116
20.454542,30,3235.137133
20.571642,30,3235.137149
20.571642,30,3235.137164
20.454542,30,3235.137181
20.571642,30,3235.137198
20.571642,30,3235.137214
20.571642,30,3235.137229
20.454542,30,3235.137247
20.571642,30,3235.137263
20.571642,30,3235.137278
20.454542,30,3237.015125
20.454542,30,3237.015181
20.571642,30,3237.015193
20.454542,30,3237.015202
20.454542,30,3237.015211
20.454542,30,3238.829547
20.454542,30,3238.829682
20.454542,30,3238.829728
20.454542,30,3240.77597
20.454542,30,3240.776052
20.454542,30,3240.77607
20.454542,30,3242.588068
20.454542,30,3242.588142
20.454542,30,3244.405786
20.454542,30,3244.405846
20.454542,30,3244.405858
1.655303,3,3244.405868
2.403409,4,3244.405877
20.454542,30,3244.405924
20.454542,30,3244.405936
20.454542,30,3244.405946
20.454542,30,3244.405956
20.454542,30,3244.405965
1.7215909,3,3244.405974
3.2045453,5,3246.192162
20.454542,30,3248.008426
20.454542,30,3248.008493
20.454542,30,3248.008508
20.454542,30,3249.819755
20.454542,30,3249.819878
1.6022727,3,3249.819915
20.454542,30,3249.819944
20.454542,30,3249.819973
20.454542,30,3249.82
20.454542,30,3251.667583
6.409091,9,3251.667654
20.454542,30,3251.667668
20.454542,30,3251.667681
3.2045453,5,3253.631307
6.409091,9,3253.631377
20.454542,30,3255.637383
2.403409,4,3257.703282
7.3295455,10,3259.522778
9.613636,13,3259.522854
20.454542,30,3261.370514
20.454542,30,3263.282595
20.454542,30,3263.282667
10.414772,14,3263.282686
12.017044,16,3265.163147
12.017044,16,3265.163239
12.017044,16,3265.163257
12.017044,16,3265.163272
10.465049,14,3265.163287
12.272725,19,3265.163304
8.8125,12,3265.163321
12.017044,16,3265.163336
11.215908,15,3265.16335
5.772835,8,3267.07528
20.454542,30,3267.07534
12.81818,17,3267.075351
7.568164,10,3268.904958
20.771713,30,3268.905051
6.409091,9,3268.905077
20.771713,30,3268.905096
20.454542,30,3268.905113
20.454542,30,3270.715514
10.531855,14,3270.715576
20.454542,30,3272.590147
10.414772,14,3272.590221
20.454542,30,3272.590239
20.454542,30,3272.590254
20.890862,30,3274.396621
20.454542,30,3274.396695
20.454542,30,3274.396726
20.454542,30,3276.179135
20.454542,30,3278.031943
20.454542,30,3278.032027
20.454542,30,3278.032054
20.454542,30,3279.992429
20.454542,30,3279.992517
20.454542,30,3279.998349
20.890862,30,3279.998398
20.454542,30,3281.807752
20.454542,30,3281.807811
20.454542,30,3281.807824
20.454542,30,3283.617262
20.454542,30,3283.617329
20.454542,30,3283.617344
20.890862,30,3283.617354
20.890862,30,3283.617362
20.454542,30,3283.61737
20.454542,30,3283.61738
20.454542,30,3285.461476
20.890863,30,3285.461548
20.454542,30,3285.466928
20.454542,30,3285.46696
20.890863,30,3285.46697
20.454542,30,3285.466979
20.454542,30,3285.466987
20.454542,30,3285.466995
20.454542,30,3287.319921
20.454542,30,3287.320052
20.454542,30,3287.320103
20.454542,30,3287.320115
20.454542,30,3287.320126
20.454542,30,3287.320137
20.454542,30,3287.320147
20.890863,30,3287.320157
20.890863,30,3287.320167
20.57386,30,3289.122447
21.248817,30,3289.122566
22.480732,30,3289.12261
22.602268,30,3289.122641
22.363632,30,3289.122674
20.890863,30,3290.97351
20.693178,30,3290.973573
22.71935,30,3290.973586
22.676008,30,3290.973596
22.244314,30,3290.973604
22.676008,30,3290.973614
22.00346,30,3296.776268
22.12276,30,3296.776328
22.198736,30,3298.687551
21.647724,30,3300.501014
22.12276,30,3300.501094
21.647724,30,3300.501114
22.12276,30,3300.501128
22.003443,30,3300.501142
22.079418,30,3300.501156
22.12276,30,3300.501171
21.884125,30,3300.501184
5.454545,9,3304.115311
21.884125,30,3304.115374
21.528406,30,3304.115387
21.88636,30,3304.115396
21.375105,30,3305.899315
21.764807,30,3305.899405
21.767042,30,3305.899424
21.375105,30,3305.899443
22.640833,30,3307.733977
21.17045,30,3307.734073
21.051132,30,3309.778025
21.61374,30,3309.778106
20.931814,30,3311.624238
21.244188,30,3313.48932
21.168215,30,3315.289489
21.17045,30,3315.289561
18.767042,28,3317.09657
8.863635,14,3317.09663
18.767042,28,3317.096643
21.048897,30,3317.096654
4.090909,7,3318.919206
21.014914,30,3318.919283
20.454542,30,3318.919302
20.931814,30,3318.919319
20.812496,30,3320.737679
20.812496,30,3320.737796
20.812496,30,3320.737831
20.812496,30,3320.737858
15.681815,24,3320.739944
20.812496,30,3320.740033
20.812496,30,3320.740067
4.090909,7,3320.740093
20.897831,30,3320.740118
20.693178,30,3322.685254
20.693178,30,3322.685323
20.693178,30,3322.685338
20.659195,30,3324.508547
20.57386,30,3324.50865
20.57386,30,3324.508704
20.57386,30,3324.508723
3.197027,5,3324.50874
20.659195,30,3324.508758
20.454542,30,3326.435677
20.454542,30,3326.435768
2.398546,4,3328.417176
2.398546,4,3328.417256
20.454542,30,3328.417275
20.454542,30,3328.417292
20.454542,30,3328.417308
2.3959103,4,3328.417324
20.454542,30,3328.417338
20.539877,30,3330.282341
20.539877,30,3330.282402
20.454542,30,3330.282417
4.0056815,6,3332.051964
2.4564393,4,3332.052053
20.539877,30,3333.966345
6.409091,9,3333.966406
20.454542,30,3333.966418
20.539877,30,3333.966428
6.4068556,9,3335.81727
20.454542,30,3335.817341
20.454542,30,3335.817358
7.202709,10,3335.817368
20.454542,30,3335.817379
20.454542,30,3335.817391
20.454542,30,3337.686734
1.597429,3,3337.686806
20.539877,30,3337.686824
20.454542,30,3337.686841
20.454542,30,3339.538137
20.454542,30,3339.538265
4.003446,6,3339.538306
20.454542,30,3339.542715
20.454542,30,3339.542799
20.539877,30,3339.542843
20.454542,30,3339.542882
7.202709,10,3339.542922
7.2053647,10,3339.542965
20.454542,30,3339.543006
20.454542,30,3341.451266
20.454542,30,3341.451344
20.539877,30,3341.451364
20.454542,30,3341.451379
20.539877,30,3341.451396
20.454542,30,3341.451411
20.454542,30,3341.451426
6.409091,9,3341.45144
20.454542,30,3341.451455
20.539877,30,3343.423281
20.454542,30,3343.423387
20.454542,30,3343.423419
6.4068556,9,3343.423443
20.454542,30,3343.423466
20.454542,30,3343.423492
20.454542,30,3343.423515
20.454542,30,3343.423538
20.454542,30,3343.42356
20.539877,30,3345.467909
20.454542,30,3345.467979
3.2023098,5,3345.470264
20.454542,30,3345.470292
20.539877,30,3345.470303
1.597429,3,3345.470312
20.454542,30,3345.470322
1.597429,3,3345.47033
20.454542,30,3347.396177
20.454542,30,3347.396247
7.2102275,10,3347.396261
20.539877,30,3347.396274
20.454542,30,3347.396287
2.4011736,4,3347.396298
20.454542,30,3347.39631
3.2023098,5,3347.396322
20.454542,30,3352.922642
20.540047,30,3352.922717
20.454542,30,3354.809123
11.062499,16,3354.809227
20.545685,30,3356.599485
20.454542,30,3356.599551
20.545685,30,3356.599566
20.454542,30,3356.599576
20.545685,30,3356.599587
20.454542,30,3356.599597
20.454542,30,3356.599608
20.454542,30,3356.599617
20.454542,30,3360.380162
20.454542,30,3360.380225
20.454542,30,3360.380236
14.710226,21,3360.380244
20.454542,30,3360.380252
20.454542,30,3362.209141
20.454542,30,3362.209208
20.454542,30,3362.209224
20.454542,30,3364.022795
20.454542,30,3365.917263
20.454542,30,3365.917327
20.454542,30,3367.76674
20.454542,30,3369.713014
20.690943,30,3371.522317
20.571642,30,3373.50864
20.688335,30,3373.508721
21.878841,30,3375.347876
21.647724,30,3375.347953
21.640205,30,3375.347973
21.520887,30,3377.328281
14.106115,21,3377.328346
6.818181,11,3377.328357
3.409091,6,3377.328366
21.528406,30,3377.328373
6.818181,11,3377.328382
21.640205,30,3379.319149
21.966833,30,3379.31928
21.406853,30,3379.319322
21.287535,30,3381.178102
21.284906,30,3381.178172
21.764807,30,3381.178187
11.590907,18,3381.178199
21.642862,30,3383.143184
21.131605,30,3385.180019
21.528406,30,3385.180085
21.528406,30,3385.180098
21.048897,30,3385.180108
21.048897,30,3385.180117
21.40157,30,3387.029722
21.494423,30,3387.029854
21.40157,30,3387.029967
21.284906,30,3388.950191
21.17045,30,3390.862448
21.162933,30,3390.862526
21.04627,30,3390.862544
20.804998,30,3390.862563
20.924295,30,3392.838746
21.048897,30,3392.838871
21.048897,30,3392.838908
21.051132,30,3392.83894
21.128948,30,3392.838974
20.931814,30,3394.790893
20.924295,30,3394.790958
2.7272727,5,3394.790973
20.804998,30,3396.586979
20.688335,30,3396.587046
20.812496,30,3396.590106
20.804998,30,3396.590155
20.804998,30,3396.590172
20.807634,30,3396.590185
20.81026,30,3396.590198
20.688335,30,3398.391337
20.776278,30,3398.391406
20.690943,30,3398.391423
20.688335,30,3398.391436
20.690943,30,3398.39145
20.690943,30,3398.391463
20.77367,30,3398.391475
20.688335,30,3398.391487
20.690943,30,3398.391499
20.571642,30,3400.202567
14.999997,23,3400.202634
20.571642,30,3400.202648
20.659195,30,3400.202659
20.571642,30,3400.202669
20.571642,30,3400.202679
20.571642,30,3400.202689
6.136363,10,3400.202698
20.656977,30,3400.202708
20.571642,30,3400.202717
20.57386,30,3400.202726
14.999997,23,3400.202735
20.454542,30,3402.030104
20.454542,30,3402.030173
20.454542,30,3402.033911
20.454542,30,3402.033958
20.454542,30,3402.033973
20.454542,30,3402.033997
20.539877,30,3402.034009
20.454542,30,3402.034019
20.454542,30,3403.978486
20.454542,30,3403.978588
20.454542,30,3403.978605
20.454542,30,3403.978616
20.454542,30,3403.978628
20.539877,30,3403.978639
20.454542,30,3403.97865
2.7272727,5,3405.765629
2.2792473,4,3407.62031
6.818181,11,3407.620382
2.1625543,4,3407.620401
20.454542,30,3409.452001
20.454542,30,3409.45215
20.454542,30,3411.354935
20.539877,30,3411.355011
20.454542,30,3413.264291
20.539877,30,3413.264354
20.539877,30,3413.264365
20.454542,30,3413.264375
1.597429,3,3413.264384
4.003446,6,3415.16177
4.8045826,7,3417.012017
20.454542,30,3417.012076
20.454542,30,3417.012091
20.454542,30,3417.012101
20.454542,30,3417.01211
20.454542,30,3417.012119
20.454542,30,3418.850275
20.454542,30,3418.850339
20.539877,30,3418.854153
6.409091,9,3420.696855
20.454542,30,3420.696955
3.2045453,5,3420.696986
8.056875,11,3422.545743
20.454542,30,3422.54587
2.3989275,4,3424.417285
8.006501,11,3424.417353
9.162919,12,3424.417365
20.454542,30,3424.417374
2.757267,4,3424.417384
7.2102275,10,3426.225959
8.559653,11,3426.226059
2.403409,4,3426.226096
5.605719,8,3426.226121
9.360789,12,3426.226143
20.454542,30,3426.226166
5.3603907,7,3426.22619
20.454542,30,3428.094231
1.597429,3,3428.094316
20.454542,30,3430.038335
1.6022727,3,3430.038422
8.9647,11,3430.045933
20.454542,30,3430.045993
21.248783,30,3431.933662
20.57386,30,3431.933721
20.886234,30,3431.933734
1.597429,3,3431.933744
3.1996822,5,3433.874264
20.454542,30,3433.874332
21.368101,30,3433.874348
20.454542,30,3433.874361
20.454542,30,3433.874373
21.368101,30,3433.874384
20.454542,30,3433.874397
20.454542,30,3435.750578
20.454542,30,3435.750669
2.403409,4,3435.762716
20.454542,30,3435.762752
8.054113,9,3435.762764
8.804981,12,3435.762773
8.860667,12,3435.762782
0.7989179,2,3437.645978
20.454542,30,3437.646068
11.208389,15,3437.646092
20.454542,30,3437.646115
20.454542,30,3437.646136
14.10452,20,3437.646155
20.454542,30,3439.538271
10.412537,14,3439.538373
7.202709,10,3439.538403
20.454542,30,3441.469248
20.454542,30,3441.46931
1.597429,3,3441.469322
1.597429,3,3441.469331
20.454542,30,3441.469339
4.0008187,6,3441.469348
20.454542,30,3441.469356
11.402213,13,3441.469364
7.202709,10,3443.390728
20.454542,30,3443.390799
1.597429,3,3443.390815
8.8125,12,3443.390828
15.82611,22,3443.390839
21.964691,30,3443.390851
16.812262,22,3443.390864
21.964691,30,3445.290224
3.1996822,5,3445.290309
5.600436,8,3445.290335
21.964691,30,3447.203591
20.454542,30,3447.203653
20.454542,30,3447.203666
21.964691,30,3447.203678
20.454542,30,3449.005634
20.454542,30,3449.005696
20.454542,30,3449.00571
20.454542,30,3449.005723
20.454542,30,3449.005735
13.254233,18,3450.785545
4.446628,7,3450.785612
20.454542,30,3450.785627
20.539877,30,3450.78564
2.9636736,5,3450.785652
20.454542,30,3450.785665
20.454542,30,3452.639633
20.539877,30,3452.639697
20.539877,30,3452.639708
19.295559,29,3452.639717
20.454542,30,3452.639726
20.539877,30,3452.639733
21.964691,30,3452.639742
20.804998,30,3454.531878
20.539877,30,3454.531962
20.539877,30,3454.531984
20.454542,30,3454.532001
20.454542,30,3454.532019
20.688335,30,3454.532034
20.539877,30,3454.532051
20.571642,30,3454.532066
20.539877,30,3456.441685
20.690943,30,3456.44179
20.688335,30,3456.441832
20.454542,30,3456.441865
20.571642,30,3456.441911
20.454542,30,3456.441937
20.571642,30,3456.44196
20.454542,30,3456.441982
20.571642,30,3456.442006
20.454542,30,3458.332938
20.571642,30,3458.33302
20.656977,30,3458.333046
20.454542,30,3458.333064
20.454542,30,3460.252016
20.454542,30,3460.2521
9.42155,14,3462.16145
21.17045,30,3464.089474
22.35877,30,3469.600764
20.693178,30,3471.527159
23.549812,30,3473.486959
22.12276,30,3473.48703
23.793571,30,3475.29058
21.881498,30,3477.103181
21.759523,30,3478.885184
21.642862,30,3480.707698
21.647724,30,3480.707758
21.528406,30,3482.525306
21.528406,30,3482.525427
21.523544,30,3482.525473
21.523544,30,3482.525505
21.520887,30,3482.525553
21.528406,30,3482.52558
21.494593,30,3484.523262
21.284906,30,3486.345846
21.375273,30,3486.345938
18.99816,28,3486.345955
21.17045,30,3488.327222
21.28977,30,3488.327278
21.17045,30,3488.32729
21.165588,30,3488.327297
21.28977,30,3490.308827
21.043613,30,3490.308889
21.051132,30,3490.308902
21.051132,30,3490.308912
21.04627,30,3490.308921
20.926952,30,3492.114634
20.924295,30,3492.114694
21.287535,30,3492.114704
17.520489,26,3492.114711
4.090909,7,3493.926028
20.804998,30,3493.926114
20.895765,30,3493.926136
20.812496,30,3493.926153
21.17045,30,3493.926168
21.160715,30,3495.889638
20.688335,30,3495.88971
20.693178,30,3495.889725
15.681815,24,3497.731493
20.812496,30,3497.731608
20.690943,30,3497.731649
20.688335,30,3497.731678
20.924295,30,3497.731703
8.181817,13,3497.73173
20.571642,30,3497.731755
20.571642,30,3497.731781
20.57386,30,3497.731806
20.924763,30,3499.6809
20.454542,30,3499.680956
20.571642,30,3499.680966
20.924295,30,3499.680974
20.81026,30,3499.680981
17.84437,27,3499.680988
20.660187,30,3499.680995
20.807634,30,3501.513491
20.812496,30,3501.513557
20.693178,30,3501.513572
20.693178,30,3503.320389
20.69096,30,3503.320511
21.003323,30,3503.32055
20.690943,30,3503.320587
20.57386,30,3505.273225
20.57386,30,3505.273285
20.57386,30,3505.273295
20.454542,30,3505.273304
20.454542,30,3507.127798
20.454542,30,3507.127865
20.454542,30,3507.12788
20.454542,30,3507.127893
20.454542,30,3507.127904
20.454542,30,3507.127916
20.454542,30,3509.066255
20.454542,30,3509.066316
20.454542,30,3509.066327
2.3959103,4,3509.066336
20.454542,30,3509.066344
20.454542,30,3509.066352
20.454542,30,3509.06636
20.454542,30,3510.960224
20.454542,30,3510.960295
20.454542,30,3510.960309
20.454542,30,3510.960322
20.454542,30,3510.960334
20.454542,30,3510.960345
2.3959103,4,3510.960356
20.454542,30,3510.960367
20.454542,30,3510.960378
20.454542,30,3512.876152
20.454542,30,3512.87622
20.454542,30,3512.876235
20.454542,30,3512.876247
20.454542,30,3512.876258
20.454542,30,3512.876271
20.454542,30,3512.876281
20.454542,30,3512.876292
20.454542,30,3512.876303
20.454542,30,3514.755252
20.454542,30,3514.758519
20.454542,30,3514.758576
20.454542,30,3514.758594
20.454542,30,3516.666
20.454542,30,3516.666059
20.454542,30,3518.530441
20.454542,30,3520.602184
20.454542,30,3525.947782
20.454542,30,3527.859667
20.454542,30,3529.757767
20.454542,30,3531.663306
20.454542,30,3533.554021
20.454542,30,3535.464297
20.454542,30,3537.338085
20.454542,30,3539.293663
20.539877,30,3539.293752
20.454542,30,3539.293779
20.57386,30,3539.293797
20.539877,30,3539.293813
20.454542,30,3539.29383
20.539877,30,3541.076301
20.454542,30,3542.943223
20.539877,30,3542.943308
20.454542,30,3542.943348
20.454542,30,3544.912777
20.539877,30,3544.914973
20.539877,30,3544.915029
20.539877,30,3544.915062
20.454542,30,3546.728581
20.454542,30,3546.728669
20.454542,30,3546.728694
20.454542,30,3546.728712
20.539877,30,3546.728728
20.539877,30,3548.628764
20.454542,30,3548.628832
20.539877,30,3548.628846
20.454542,30,3548.628857
20.454542,30,3550.586798
20.454542,30,3550.586872
20.454542,30,3550.589496
20.454542,30,3550.589539
20.539877,30,3550.589555
20.890333,30,3552.356186
21.486904,30,3552.356266
20.57386,30,3552.356286
20.571642,30,3554.317258
20.688335,30,3554.317325
20.571642,30,3554.317341
20.688335,30,3554.317354
20.924295,30,3554.317365
21.165588,30,3554.317377
20.571642,30,3554.317388
21.287535,30,3554.317398
20.656977,30,3554.31741
20.454542,30,3556.167205
21.04627,30,3556.167275
20.571642,30,3556.171576
20.454542,30,3556.171611
20.57386,30,3556.17162
21.248268,30,3556.171629
20.688335,30,3556.171638
6.136363,10,3558.03217
21.04627,30,3558.032242
20.454542,30,3558.032257
5.454545,9,3558.032271
2.0454545,4,3558.032284
16.480734,25,3558.032296
20.690943,30,3559.932587
20.804998,30,3559.932685
20.926952,30,3559.932713
20.688335,30,3561.830308
20.895596,30,3561.830369
20.804998,30,3561.830379
20.57386,30,3561.830398
20.688335,30,3563.823755
20.77367,30,3563.823875
20.57386,30,3563.823912
20.690943,30,3563.823941
20.693178,30,3563.823972
20.688335,30,3563.824024
20.571642,30,3565.812976
20.571642,30,3565.813041
20.571642,30,3565.813056
20.571642,30,3565.813068
20.571642,30,3565.813078
20.571642,30,3565.813088
20.656977,30,3565.813099
20.539877,30,3567.613585
20.454542,30,3567.613654
19.772724,30,3567.613667
20.454542,30,3567.613679
20.454542,30,3567.61369
20.454542,30,3567.6137
20.454542,30,3567.613709
20.454542,30,3567.613719
20.454542,30,3569.412552
20.454542,30,3569.412653
20.454542,30,3569.412683
20.454542,30,3569.412706
20.454542,30,3569.412726
20.454542,30,3569.412748
20.454542,30,3569.412768
20.539877,30,3569.412788
20.454542,30,3569.412809
20.454542,30,3571.228169
20.454542,30,3571.228237
20.454542,30,3571.228255
20.454542,30,3571.228267
20.454542,30,3573.234082
20.454542,30,3573.234212
20.454542,30,3575.189071
20.454542,30,3576.891862
2.8443725,5,3578.659955
6.818181,11,3580.606635
2.8443725,5,3580.606708
20.886234,30,3582.386915
20.454542,30,3584.227912
20.454542,30,3586.181227
20.454542,30,3587.987013
11.026189,17,3589.769583
20.454542,30,3589.769641
20.454542,30,3591.63246
20.454542,30,3593.579824
20.454542,30,3595.413873
20.454542,30,3595.414091
20.454542,30,3595.414111
20.454542,30,3595.414125
20.454542,30,3595.414139
20.454542,30,3599.073004
20.454542,30,3599.073063
20.454542,30,3599.073076
20.454542,30,3600.922738
20.454542,30,3600.922807
20.454542,30,3600.922825
20.454542,30,3600.922837
18.409088,28,3602.851804
20.539877,30,3602.851885
20.454542,30,3602.851905
20.539877,30,3602.851922
20.539877,30,3602.851938
20.454542,30,3602.851953
20.454542,30,3604.795304
20.454542,30,3604.795415
20.454542,30,3604.795456
20.454542,30,3604.795489
20.539877,30,3606.648921
20.454542,30,3606.649077
20.454542,30,3606.649123
20.454542,30,3608.52966
20.454542,30,3608.529727
20.454542,30,3608.529742
20.454542,30,3610.518943
18.494423,28,3610.519006
20.454542,30,3610.521599
20.539877,30,3610.52163
20.454542,30,3610.52164
20.454542,30,3610.521648
18.611523,28,3610.521656
20.454542,30,3610.521663
20.454542,30,3610.52167
20.454542,30,3610.521677
20.539877,30,3610.521685
20.454542,30,3612.337736
20.454542,30,3612.337879
20.571642,30,3612.337937
16.363634,25,3612.337948
20.454542,30,3612.337959
20.454542,30,3612.337969
20.454542,30,3612.337979
20.539877,30,3612.337989
4.090909,7,3612.337998
20.454542,30,3614.272933
20.571642,30,3614.272989
20.454542,30,3614.273
20.454542,30,3616.161182
20.454542,30,3616.161243
1.480736,3,3616.161263
20.454542,30,3618.095947
20.571642,30,3618.096053
20.454542,30,3618.096074
20.454542,30,3618.096091
20.454542,30,3619.852272
20.454542,30,3619.852347
20.454542,30,3619.852367
20.656977,30,3619.852385
20.571642,30,3619.8524
20.454542,30,3619.852418
20.454542,30,3621.752178
20.539877,30,3621.752259
20.454542,30,3621.752282
20.539877,30,3621.752299
20.539877,30,3621.752316
20.539854,30,3621.752332
20.539854,30,3623.685326
20.454542,30,3623.685394
20.539877,30,3623.68541
20.454542,30,3623.685424
20.539877,30,3623.685436
20.454542,30,3623.685447
20.454542,30,3623.685459
20.454542,30,3623.685471
20.454542,30,3625.570438
20.454542,30,3625.570499
20.454542,30,3625.570513
20.454542,30,3625.570525
20.539883,30,3625.570537
20.657005,30,3625.570547
20.571642,30,3625.570558
20.454542,30,3625.570568
20.571642,30,3627.379231
20.454542,30,3627.379295
20.539877,30,3627.379311
20.454542,30,3629.174562
20.454542,30,3629.174619
20.540846,30,3631.02026
20.653387,30,3632.826944
20.886234,30,3634.673681
4.090909,7,3634.673752
20.454542,30,3636.571314
20.454542,30,3636.571393
20.539877,30,3638.448812
10.312606,16,3640.365538
20.539877,30,3640.365616
4.772727,8,3642.19044
10.994424,17,3642.1905
20.454542,30,3642.190511
20.454542,30,3643.995699
20.454542,30,3645.767742
20.454542,30,3645.767803
9.545453,15,3647.577218
20.454542,30,3647.577278
20.454542,30,3649.377539
20.454542,30,3651.283821
11.676271,18,3651.283895
20.454542,30,3651.283913
20.539877,30,3651.283925
20.454542,30,3651.283936
20.454542,30,3651.283947
20.454542,30,3654.884975
20.454542,30,3654.885062
20.454542,30,3656.651567
20.454542,30,3656.662353
20.454542,30,3656.662422
20.454542,30,3656.66244
20.454542,30,3658.488915
20.454542,30,3658.488983
20.454542,30,3658.489
20.454542,30,3658.489015
20.454542,30,3658.489028
20.454542,30,3658.48904
20.539877,30,3660.290708
20.539877,30,3660.290781
20.539877,30,3660.290797
20.454542,30,3660.290809
5.571645,9,3662.094223
20.454542,30,3662.094278
20.454542,30,3662.094296
20.454542,30,3662.094307
20.571642,30,3663.865554
20.539877,30,3663.865619
20.454542,30,3663.865631
20.571642,30,3665.75956
20.454542,30,3665.759634
20.454542,30,3665.759653
20.454542,30,3665.759668
20.539877,30,3665.759682
20.539877,30,3665.759697
20.454542,30,3665.75971
20.454542,30,3665.759724
20.539877,30,3667.681968
20.454542,30,3667.682037
20.625212,30,3667.682051
20.742311,30,3667.682061
20.454542,30,3667.682072
20.539877,30,3667.682081
20.454542,30,3667.682092
20.539877,30,3667.682102
20.454542,30,3667.682111
20.539877,30,3669.441369
20.539877,30,3669.441454
20.539854,30,3669.441481
20.454542,30,3671.324372
20.454542,30,3671.324436
20.539877,30,3671.324452
20.539906,30,3673.197454
20.454542,30,3673.197539
20.539877,30,3673.197558
20.454542,30,3674.977843
20.540047,30,3674.977931
20.454542,30,3674.977946
20.454542,30,3674.977956
20.539877,30,3674.977967
20.454542,30,3676.821764
20.539877,30,3676.821841
20.454542,30,3676.82186
20.539877,30,3676.821875
20.454542,30,3676.821906
20.890862,30,3678.657486
20.63102,30,3678.657559
20.454542,30,3678.662077
20.454542,30,3678.662118
20.545685,30,3678.662136
20.539877,30,3678.66215
20.454542,30,3678.662164
20.454542,30,3678.662178
20.454542,30,3680.50523
20.571642,30,3680.50532
20.571642,30,3680.505346
20.571642,30,3680.505367
20.539877,30,3680.505387
20.57386,30,3680.505405
20.571642,30,3680.505423
20.539877,30,3680.505441
20.454542,30,3682.322155
20.539877,30,3682.322225
20.454542,30,3684.200247
20.454542,30,3684.202897
20.454542,30,3685.947104
20.539877,30,3687.802865
20.454542,30,3689.556544
20.539877,30,3689.556619
20.454542,30,3691.483168
20.539877,30,3691.48323
17.045452,26,3691.48324
20.539877,30,3693.283847
20.454542,30,3695.104126
20.454542,30,3695.104206
20.454542,30,3696.891287
14.999997,23,3696.891356
20.454542,30,3696.891373
20.571642,30,3696.891387
8.863635,14,3698.687796
20.539877,30,3700.496432
15.43169,23,3702.356817
20.454542,30,3702.356896
20.454542,30,3702.356914
16.566069,25,3702.356931
20.656977,30,3704.265702
9.545453,15,3704.265781
20.539877,30,3706.102012
1.480736,3,3706.102081
8.94897,14,3706.102097
20.539877,30,3706.102108
20.625195,30,3706.102121
20.454542,30,3706.102133
20.454542,30,3706.102144
14.999997,23,3706.102155
20.454542,30,3706.102166
20.540047,30,3709.784808
20.571642,30,3711.615308
20.454542,30,3711.615398
20.454542,30,3711.615424
20.454542,30,3713.465993
20.454542,30,3713.466054
20.545685,30,3713.466065
20.539877,30,3713.466075
20.454542,30,3713.466084
20.454542,30,3713.466093
20.57386,30,3715.422948
20.886234,30,3715.423079
20.57386,30,3715.423122
20.454542,30,3717.285924
20.454542,30,3717.286011
20.454542,30,3717.28603
20.539877,30,3717.286045
20.454542,30,3719.11241
20.454542,30,3719.11248
20.454542,30,3720.920998
20.454542,30,3720.927056
20.539877,30,3720.927117
20.454542,30,3720.92714
20.454542,30,3720.927159
20.454542,30,3720.927177
20.454542,30,3720.927192
20.454542,30,3720.927209
20.454542,30,3722.902366
20.454542,30,3722.902442
20.454542,30,3722.902461
20.454542,30,3722.902476
20.454542,30,3722.902493
20.454542,30,3722.902508
20.454542,30,3722.902524
20.454542,30,3722.902539
20.454542,30,3722.902553
20.454542,30,3724.716013
20.454542,30,3724.71611
20.539877,30,3724.716144
20.454542,30,3726.537051
20.454542,30,3726.537138
20.454542,30,3726.537172
20.454542,30,3728.450652
20.454542,30,3728.450738
20.454542,30,3730.327395
20.454542,30,3730.327517
20.454542,30,3730.327554
20.454542,30,3730.327584
20.454542,30,3730.327615
20.454542,30,3732.278653
20.454542,30,3732.278723
20.454542,30,3732.278737
20.454542,30,3732.278748
20.454542,30,3734.188629
20.454542,30,3734.188692
20.454542,30,3734.188705
20.539877,30,3734.188717
20.454542,30,3734.188727
20.454542,30,3734.188736
20.454542,30,3734.188746
20.539877,30,3734.188756
20.539877,30,3735.996456
20.539877,30,3735.996558
20.454542,30,3735.99659
20.454542,30,3735.996616
20.454542,30,3735.996637
20.539877,30,3735.996656
20.454542,30,3735.996677
20.454542,30,3737.807659
20.539877,30,3737.807717
20.454542,30,3739.672835
20.539877,30,3739.672905
20.454542,30,3741.519805
20.454542,30,3743.419969
20.540047,30,3745.322084
20.454542,30,3745.322147
20.454542,30,3747.120325
20.454542,30,3747.12041
20.454542,30,3747.120431
20.454542,30,3748.954356
20.689114,30,3750.823781
20.571642,30,3750.823836
20.454542,30,3752.68394
20.454542,30,3752.683997
20.454542,30,3752.684006
20.454542,30,3752.684014
20.454542,30,3754.528938
17.84437,27,3756.450464
20.454542,30,3758.377254
20.454542,30,3758.377324
20.539877,30,3758.377339
20.454542,30,3758.377351
20.571642,30,3760.186071
20.688335,30,3760.186132
20.571642,30,3761.994551
20.571642,30,3761.994607
21.1198,30,3761.994619
20.454542,30,3761.99463
20.571642,30,3761.994639
20.454542,30,3761.994647
20.539877,30,3761.994656
20.454542,30,3761.994664
14.318179,22,3761.994672
20.571642,30,3765.675294
20.539877,30,3767.536707
20.454542,30,3767.536774
19.17624,29,3767.536789
20.539877,30,3767.536802
20.454542,30,3769.484626
20.454542,30,3769.484687
20.454542,30,3769.484698
20.454542,30,3769.484708
20.454542,30,3769.484716
20.454542,30,3771.318244
20.454542,30,3771.318313
20.539877,30,3771.318328
20.454542,30,3773.273844
20.454542,30,3773.273923
20.454542,30,3773.273937
20.539877,30,3773.273948
20.539877,30,3775.192961
20.454542,30,3775.193042
20.454542,30,3777.004529
20.454542,30,3777.004596
20.454542,30,3777.007197
20.454542,30,3777.00724
20.454542,30,3777.007255
20.454542,30,3777.007268
20.454542,30,3777.00728
20.454542,30,3778.825341
20.454542,30,3778.825469
20.653387,30,3778.825507
20.454542,30,3778.825537
20.65336,30,3778.825569
20.454542,30,3778.825597
20.539877,30,3778.825626
20.454542,30,3778.825655
20.539877,30,3778.825682
15.880661,24,3780.806097
20.771713,30,3780.806165
20.539877,30,3780.806181
20.454542,30,3780.806194
8.863635,14,3782.663476
20.454542,30,3782.663538
20.454542,30,3782.663551
2.477147,4,3782.663561
20.454542,30,3782.663571
20.454542,30,3784.550691
21.01015,30,3784.550804
20.890863,30,3786.473176
20.454542,30,3786.47323
21.129465,30,3786.47324
3.1996822,5,3786.473249
21.010153,30,3786.473257
20.539877,30,3786.473265
9.662553,15,3786.473273
20.454542,30,3788.301812
20.454542,30,3788.301879
20.454542,30,3788.301946
21.248783,30,3788.301965
1.6022727,3,3790.104488
20.539877,30,3790.104573
20.454542,30,3790.104596
20.539877,30,3790.104613
20.454542,30,3790.104631
20.539877,30,3790.104648
20.539877,30,3790.104663
20.454542,30,3790.104678
20.454542,30,3790.104693
20.454542,30,3791.934974
20.653387,30,3791.935038
1.5982071,3,3791.93505
20.454542,30,3791.93506
20.454542,30,3791.935069
20.625212,30,3791.935077
20.454542,30,3791.935086
20.454542,30,3793.855364
20.454542,30,3793.855449
20.539877,30,3795.813643
20.771713,30,3795.813706
20.454542,30,3797.623551
20.454542,30,3799.428374
11.590907,18,3801.371865
20.771713,30,3801.371927
20.771713,30,3801.371941
