#{"t_start": 1774912043.0290809, "env_id": "None"}
r,l,t
1.0486317,2,5.69813
1.7649229,3,7.52452
1.9583726,3,7.524592
1.6504337,3,7.52461
2.7613456,4,9.372523
3.5584104,5,11.105738
4.1182256,5,11.10598
4.1661186,6,12.90938
4.248229,6,12.909461
1.9583726,3,12.909514
2.9573765,4,14.684968
5.9532213,7,14.685066
6.559055,8,16.492411
5.562374,8,16.492484
7.1557994,9,18.185765
1.6000372,3,18.185833
7.7521152,9,18.185847
2.6012802,4,18.185856
8.154052,10,19.974337
7.964729,10,19.974423
6.0042486,9,21.639974
1.9583726,3,23.369563
8.927594,12,23.369651
4.8139777,7,25.259085
10.004975,13,25.259164
7.803392,10,25.259181
8.817257,13,25.259196
10.154951,13,25.259209
8.815236,13,25.259221
1.9602091,3,26.877405
9.346657,14,26.877508
5.7601547,7,30.40869
11.897296,17,32.263523
3.5606453,5,32.263603
2.1959543,3,32.263623
5.2535863,8,32.263638
12.469411,18,34.034999
5.088711,8,34.035083
7.4910946,11,35.984444
10.031791,15,35.984529
5.653392,9,35.98455
5.3309736,7,37.737205
6.191373,7,39.683245
3.1978648,5,41.589275
6.9287667,10,43.506655
10.685476,14,43.50674
4.1683264,6,43.506762
2.9592168,4,43.506777
22.587626,24,45.234114
16.979021,24,45.234203
17.991545,20,47.046675
6.7567134,8,47.046764
17.636272,25,47.046788
16.762104,25,47.046807
3.2830985,5,47.046822
14.708109,20,50.567423
10.566604,14,50.567517
12.248194,14,50.567535
1.480736,3,52.475821
6.2021217,9,52.475888
4.0565634,6,56.250638
12.223094,17,56.250715
22.62756,30,56.250733
23.94517,30,56.250746
21.06513,30,56.250758
22.8082,30,56.250771
1.9583726,3,56.250783
21.804594,30,56.250796
22.043259,30,56.250807
12.338518,17,56.25082
5.920455,7,59.554512
11.597941,15,59.554606
1.7649229,3,61.453446
8.299174,12,61.453561
5.8077345,8,61.453584
11.689431,15,61.453603
4.208119,6,61.453619
2.2488844,4,63.268815
4.92059,6,63.268892
9.239592,12,65.103443
4.5574136,6,66.919016
22.234917,30,66.919096
1.6482117,3,66.919114
4.7261577,7,68.826013
20.539854,30,68.826091
6.7583003,8,70.686591
21.71981,30,70.686671
10.005996,13,70.686685
11.954742,14,72.497409
8.758299,10,74.477461
3.0811617,5,74.477579
13.53543,19,76.426136
4.720505,7,76.426217
21.332209,30,78.361911
17.007792,24,78.361995
14.450128,19,78.362019
4.003446,6,78.362037
3.2023268,5,78.362054
10.6474085,13,79.955697
1.9200126,3,81.690499
10.810699,13,85.57106
2.7591155,4,85.571156
19.49469,27,85.57118
26.796913,30,85.571199
7.7530394,9,87.364625
3.5584104,5,87.364705
4.4022474,6,89.134947
18.04678,24,89.135054
4.187257,6,89.135088
8.154179,10,89.135114
6.997517,9,90.903741
7.362427,9,90.903801
18.979015,26,90.903815
14.747779,21,90.903825
21.606512,27,92.959894
12.895712,18,92.959984
15.298631,20,92.960005
10.453426,13,92.96002
3.7581232,5,94.840756
17.716173,24,94.840847
10.754215,12,94.840871
10.89812,16,96.640142
3.2045453,5,98.435013
2.0454545,4,98.435101
2.818415,5,100.166308
2.5660536,4,100.166394
13.218123,18,100.166412
7.5082283,9,101.827067
18.555874,25,101.827174
19.92787,23,103.645241
7.144552,11,105.475747
2.812777,5,105.475837
16.950293,24,105.475863
5.1400127,8,107.346174
5.7705994,8,107.346265
4.772727,8,109.172616
13.80334,17,109.172705
18.166498,22,110.955666
20.625166,30,110.955749
9.928417,13,115.676052
5.589839,7,115.67611
2.3985653,4,115.676128
21.75989,30,115.676139
21.0159,29,115.676148
3.5284092,6,117.382284
21.163158,29,117.382355
7.4103985,10,119.224572
3.7923133,5,119.224631
12.014789,17,122.054432
3.794167,5,122.054538
10.773971,15,123.969649
3.1205497,4,123.969748
19.271814,25,123.969773
7.245911,10,127.551072
6.595475,9,127.551179
14.491759,19,127.551198
4.503936,7,130.10533
15.586568,21,135.577957
13.779946,19,138.421336
15.768586,23,138.421477
6.3618135,9,138.421573
21.562717,30,138.421608
22.286455,30,140.295887
11.403591,17,140.295955
14.818066,21,140.295972
18.75547,27,142.059451
21.889912,28,142.059538
1.7671529,3,142.059561
7.0043745,9,142.059578
4.853596,7,143.917944
1.6000543,3,143.922111
20.881401,28,143.922183
20.853014,30,143.922204
9.650788,14,146.469839
22.980207,30,146.469905
2.6012802,4,146.469919
9.731902,13,148.24663
2.284091,4,148.246712
2.5634325,4,149.864973
8.336552,12,151.605131
6.4722514,8,156.025955
23.50535,29,156.02621
6.0150867,9,159.303761
20.625193,30,159.303834
13.533192,19,161.634461
20.943354,30,161.634548
4.2899303,7,163.263521
2.5642135,4,163.263608
20.869633,30,163.263625
5.0887065,8,163.263639
21.95577,30,165.270491
10.173747,14,165.270564
14.737984,20,167.243783
9.78409,15,171.705088
20.625235,30,171.705715
1.795329,3,171.705819
21.078978,29,173.34666
23.978508,30,175.205344
20.972885,30,175.205424
12.09692,17,177.661626
23.052181,30,177.661747
22.78504,30,179.524586
3.4464786,5,181.268346
21.850986,30,181.268606
9.595701,14,183.010914
14.326031,21,183.014284
3.8477137,6,183.014319
20.973257,30,183.014331
8.616069,13,185.624011
23.94643,30,187.705461
2.1317585,4,187.705635
5.884957,9,189.355116
10.571028,14,189.355201
17.004887,24,191.305583
3.4024167,5,191.305652
10.541009,16,195.805122
1.7649229,3,197.647001
10.978919,16,197.647087
16.151258,23,197.647103
23.420084,30,197.647115
3.9894397,5,197.647127
21.608673,30,199.571349
12.305993,18,199.571415
6.194399,8,199.571431
14.3771,20,203.57255
21.49016,30,203.572641
23.646038,30,203.572656
22.120872,30,205.287397
21.05921,30,205.287474
6.339793,10,205.2875
20.86484,30,205.28752
21.515966,30,207.362771
12.833165,17,209.767284
5.253587,8,213.363649
5.208189,8,213.363736
9.49462,12,215.138187
11.489375,16,215.138281
24.850605,30,219.846869
1.9602091,3,219.846954
22.99125,30,221.570001
14.650717,20,221.570076
20.861607,30,223.224442
12.29534,15,226.14622
19.514431,26,226.146329
9.259305,14,228.07332
21.399107,30,228.073387
3.1974366,5,229.784514
15.634972,21,229.784578
8.165471,12,231.467495
11.402335,17,231.467569
1.6471453,3,231.467584
4.0853896,6,231.467596
16.992321,25,234.064955
2.818415,5,234.06504
20.897831,30,236.004608
22.274351,30,237.888847
21.787178,30,237.888912
18.689346,25,239.62899
8.884749,12,239.62909
8.044179,10,242.172656
4.4150314,7,242.172742
17.414875,22,244.242135
21.951431,30,244.242232
4.59307,7,244.242261
13.493479,19,244.242279
15.258036,21,246.149227
10.115898,13,247.938256
14.580144,21,247.938336
22.207867,30,250.487866
5.7222023,8,250.487938
17.869448,26,250.487952
7.198397,9,252.179822
5.168327,7,255.769886
1.9583726,3,255.773896
7.874647,12,255.773984
21.698587,30,258.741911
3.4075139,5,258.744
20.736456,30,260.674057
6.451509,10,264.232959
23.50954,30,264.233044
20.744535,30,264.233067
21.21498,30,266.71089
22.795431,30,266.710979
7.49329,11,268.415645
22.11108,30,270.31241
1.278391,2,270.312479
9.4511385,13,270.312492
9.735893,13,270.312502
13.913905,20,272.104013
15.978345,22,272.104107
1.9602091,3,272.104137
5.492182,8,274.863652
21.801144,30,274.863726
23.713375,30,276.514214
15.4762,22,276.514472
1.6000372,3,276.514596
10.926273,15,279.853209
11.923686,15,282.656312
2.5682893,4,282.656388
12.05709,16,282.656405
19.00239,26,284.426584
7.0489907,10,284.426675
6.772831,10,284.426701
2.284091,4,284.426722
2.4011736,4,284.426741
23.547478,30,286.105994
13.942799,19,286.106092
1.7649229,3,290.734616
1.2765543,2,290.7347
21.140348,30,290.734723
7.8095555,11,292.454536
2.583331,4,292.454797
19.99834,27,294.266761
8.615882,13,294.266839
17.878561,26,294.266863
7.5694394,11,296.104595
22.722294,30,296.10467
0.96601653,2,296.104688
1.7649229,3,296.104702
20.571642,30,299.044626
4.2955914,7,299.044726
2.403409,4,299.04475
24.249676,30,299.044767
20.861616,30,300.835873
3.2023098,5,300.835955
13.219252,17,304.126226
21.702784,30,304.126289
16.53622,21,306.639001
1.6000372,3,306.639082
4.208509,6,306.639102
3.3991742,5,306.639119
13.770456,17,310.255156
9.180808,14,310.255242
9.621224,14,310.255263
19.517712,26,310.255279
9.359163,12,310.255295
4.8920455,8,310.25531
5.0488167,7,311.84331
11.616546,15,311.843603
6.6066523,9,311.843749
4.652293,7,314.203553
23.31294,30,315.847265
19.575106,23,315.847367
1.853301,3,315.847402
20.824017,30,315.84742
6.0462728,9,315.847436
7.198253,9,315.847449
25.027092,30,315.847463
1.795329,3,315.847476
2.3993435,4,317.530975
24.302122,30,319.333213
4.2877455,7,319.333384
1.9275646,3,322.020462
13.518351,15,325.468454
5.7636533,8,327.067407
3.5261908,6,327.067504
12.569998,18,331.778887
21.465141,30,331.778951
23.573122,30,331.778963
21.48323,30,331.778973
20.850054,30,340.127404
20.884209,30,343.772995
21.764448,30,343.77308
11.827309,18,348.177108
7.1139765,11,348.177199
11.058303,16,349.775108
21.217348,30,351.59025
20.933172,30,355.860528
2.908734,5,357.790163
23.004478,30,357.790253
17.3854,24,361.856571
20.625235,30,363.665198
12.07074,18,363.665273
23.63005,30,363.665288
21.375484,30,365.575406
21.411865,30,365.575473
22.978918,30,365.580539
19.793137,28,365.580699
21.150387,30,370.171661
21.413189,30,370.171726
21.618458,30,372.044749
11.062633,16,372.045663
8.572858,12,373.891161
20.212696,29,373.891222
21.144875,30,375.851621
21.374905,30,375.851713
20.76828,30,375.851733
20.920021,30,375.851749
21.03438,30,375.851765
21.120487,30,380.263928
21.377478,30,380.263988
22.368134,30,382.10627
2.1317585,4,382.10636
4.8843074,7,386.403754
3.855258,5,386.403833
19.357498,27,386.403851
4.9876413,6,388.165599
7.2072854,9,388.165702
21.918985,30,388.165722
4.3991456,6,388.16574
1.7671529,3,388.165757
8.504887,12,388.165773
12.092307,16,390.050844
21.977234,30,391.975389
9.704469,13,391.975478
21.776052,30,391.975498
22.56824,30,391.975511
5.0823874,7,394.885235
2.724045,4,394.885322
1.9602091,3,394.885346
7.9191146,10,394.885367
10.702527,14,394.885386
7.2149286,9,394.885404
13.461334,16,396.685859
8.760149,10,396.686065
2.5626516,4,396.686139
3.076305,4,396.686203
1.1240078,2,396.703241
10.883497,14,398.382443
1.9875622,3,398.38253
18.724096,27,398.382555
11.4009,14,400.351001
1.9602091,3,400.351092
15.547719,19,400.351114
1.1211282,2,402.893843
17.33613,22,402.893914
20.081,27,402.893933
2.7591155,4,402.893946
14.904376,20,404.750058
6.7560697,8,404.750138
22.719673,30,404.750155
0.96601653,2,406.677026
10.8423195,13,406.677231
7.5594735,9,406.67732
3.9590473,5,406.6774
5.955059,7,408.52631
3.9556112,5,408.526502
3.9590473,5,411.377992
0.96601653,2,411.378069
9.119695,10,411.37809
16.433447,22,411.378106
10.955333,12,411.37812
7.246204,9,411.378134
3.9572015,5,413.386478
7.4043007,9,413.386547
4.9571724,6,413.38656
7.9590125,9,413.38657
22.98827,30,413.386579
3.5602517,5,413.386587
2.7591155,4,413.386596
1.9602091,3,413.386604
11.522832,13,413.386612
8.277194,9,413.386621
20.525732,24,415.258792
1.9602091,3,415.258887
5.390612,7,415.258905
1.9602091,3,415.258919
24.176197,30,416.85073
11.446631,14,416.850813
8.557244,10,416.850832
2.7661605,4,419.686746
3.2753794,4,421.583957
2.7595088,4,421.584044
10.679775,12,423.512373
2.9592168,4,423.512439
4.959018,6,423.512458
3.40935,5,423.512471
3.9590473,5,423.512484
3.7611759,5,425.342027
6.2771945,7,425.342106
13.045028,14,425.342128
11.679667,14,425.342145
4.7579536,6,425.342161
9.756436,11,428.010198
1.9602091,3,428.010282
6.9184284,8,428.010301
14.3583765,16,429.819243
6.557235,8,429.819304
7.5613146,9,429.819318
9.955312,11,429.819327
3.794167,5,431.789328
10.955312,12,431.789395
11.591569,13,431.789417
2.908734,5,433.754215
3.9571974,5,433.754282
1.0831046,2,433.754298
0.8546482,2,433.754309
3.9571974,5,436.458379
1.7649229,3,436.458456
3.9571974,5,436.458472
9.754218,11,436.458483
8.953454,10,436.458495
2.41598,4,436.458506
6.7659564,8,436.458517
9.760148,11,436.458528
5.7579246,7,438.159966
8.847534,11,438.160028
1.278391,2,439.852566
2.9592168,4,439.852651
5.758473,7,439.852669
23.233505,30,444.335654
3.0522132,5,444.335738
3.3671954,5,444.335759
11.721726,13,444.335777
5.082293,6,444.335794
8.9534855,10,446.267838
6.1682982,8,446.267922
5.765957,7,446.267944
20.050411,21,446.26796
13.969435,16,446.267975
2.7591155,4,447.937757
6.754228,8,449.725968
12.76373,16,449.726188
25.087196,29,452.381058
9.839588,12,452.381365
10.282182,13,454.388168
7.7560687,9,454.388233
6.0488534,8,454.388246
20.160872,22,455.970036
6.567262,8,455.97017
3.9590473,5,455.970204
4.566241,6,455.970227
8.953725,10,455.970248
13.611095,17,457.775027
10.248873,12,457.775116
2.652321,4,457.775134
4.474139,6,460.408338
1.9583726,3,462.252613
11.951093,13,462.252689
20.941511,24,462.252707
5.690071,8,462.25272
7.163044,9,464.041648
4.359125,6,465.947132
2.757267,4,465.947223
1.5763971,3,468.687585
13.446631,16,468.687648
11.752769,13,470.654567
12.014113,15,470.654648
7.953727,9,470.654665
10.371336,13,470.654679
14.2446995,16,470.654693
16.20358,18,472.545259
11.022231,14,472.549518
6.75792,8,472.549691
22.65016,27,472.549717
1.9602091,3,472.549734
10.194629,13,472.549752
8.55905,10,474.704906
7.0058436,9,474.705171
8.254817,10,476.745003
4.765962,6,476.74527
2.9592168,4,476.74539
22.879885,26,476.745528
5.7579246,7,476.745637
8.146723,11,476.745744
1.9583726,3,478.6416
1.795329,3,478.641681
24.00174,26,478.641699
7.8044486,9,478.641714
2.8534377,4,478.641729
7.406135,9,480.553262
7.760149,9,480.553359
3.765991,5,480.553383
13.674661,15,480.553402
1.9602091,3,482.450418
3.9590473,5,482.450504
4.11232,5,482.450524
1.1985551,2,482.45054
1.9602091,3,482.450556
4.760184,6,482.450572
4.9875903,6,482.450587
1.9602091,3,482.450602
1.9602091,3,482.450617
7.195336,8,482.450632
3.9572065,5,485.14467
17.159859,19,485.144771
1.0508548,2,485.144792
14.7583,16,485.144809
6.760154,8,485.144826
22.15763,24,485.144842
21.863478,25,487.024467
13.20912,15,488.769806
1.795329,3,490.578457
3.0921602,5,490.578539
5.3661957,7,493.134151
5.451811,7,493.134405
16.553717,18,493.134522
4.0433874,6,493.134539
3.7603533,5,493.134554
3.7887948,5,493.134568
3.7562892,5,493.134581
10.161358,12,494.841581
8.201148,10,494.841669
7.957163,9,496.443195
5.3692274,7,496.443295
4.1756234,6,496.44332
4.3806195,7,496.443336
10.0997095,12,496.443354
1.7649229,3,496.443371
22.614918,27,498.246779
5.015204,7,498.246874
1.9583726,3,501.025887
11.843205,14,501.032006
6.2639227,9,501.032063
8.356722,10,501.032081
7.5930386,9,501.032096
9.959012,11,501.03211
8.561191,10,502.886273
4.27535,5,502.886356
2.2773986,3,502.886379
2.7591155,4,504.674508
3.9590473,5,504.674595
12.957162,14,504.674619
8.807319,11,504.674637
4.761147,6,504.674653
9.996554,11,504.674669
3.2444696,5,506.607714
6.76015,8,506.607826
1.9583726,3,506.607863
10.959012,12,509.309
2.9573765,4,509.309083
3.9590473,5,511.205912
11.951876,13,511.205977
11.362421,13,513.12515
10.164552,12,513.132802
7.955575,9,514.951052
6.1234064,7,514.951137
3.7603533,5,514.951162
10.957162,12,517.487559
4.408217,6,517.487629
2.8505347,4,517.487643
11.959012,13,519.37801
27.650337,30,519.378085
3.9572015,5,521.365603
10.438412,12,521.3657
4.119973,5,521.365732
19.170303,22,521.365757
16.553904,18,521.365782
6.6769285,8,523.340634
13.679915,15,523.340725
5.765957,7,523.340753
8.952921,10,526.047371
10.757172,12,526.047447
7.44113,9,526.047464
7.601212,9,526.047478
9.247167,11,526.047491
12.327679,14,527.76204
3.919456,5,527.76212
1.9602091,3,529.603711
14.201497,16,531.363132
4.959018,6,531.363196
4.05225,5,531.36321
11.966427,14,534.060055
4.9571686,6,534.060148
6.4045534,8,534.060169
8.557848,10,534.060186
2.7193046,4,534.060202
4.560616,6,536.04374
5.5624475,7,536.04383
8.758299,10,536.043853
6.193946,7,536.043871
7.754228,9,536.043889
13.358336,15,536.043904
15.55741,17,537.998971
20.754606,22,537.999042
1.9602091,3,537.999056
1.6557845,3,537.999066
5.756075,7,540.063739
11.673088,13,540.063827
20.173843,23,540.063849
4.9571686,6,542.833517
3.2148979,5,542.833615
5.5622835,7,542.83364
20.833954,23,544.750267
1.9602091,3,546.504039
4.7579536,6,546.504117
3.9590473,5,546.504136
1.9602091,3,546.50415
4.7579536,6,546.504165
11.957162,13,546.504179
8.159515,10,546.504194
4.273246,5,548.33833
5.9590135,7,550.844059
2.5990593,4,550.853619
5.9590135,7,550.853673
4.601082,6,550.853693
10.756462,12,550.853709
4.982214,6,554.475506
23.201752,25,554.503193
17.391117,19,554.503412
9.758299,11,556.662331
15.562785,17,556.662414
8.64653,11,562.689248
26.495293,30,562.689316
7.358999,9,564.57827
5.665005,9,567.469973
7.320734,10,567.470062
24.976854,30,567.470079
17.786318,19,576.036969
25.13732,30,577.629302
10.170984,15,581.74784
25.019032,30,586.377442
3.9986022,6,588.239661
23.761316,30,588.239762
10.4272785,16,590.048039
23.31598,30,590.048117
14.522833,22,592.739088
1.6000543,3,594.43835
8.857937,13,594.438432
23.314758,30,596.280516
21.374157,30,596.280583
22.95625,30,598.111646
2.398546,4,598.111717
22.631613,30,598.111731
12.382912,18,600.711677
22.474096,30,600.711848
10.663592,16,600.711956
22.472254,30,600.71198
8.977381,12,602.507675
21.305998,30,604.464956
22.117912,30,606.325311
18.966135,27,606.325399
4.8045826,7,606.325426
3.0505962,4,606.325447
3.2045453,5,606.325465
17.800028,25,609.208659
21.81094,30,609.208723
23.826881,30,609.208735
21.125237,30,609.208743
21.179413,30,609.208751
16.390812,23,611.008984
6.0511355,9,612.805317
20.539883,30,612.805407
22.07732,30,612.805438
20.454542,30,612.805459
6.406855,9,612.805528
22.89957,29,614.676189
4.00123,6,614.67628
4.601082,6,616.662948
5.965891,8,616.663152
21.520391,30,616.663186
2.7613456,4,616.663206
20.771713,30,616.663225
5.9911895,8,616.663244
2.5660536,4,618.451266
12.36219,15,618.451346
3.884128,6,618.451368
1.6000543,3,618.451385
20.612995,25,618.4514
11.896387,17,620.443808
2.4011905,4,620.444098
4.760184,6,620.44785
5.56132,7,620.447879
4.8045826,7,620.447895
1.795329,3,622.177585
9.361568,12,622.177672
1.1240078,2,624.504591
20.492168,30,626.226152
4.966841,7,626.226236
9.295101,14,626.226258
3.3649323,5,626.226277
1.9583726,3,628.142005
1.9602091,3,628.142094
17.34043,23,628.142113
5.165489,7,630.239733
3.7585073,5,630.239824
4.0531054,6,632.335985
5.567188,8,632.336077
5.56132,7,632.336104
10.964729,13,632.33612
17.217064,22,634.377375
11.913924,17,634.377458
2.9592168,4,634.377476
9.362451,11,636.424439
5.95688,8,636.424594
3.9572065,5,636.430194
7.372772,11,636.43045
8.082145,10,638.424323
5.7560744,7,638.424399
8.561285,10,638.424416
1.9602091,3,640.575912
2.908734,5,642.582996
5.8519454,7,642.583068
14.061248,18,642.583088
13.309095,17,642.583101
2.757267,4,644.526112
6.0456085,7,644.533557
13.162948,16,644.533827
7.9590125,9,644.53386
14.652036,18,644.533886
4.562312,6,644.533911
7.275269,9,646.44811
12.164308,15,646.44859
12.16547,14,646.448747
14.163588,16,649.224452
8.654771,10,649.224546
5.7583323,7,649.224572
20.410492,24,649.224595
4.589426,6,649.224615
2.7591155,4,651.434006
17.3012,21,651.434086
15.891221,20,653.364691
1.9602091,3,653.364797
1.1211282,2,653.364816
9.957167,11,653.364831
5.2056665,7,653.364845
16.159601,18,655.314057
2.0541613,3,655.314174
3.9894397,5,655.314214
9.98574,11,657.548779
24.739819,30,657.54886
4.765962,6,657.548883
7.765956,9,657.548901
9.756069,11,659.637686
6.5012355,8,659.637772
17.962845,20,661.464365
1.9602091,3,661.464453
8.50122,10,663.203594
2.050634,3,663.203677
3.9590473,5,663.203693
7.9553213,9,663.203706
5.9590135,7,663.203717
3.9590473,5,663.203728
6.595298,8,663.203739
6.8533993,8,665.771608
3.9590473,5,665.771689
9.692056,12,665.771711
9.407984,11,665.771728
8.959012,10,665.771744
6.4061403,8,667.625648
12.76015,14,667.626245
5.9571633,7,667.62659
1.9602091,3,669.573761
16.758299,18,669.573845
7.367852,9,671.410677
2.9592168,4,671.41074
6.2048426,8,671.410754
20.783442,22,671.410765
2.9592168,4,671.410775
1.9602091,3,671.410787
2.9592168,4,671.410799
3.9572065,5,674.243427
12.957162,14,675.840299
2.957371,4,675.840407
0.96601653,2,675.844437
13.953462,15,675.84451
2.957371,4,675.844532
7.7583036,9,675.84455
1.7671529,3,675.844568
4.9571686,6,677.866094
8.593419,10,677.866158
6.567262,8,679.960616
12.076513,13,679.960711
2.7661605,4,679.960735
15.360572,17,679.960753
1.9602091,3,682.691882
3.7611759,5,682.691947
10.116821,11,682.691961
3.9590473,5,682.691974
8.560047,10,682.691984
6.562307,8,682.691994
8.758299,10,682.692004
15.754861,17,684.436659
5.2071023,7,684.43674
4.959018,6,684.436757
3.9590473,5,686.208127
12.758304,14,686.20821
9.955333,11,688.297879
26.85155,28,691.143629
7.7601495,9,691.143702
3.765991,5,691.143719
1.9602091,3,692.942298
3.9590473,5,692.942396
3.9590473,5,692.942417
13.961612,16,692.942432
11.959012,13,692.942447
4.959018,6,694.455944
4.9571724,6,694.456043
4.7262053,6,696.205413
6.5992265,8,696.205539
7.758303,9,696.20557
6.2716694,7,696.205593
7.9590125,9,696.205614
2.792487,4,696.205635
7.4061346,9,698.435103
29.352789,30,698.435185
14.052263,15,698.435202
20.969986,23,698.435215
1.278391,2,702.134833
8.75406,10,702.134917
1.9602091,3,702.134935
12.197648,13,702.134948
13.006844,15,702.134961
6.997064,8,702.134973
5.3603907,7,703.961966
12.557754,14,703.96205
2.9851782,4,703.962068
3.794167,5,706.506956
4.9571776,6,706.507037
10.758301,12,706.50706
14.752113,16,706.507078
6.559441,8,708.454427
6.5590606,8,708.454757
1.853301,3,708.454791
5.998914,7,710.235117
14.812385,17,710.235197
11.373514,13,710.235219
8.762972,11,712.156005
6.562447,8,712.156096
16.159468,18,712.156115
2.9592168,4,714.569442
1.1240078,2,716.339167
7.9860024,9,716.339264
16.35834,18,716.339285
18.163593,20,716.339301
3.9590473,5,716.339317
24.453821,26,716.339332
10.527302,12,716.339347
7.5613184,9,716.339362
14.758298,16,716.339376
6.0840344,8,718.064455
5.4080234,7,718.064534
11.083994,13,718.064555
8.957163,10,718.064572
5.922313,7,718.064588
7.7976913,9,720.150899
11.756078,13,720.150974
7.561286,9,720.150996
6.4061494,8,720.151013
1.9602091,3,724.336594
5.9590135,7,724.336682
2.7591155,4,724.336705
9.361177,11,724.336723
7.9590125,9,724.33674
3.277229,4,726.083274
3.7603533,5,726.083335
1.9583726,3,726.083349
1.1985551,2,727.952914
2.957371,4,727.953169
4.1934743,5,727.953306
4.05059,5,727.953433
11.203201,13,727.953572
15.757441,17,730.792079
4.761147,6,730.792163
9.792282,11,730.792185
18.285177,21,732.383802
6.5934157,8,732.383893
1.9602091,3,732.383916
4.2753544,5,734.405973
9.764101,11,734.406065
7.5012345,9,734.40609
10.761141,12,734.40611
18.613403,21,734.406129
10.955313,12,736.473866
9.756718,11,736.473932
2.7613456,4,736.473944
12.562447,14,736.473956
4.408217,6,739.438667
1.1240078,2,739.438748
9.654544,11,739.438762
1.278391,2,739.438773
9.406133,11,739.438784
1.9602091,3,741.603944
9.169697,11,743.504398
11.957162,13,743.504724
4.959018,6,743.504884
17.983637,19,745.482513
6.9590125,8,745.482593
8.959012,10,745.48261
12.167817,14,745.482624
7.7560687,9,748.267551
3.9590473,5,748.267622
3.9590473,5,748.267639
2.2773986,3,748.267653
2.7591155,4,748.267664
7.1957984,8,748.267676
7.9590125,9,748.267688
7.5600476,9,748.2677
5.957164,7,750.076149
14.553242,16,750.076247
18.000761,20,751.871632
10.392321,12,751.871726
11.595268,13,751.871748
19.959011,21,751.871767
7.9553213,9,751.871783
2.275553,3,751.871798
5.601741,7,753.743065
6.404288,8,756.275683
6.52452,8,756.275764
6.800673,8,756.275785
3.9590473,5,756.2758
1.9602091,3,758.272601
3.9590473,5,758.272692
3.4001958,5,760.170624
17.20266,19,760.170717
6.758337,8,760.170737
6.9553223,8,760.170754
2.5990593,4,760.17077
6.9590125,8,762.035716
6.955324,8,762.035799
5.329533,8,764.675276
9.273494,10,764.675358
6.4079905,8,764.675382
4.959018,6,764.675399
13.758299,15,764.675416
2.4011736,4,764.675432
15.119969,16,764.675448
2.586801,4,766.55893
18.561285,20,766.559017
5.605736,8,770.074951
9.967202,12,772.739521
2.7613456,4,772.739606
15.392701,17,772.739629
4.358755,6,774.577264
10.957162,12,776.469609
10.854125,14,776.469694
4.802364,7,778.559264
7.7542205,9,778.559353
7.9202604,9,778.559374
8.659203,12,780.86524
20.952126,22,782.677825
4.760184,6,784.635799
11.163558,13,786.570343
10.410691,14,786.570437
4.801955,7,791.439202
9.894328,14,793.346397
16.96814,20,793.346839
10.139809,15,795.166
6.4068556,9,795.166078
23.322773,30,795.1661
5.6079545,8,795.166116
3.9986022,6,797.758595
23.554579,30,797.758682
11.412553,15,797.758698
11.825479,18,799.570129
16.574095,25,799.570226
2.4011736,4,803.361784
9.935265,14,803.361867
22.857525,28,806.17107
7.6010585,9,806.171132
2.3967428,4,806.171144
2.5642135,4,806.171153
20.791327,29,808.113034
22.621754,29,810.058178
17.901962,24,814.634519
22.792284,30,814.634606
19.23334,27,816.343508
16.564732,19,818.307942
21.72624,30,818.308011
2.3959103,4,818.308026
21.051132,30,818.308038
5.600436,8,820.243565
19.964424,23,820.24366
23.104612,30,823.246921
8.00281,11,823.247009
5.556463,7,823.24703
3.9572015,5,825.263558
10.257775,15,827.271911
7.800895,10,827.271995
1.1985551,2,827.272013
21.447815,30,827.272027
16.74897,23,827.272041
22.995539,30,827.272054
1.9602091,3,827.272067
5.678403,7,829.110059
27.3697,30,829.110146
16.770872,21,831.643133
13.080177,18,831.643444
13.078543,16,831.643585
9.564766,12,831.643719
1.9602091,3,833.832366
1.278391,2,833.832458
23.395302,30,833.832486
16.360186,18,833.832507
5.9590135,7,833.832528
1.9583726,3,833.832548
3.9590473,5,833.832568
13.417956,19,833.832587
18.21991,25,833.832608
14.256704,19,835.742532
23.589298,30,835.74262
2.7613456,4,837.569754
12.369095,15,837.569834
11.764198,15,837.569851
20.387548,27,839.870182
18.578335,23,839.870266
3.277229,4,839.870288
5.9590135,7,841.7567
0.96601653,2,841.756793
5.1976495,6,843.658385
9.959012,11,843.65847
10.760149,12,843.658489
3.9590473,5,843.658506
4.959018,6,845.806608
1.9602091,3,845.806692
5.9590135,7,845.806717
17.161722,20,845.806736
13.362422,15,848.526674
18.455578,23,848.526786
4.959018,6,848.526819
0.98938525,2,848.526843
12.959012,14,848.526867
11.052263,12,848.526889
6.9590125,8,850.540248
0.98938525,2,850.540336
2.9894383,4,850.540359
5.9590135,7,850.540379
7.9590125,9,852.26624
8.197649,9,852.266321
1.9602091,3,854.204167
3.1123488,4,856.658253
1.9602091,3,856.658345
5.047726,6,856.658367
4.04773,5,856.658385
9.98944,11,856.6584
2.9592168,4,856.658415
7.9590125,9,856.658429
10.794132,12,858.705945
10.959012,12,858.70601
14.054113,15,858.706026
6.9590125,8,860.751027
1.9602091,3,862.739224
3.9894397,5,862.739313
14.054113,15,862.739334
7.9571624,9,862.739351
1.1240078,2,862.739366
5.957164,7,865.058169
6.9590125,8,865.058259
17.078331,18,865.058277
7.790575,9,865.058294
18.95716,20,867.104516
5.855251,7,867.104614
10.760178,12,867.104639
3.9590473,5,867.104659
21.790577,23,867.104677
7.9590125,9,867.104695
3.9590473,5,867.104712
3.9590473,5,867.10473
7.8552494,9,868.962021
4.959018,6,868.962112
1.9602091,3,870.860155
5.9590135,7,870.860247
8.957163,10,870.860266
20.760149,22,873.482031
3.9590473,5,873.482101
11.760149,13,873.484941
15.959012,17,875.525898
0.96601653,2,875.52601
2.9592168,4,877.446289
4.959018,6,877.446384
3.9590473,5,877.446405
3.9590473,5,877.446422
22.989439,24,877.446438
1.9602091,3,879.561949
17.760149,19,879.5622
9.277194,10,879.562327
5.0541134,6,879.562346
10.054113,11,879.562363
18.85525,20,879.562379
14.957162,16,882.160076
6.2771945,7,882.160163
10.959012,12,883.867163
4.959018,6,883.869962
5.9590135,7,883.87
3.9590473,5,883.870013
10.054113,11,886.054923
7.9571714,9,886.055015
1.9583726,3,886.055038
9.277194,10,886.055056
7.9571714,9,886.055071
7.9571714,9,886.055087
3.9894397,5,886.055103
24.760149,26,888.104572
3.0541215,4,888.10465
1.9602091,3,890.262687
1.1240078,2,890.26277
2.7591155,4,890.262789
12.957162,14,892.149997
5.957164,7,892.150083
11.959012,13,892.150101
6.7601776,8,894.150621
3.9590473,5,894.150713
3.277229,4,894.150735
1.9602091,3,896.058011
14.959012,16,896.058103
7.9590125,9,896.058127
4.054115,5,896.058146
6.4079905,8,898.774209
19.758299,21,898.774277
13.998786,15,898.774291
12.957162,14,900.770907
0.96601653,2,900.770999
1.9602091,3,900.771023
5.0541134,6,900.771041
9.957163,11,900.771057
17.95716,19,902.752174
1.9602091,3,902.752276
9.957167,11,902.752297
11.98944,13,902.752312
3.9590473,5,904.568508
3.9851804,5,904.568578
12.277194,13,904.56859
4.959018,6,904.568599
7.9590125,9,904.568608
1.1962425,2,904.568616
1.9602091,3,904.568624
1.9602091,3,904.568631
11.959012,13,907.6572
9.794132,11,907.657318
8.957171,10,907.657336
6.9590125,8,907.65735
1.2765543,2,909.274418
8.765956,10,909.274693
12.760149,14,909.274825
22.95531,24,911.143187
3.9572065,5,911.143658
10.955333,12,911.143817
3.9965816,5,913.249933
2.7661605,4,913.250014
16.193485,17,915.571831
9.760179,11,915.57192
3.9590473,5,915.571939
1.1985551,2,915.571954
7.9571624,9,915.571969
5.5623074,7,915.571985
5.9590135,7,915.571998
2.9592168,4,915.572011
14.955299,16,917.575385
4.959018,6,917.575458
7.879497,9,917.575475
7.27166,8,917.575485
6.7887263,8,919.379755
9.959012,11,919.380021
6.7601776,8,919.380149
2.04788,3,921.124601
5.4080234,7,921.124679
13.760149,15,921.124696
6.562282,8,921.124709
0.96601653,2,921.12472
5.4080234,7,921.124732
7.206899,9,921.124744
22.756458,24,923.846247
7.9590125,9,923.84636
5.9553223,7,923.846386
16.595268,18,923.846403
3.9590473,5,925.868896
8.195799,9,925.86898
9.123406,10,925.869
1.9894304,3,927.946686
1.9602091,3,927.946777
1.9602091,3,927.946799
1.1985551,2,929.962302
6.790576,8,932.024468
4.959018,6,932.024566
1.9602091,3,932.024593
0.98938525,2,932.024615
4.760184,6,932.024637
10.760155,12,933.848211
9.957167,11,933.848292
5.7922792,7,935.746766
6.195799,7,935.746852
7.9590125,9,935.74687
7.1957984,8,935.746884
8.758308,10,935.746899
1.7671529,3,937.574213
20.159893,22,937.574305
10.189965,11,937.574328
5.9555845,7,937.574347
11.402426,13,940.170767
2.41598,4,940.171031
1.0508548,2,940.171161
1.9602091,3,940.171285
3.4075139,5,942.140268
5.9590135,7,942.140355
4.790576,6,944.024867
0.91821903,2,944.024959
9.800065,12,945.971268
16.75432,18,945.971363
19.955048,21,948.403569
17.048021,18,948.403641
10.957162,12,948.403657
10.957162,12,950.466054
13.959012,15,952.361914
8.117317,9,952.362007
6.952932,8,952.362029
6.955057,8,952.362046
17.11837,18,952.362061
16.756447,18,952.362077
17.951082,19,954.271138
2.403409,4,954.271409
5.605719,8,956.648763
12.117315,13,956.648844
7.2102275,10,958.560838
18.985727,20,958.560924
9.611401,13,958.560942
6.4068556,9,958.560957
14.19236,15,958.560971
20.637108,22,958.560984
17.275343,18,960.462627
14.412917,18,960.477572
3.2045453,5,962.165129
11.957167,13,962.165225
3.1996822,5,962.165244
18.81818,23,964.881947
1.2765543,2,964.882025
3.2004797,5,966.581194
7.3680086,10,968.492493
11.164412,14,970.327937
7.253797,9,970.328126
2.5227273,4,972.976417
5.358133,7,972.976526
8.009129,11,972.976558
5.6079545,8,974.883792
3.9590473,5,974.883861
8.006501,11,974.883875
0.8011364,2,976.769651
7.6739,9,976.773621
11.215908,15,976.773664
1.9602091,3,976.773684
2.7591155,4,976.7737
5.605736,8,978.709649
13.307742,19,983.310754
1.9602091,3,983.310853
21.09599,24,985.408908
3.9590473,5,987.282246
5.362626,7,987.282328
5.9590135,7,987.282345
4.98944,6,990.139028
16.156845,18,990.139129
11.886732,15,992.081285
12.167396,16,992.08137
6.559055,8,992.081393
1.1985551,2,992.081412
12.80353,15,994.062947
15.694199,20,996.159479
20.66579,27,996.159564
7.760149,9,996.15958
12.163558,14,996.159594
20.396696,28,996.159608
20.091314,26,996.159621
16.05519,21,996.159634
24.375385,29,998.771651
14.656661,19,998.771873
14.296505,19,998.771965
19.27133,25,1001.067079
23.870338,30,1001.06714
9.595269,11,1001.067152
22.60095,25,1001.067161
6.7659564,8,1003.006316
14.326102,16,1004.775608
22.945196,29,1004.775851
10.117272,11,1007.112731
4.0765247,5,1007.112807
23.594145,26,1008.948082
8.957171,10,1008.948174
4.7561126,6,1008.948195
7.1234064,8,1008.948213
7.4022174,9,1010.827832
5.7601547,7,1010.833797
8.959012,10,1010.834088
14.765956,16,1012.840646
12.922777,14,1012.840737
7.760149,9,1015.593946
7.760178,9,1017.45074
18.358889,20,1017.450837
3.0541215,4,1017.45086
3.9590473,5,1017.450894
8.054113,9,1019.379925
3.9590473,5,1019.380186
25.212091,30,1019.380308
8.957162,10,1019.380416
15.596172,21,1019.380527
12.557848,14,1021.526232
4.1234093,5,1021.526341
10.760149,12,1021.52638
11.559445,13,1024.069192
1.9602091,3,1024.069259
13.210227,16,1025.974099
21.487406,30,1025.974367
5.9590135,7,1025.974495
11.924557,13,1028.04
11.760148,13,1028.040088
7.9590125,9,1028.040113
15.930591,19,1028.040131
4.959018,6,1029.850587
14.368309,17,1029.85067
13.248892,15,1032.638777
16.004683,18,1034.724537
1.9602091,3,1034.724654
12.277194,13,1034.724686
6.9590125,8,1036.646415
9.98944,11,1036.646496
8.277194,9,1036.646516
16.758297,18,1036.646532
8.959012,10,1036.646546
12.959012,14,1038.563564
6.9590125,8,1040.866366
16.407984,18,1042.479969
9.959012,11,1042.480041
16.438412,18,1042.480056
9.197648,10,1042.480065
22.281767,25,1042.480074
5.9590135,7,1044.552098
10.959012,12,1044.552181
11.959012,13,1044.552197
3.9590473,5,1044.552211
7.9590125,9,1046.532417
7.9590125,9,1046.532542
7.98944,9,1046.532588
12.123406,13,1046.532624
4.054115,5,1046.532658
8.98944,10,1046.53269
10.959012,12,1049.468146
7.9590125,9,1049.468373
9.959012,11,1049.468396
3.9590473,5,1049.468406
15.959012,17,1049.468415
1.9602091,3,1049.468425
17.959011,19,1051.304117
6.9590125,8,1051.304289
15.197648,16,1053.343238
6.9590125,8,1053.343335
3.9590473,5,1053.343358
7.0541134,8,1053.343376
11.957162,13,1053.343392
1.9602091,3,1055.178078
1.9602091,3,1055.178159
8.959012,10,1055.178173
4.959018,6,1055.178186
15.959012,17,1057.964427
5.9590135,7,1057.964508
5.9590135,7,1059.754053
5.123407,6,1059.754145
5.9590135,7,1059.754168
3.9590473,5,1059.754185
4.98944,6,1059.7542
5.123407,6,1059.754216
0.98938525,2,1061.872488
17.957163,19,1061.872765
10.959012,12,1061.87291
25.042732,28,1061.873044
6.0541134,7,1061.87316
3.9590473,5,1063.937761
13.959012,15,1063.937852
6.9590125,8,1063.93788
11.959012,13,1063.937904
3.9590473,5,1063.937926
3.9590473,5,1066.473644
9.195335,10,1066.473714
1.9602091,3,1066.473731
8.959012,10,1066.473746
1.1985551,2,1068.42483
5.9590135,7,1068.42524
5.9590135,7,1068.425574
5.9590135,7,1070.544295
2.2773986,3,1070.544385
3.9590473,5,1070.548277
6.9590125,8,1070.548346
10.197648,11,1072.55055
5.9590135,7,1072.550623
3.9590473,5,1072.550647
4.959018,6,1074.961283
3.1976752,4,1074.961369
6.1234064,7,1074.96139
1.9602091,3,1074.961406
2.123509,3,1074.961421
15.957162,17,1076.94994
12.959012,14,1076.95003
1.9602091,3,1076.950047
10.959012,12,1076.950063
6.9590125,8,1076.950076
8.957171,10,1076.95009
4.959018,6,1076.950104
5.9590135,7,1076.950117
1.9894304,3,1078.752242
0.96601653,2,1078.752329
1.9602091,3,1080.544443
9.959012,11,1083.36415
8.959012,10,1083.364235
14.957162,16,1083.364253
17.959011,19,1083.364269
10.957162,12,1085.450992
6.9590125,8,1085.451081
4.959018,6,1085.451105
3.9590473,5,1085.451122
8.959012,10,1087.269572
10.957162,12,1087.269662
3.9590473,5,1087.269688
1.9602091,3,1089.059241
3.9590473,5,1089.05933
11.27323,12,1089.059352
7.9550476,9,1089.059368
16.195799,17,1091.672307
5.9590135,7,1091.672399
5.9590135,7,1091.67242
3.1205497,4,1091.672441
4.9571776,6,1093.567652
6.1182227,7,1093.567724
1.9583726,3,1093.567736
6.957172,8,1093.567746
12.052263,13,1093.567755
7.052249,8,1093.567765
3.0541215,4,1093.567773
7.955048,9,1093.567782
4.9571776,6,1095.359637
8.052263,9,1095.359725
20.985476,22,1095.359748
1.9602091,3,1097.079018
10.193684,11,1097.079095
1.9583726,3,1097.079111
15.952921,17,1099.865075
4.955063,6,1099.865151
3.197027,5,1101.728423
2.403409,4,1101.733706
14.119442,15,1101.733902
1.9583726,3,1101.734067
5.050158,6,1101.734207
13.955048,15,1103.665085
2.9592168,4,1103.665163
9.054113,10,1103.66518
25.119442,26,1105.637688
6.955049,8,1105.637764
7.1173162,8,1105.637781
3.9981632,6,1105.637794
3.2023098,5,1105.637808
2.3959103,4,1105.63782
2.4011736,4,1108.293544
11.197648,12,1110.256155
6.955049,8,1110.256242
10.054113,11,1110.256258
3.2023098,5,1110.256285
4.0008187,6,1110.2563
7.9590125,9,1112.134374
12.273231,13,1112.134465
20.955048,22,1112.134487
10.193684,11,1114.160589
4.058712,6,1114.160669
7.207992,10,1114.160686
17.275343,18,1114.160699
14.277194,15,1116.863227
20.95292,22,1116.863307
5.600436,8,1118.774705
2.398546,4,1118.774769
4.003446,6,1118.774782
4.801955,7,1118.774791
2.398546,4,1118.774799
3.197027,5,1120.793613
5.600436,8,1122.700675
3.2045453,5,1127.268888
7.207992,10,1127.268985
3.9981632,6,1127.26901
9.611401,13,1131.054595
24.983349,26,1131.05511
5.7224097,8,1131.055292
13.619316,18,1131.05545
9.613636,13,1133.85487
7.202709,10,1133.85495
12.017044,16,1135.842398
4.806818,7,1135.842488
6.4068556,9,1137.695859
11.261419,15,1137.695935
9.613636,13,1137.701549
15.219353,20,1139.686724
16.821625,22,1139.686791
12.929979,17,1144.16641
9.613636,13,1146.135256
20.951605,27,1146.135329
9.613636,13,1146.135346
11.213673,15,1150.204489
1.9602091,3,1150.204579
13.572683,17,1153.974381
23.318176,30,1156.075807
20.023542,26,1156.075892
8.8125,12,1156.075914
19.377235,24,1156.075933
12.368105,15,1158.748647
16.017862,21,1160.781379
2.5227273,4,1164.57162
24.031849,30,1164.571696
16.075754,21,1167.158826
22.71935,30,1167.158901
20.88257,27,1167.158916
11.215908,15,1169.183188
12.134127,16,1169.183278
14.457522,16,1171.258345
6.409091,9,1175.954909
14.418217,19,1175.955007
22.239452,30,1175.955027
22.239452,30,1175.955041
22.12276,30,1177.860458
2.403409,4,1177.860528
24.031849,30,1177.860545
14.418217,19,1179.735146
8.86553,12,1179.735233
11.335226,15,1181.639182
19.227268,25,1184.447104
9.613636,13,1184.447185
8.011364,11,1184.447203
5.6079545,8,1184.447217
17.624996,23,1188.184996
22.429577,29,1188.185089
7.2102275,10,1188.185112
21.630676,28,1189.980323
21.492188,30,1189.980412
4.806818,7,1189.980435
2.403409,4,1192.832677
8.064394,11,1192.832764
17.62276,23,1194.476101
17.982933,23,1194.476176
24.029613,30,1194.476199
21.051132,30,1196.35488
21.051132,30,1196.354976
5.56132,7,1198.245002
8.9647,11,1201.174689
20.812496,30,1201.175134
7.3295455,10,1203.067066
8.406547,11,1203.067148
2.5682893,4,1203.067171
19.071157,23,1205.09298
2.790567,4,1205.093053
10.414772,14,1205.093067
6.163762,8,1206.972501
6.962663,9,1206.972575
15.219353,20,1209.85464
24.034084,30,1209.854756
7.2102275,10,1209.854779
1.9602091,3,1209.854795
8.067125,11,1211.6578
12.13398,16,1211.657894
6.7319627,9,1213.515446
11.869406,17,1213.515504
23.277376,30,1213.515518
11.730532,15,1215.569086
8.163564,10,1220.604025
1.9602091,3,1220.604124
20.423588,26,1220.604151
5.9590135,7,1220.604174
20.193285,26,1220.604195
9.760149,11,1220.604214
24.788588,30,1222.639569
13.942188,18,1222.63985
7.9590125,9,1222.641618
13.48174,15,1222.641752
5.9590135,7,1224.476781
3.9894397,5,1224.476866
13.368104,16,1224.476888
8.959012,10,1224.476906
1.9602091,3,1227.059062
1.278391,2,1227.059144
19.333633,22,1227.059162
20.028404,26,1227.059177
6.9590125,8,1229.006082
1.9602091,3,1230.937766
1.9602091,3,1230.937854
0.96601653,2,1230.937871
16.680603,18,1230.937886
13.123406,14,1230.9379
10.959012,12,1230.937913
15.174955,19,1232.757966
22.976057,27,1232.758203
5.9590135,7,1235.559673
11.054113,12,1235.55976
10.959012,12,1237.376785
5.98944,7,1237.37688
13.123406,14,1237.376902
1.9602091,3,1237.376915
14.760149,16,1239.537296
19.591713,21,1239.537375
24.071432,30,1239.537396
8.959012,10,1241.280068
6.9590125,8,1241.280139
4.959018,6,1244.370976
1.9602091,3,1244.371284
10.123406,11,1244.37142
1.9602091,3,1244.371545
8.985181,10,1244.371675
10.123406,11,1246.551419
2.123509,3,1246.5518
1.9602091,3,1246.551939
8.959012,10,1246.552065
7.9590125,9,1246.552187
6.9590125,8,1248.404352
11.959012,13,1248.404438
6.9590125,8,1248.40446
21.601057,23,1250.360146
18.95716,20,1250.360254
17.959011,19,1250.360281
1.9602091,3,1250.360301
3.9590473,5,1253.359218
3.1976752,4,1253.3593
15.957162,17,1253.359318
10.054113,11,1253.359334
3.195362,4,1253.359372
4.959018,6,1255.34684
1.1240078,2,1255.349667
12.052263,13,1255.349809
3.9572065,5,1255.349922
17.959011,19,1255.350029
7.9590125,9,1257.167128
8.601076,10,1257.167202
3.9590473,5,1259.16651
16.959011,18,1259.166585
2.0541613,3,1259.166603
3.9590473,5,1262.074608
2.9592168,4,1262.074681
6.0541134,7,1262.074701
5.277195,6,1262.074715
1.9602091,3,1262.074729
1.9583726,3,1263.99717
9.959012,11,1263.997296
14.282894,16,1265.978374
6.9590125,8,1265.978755
1.9602091,3,1267.734223
8.987591,10,1267.734315
14.919258,16,1267.734335
4.001228,6,1267.734352
4.003446,6,1270.695378
15.271907,16,1270.695451
6.522093,9,1272.70116
11.98759,13,1272.701233
1.9583726,3,1272.701249
27.957163,29,1272.701261
15.957171,17,1274.557573
1.6000372,3,1274.557663
1.9602091,3,1274.557681
9.955048,11,1274.557696
12.786993,14,1276.342344
12.955575,14,1276.342433
11.203229,14,1276.342455
9.254588,11,1279.193211
10.191557,11,1279.19329
20.933418,25,1280.878287
6.722402,9,1280.878378
9.60732,13,1282.747365
2.9573765,4,1284.478922
22.959011,24,1284.479003
22.473166,25,1284.503181
10.765832,13,1287.024964
5.9590135,7,1287.025056
6.409091,9,1287.025079
1.9602091,3,1289.004164
6.75792,8,1289.004246
8.128447,11,1289.004263
10.959012,12,1289.004277
10.692839,15,1290.739203
13.760149,15,1292.569812
13.756193,15,1294.825433
8.277194,9,1294.825564
6.528409,9,1296.714465
4.959018,6,1296.714571
2.9592168,4,1296.714604
8.011364,11,1296.71463
9.277194,10,1296.714654
4.003446,6,1296.714678
4.054115,5,1298.754243
21.763596,24,1300.469009
8.009129,11,1303.304754
13.195798,14,1303.304867
3.2045453,5,1303.304902
5.7705994,8,1305.235685
3.1976752,4,1305.235774
9.778517,13,1305.235801
10.312606,16,1305.235822
2.7613456,4,1305.235842
5.772835,8,1305.235861
7.3706417,10,1307.15124
1.1985551,2,1307.15133
4.959018,6,1309.034384
5.9590135,7,1311.868939
9.611401,13,1311.869057
19.959011,21,1313.456108
17.757917,19,1313.45619
18.26626,25,1313.456208
15.860244,22,1313.456223
3.9590473,5,1313.456236
1.9583726,3,1313.456251
22.520472,30,1315.441756
8.358468,10,1315.44185
28.163158,30,1315.441874
7.5848308,9,1315.441893
7.9571624,9,1315.44191
19.760149,21,1315.441925
3.9572065,5,1315.441941
3.955094,5,1317.473985
18.515993,27,1317.474071
10.984623,13,1317.474094
2.4011736,4,1320.274365
23.090918,30,1322.153867
12.197648,13,1322.15396
2.9573765,4,1322.153988
9.957162,11,1322.15401
15.957162,17,1322.154028
4.9571724,6,1322.154046
1.597429,3,1322.154063
3.9590473,5,1324.14583
18.41638,24,1324.14592
7.957163,9,1324.145943
2.403409,4,1326.162408
1.9602091,3,1328.768183
1.278391,2,1328.768266
4.955063,6,1328.768288
1.9583726,3,1330.684844
5.955058,7,1330.684909
1.9602091,3,1330.689896
13.271379,14,1330.689944
19.959011,21,1330.689959
6.955048,8,1330.689971
10.959012,12,1330.689982
24.026567,30,1332.579492
3.955094,5,1332.579579
6.9590125,8,1332.579601
1.6000372,3,1334.57316
12.955049,14,1334.573251
7.953186,9,1334.573277
2.1978035,3,1337.170396
8.011364,11,1337.17046
6.9571624,8,1338.863737
8.011364,11,1338.863821
14.957163,16,1338.863841
4.9571776,6,1338.863859
6.4068556,9,1340.754182
16.989439,18,1340.754263
22.42206,29,1340.75428
8.275349,9,1340.754295
4.9571776,6,1340.754309
10.53409,14,1340.754322
3.2045453,5,1340.754335
0.96601653,2,1342.672176
2.9573765,4,1342.672247
4.0034633,6,1345.578917
2.398546,4,1347.370975
3.2045453,5,1347.371228
8.8125,12,1347.371356
3.2045453,5,1349.134084
7.957163,9,1349.134194
7.953208,9,1349.134224
1.9875622,3,1349.134249
3.7603533,5,1351.071881
6.194208,7,1351.072065
12.81818,17,1351.072136
2.5990593,4,1351.072197
3.9988117,5,1351.072255
14.420452,19,1354.26524
22.123405,23,1354.265336
4.75931,6,1354.265361
18.955048,20,1355.962894
10.953185,12,1355.96299
9.611418,13,1357.874294
11.955057,13,1359.752326
3.5988894,5,1359.752413
4.0056815,6,1359.752435
12.957167,14,1359.752453
12.217762,16,1362.6857
8.561285,10,1362.685807
8.158891,10,1362.685829
8.399236,10,1362.685845
9.338951,13,1362.685871
3.7883446,5,1364.676234
12.063243,15,1364.676484
4.9571724,6,1364.67662
12.800618,15,1366.575318
6.9590125,8,1366.575375
1.9602091,3,1366.575387
4.7579536,6,1366.575396
8.983909,10,1368.462907
7.0541134,8,1368.463022
4.1234093,5,1368.463046
1.9602091,3,1368.463062
9.955048,11,1371.266093
19.57889,25,1371.266188
7.559056,9,1371.26621
19.26992,25,1373.156917
11.564549,15,1373.156999
3.9590473,5,1374.878578
15.955049,17,1374.878685
4.98944,6,1374.883693
3.277229,4,1374.88375
4.959018,6,1376.674656
8.959012,10,1376.674721
2.9592168,4,1376.674734
0.96601653,2,1379.476137
11.98944,13,1379.476203
9.561285,11,1379.476217
0.98938525,2,1381.357713
8.123406,9,1381.357785
3.9590473,5,1381.357802
3.2045453,5,1381.357815
9.123406,10,1381.357829
24.904423,30,1381.357842
12.756084,14,1383.280698
13.163558,15,1383.280895
8.959012,10,1383.280971
1.1985551,2,1385.28242
7.9590125,9,1385.282485
11.054113,12,1385.282499
15.758302,17,1385.282511
25.304386,30,1385.282521
1.9602091,3,1387.853607
9.2753525,10,1387.853899
18.195797,19,1389.828166
2.9592168,4,1389.828263
1.9894304,3,1389.828297
13.197648,14,1389.828321
1.7649229,3,1391.780482
9.959012,11,1391.780575
1.853301,3,1391.780598
12.197648,13,1393.672933
7.9571624,9,1393.673023
11.123406,12,1393.673043
7.9590125,9,1393.673061
3.7603533,5,1396.175885
6.204511,8,1396.17596
7.9590125,9,1397.86691
6.9590125,8,1397.866999
11.275344,12,1397.867021
3.9590473,5,1399.672191
5.7579246,7,1399.672273
8.959012,10,1399.672294
4.959018,6,1399.672312
24.754217,26,1399.672326
12.957162,14,1399.672342
10.794132,12,1401.462597
3.9572065,5,1401.462909
10.050414,11,1404.325881
7.4079847,9,1404.32597
11.767029,14,1404.325996
10.052263,11,1406.267042
4.9571686,6,1406.267112
5.9571633,7,1406.267127
10.403205,12,1406.267137
10.957167,12,1408.16881
0.96601653,2,1408.168878
16.193949,17,1408.173181
21.95531,23,1409.764808
8.054113,9,1409.764881
4.98944,6,1412.75985
9.806818,12,1412.759916
4.959018,6,1412.75993
19.95716,21,1412.759939
3.9590473,5,1414.59468
6.75792,8,1414.594746
2.403409,4,1414.594763
8.959012,10,1414.594776
16.163763,18,1414.594789
5.651177,9,1416.466157
11.959012,13,1416.466245
7.9590125,9,1418.324253
5.6057186,8,1418.324346
3.9571974,5,1418.32437
13.400986,15,1421.011546
8.959012,10,1421.011631
4.959018,6,1421.011658
8.977381,12,1422.867622
2.9592168,4,1422.867696
7.778696,11,1424.734993
3.9590473,5,1424.735084
1.1985551,2,1424.741569
5.9245453,7,1424.741624
1.9602091,3,1424.741645
14.412536,18,1426.553721
24.35227,30,1426.553837
8.957162,10,1426.553861
1.9602091,3,1429.277049
12.758308,14,1429.27713
6.9590125,8,1429.277152
13.617098,18,1431.204134
6.957172,8,1431.204215
12.893461,17,1431.204235
11.98759,13,1431.204251
1.9583726,3,1431.204265
3.9590473,5,1431.20428
13.959012,15,1431.204294
7.9571714,9,1431.204309
13.302769,17,1431.204323
11.161334,13,1433.104566
2.123509,3,1433.104662
15.105758,19,1433.104691
11.957171,13,1433.104716
5.955059,7,1433.104739
3.9572065,5,1434.865513
2.757267,4,1434.865597
9.756185,11,1434.865617
2.1954904,3,1437.61059
1.9602091,3,1437.611062
4.9550643,6,1437.611121
11.920578,13,1437.611155
5.0522637,6,1437.611187
3.9572065,5,1439.526284
8.983349,10,1439.526392
1.9583726,3,1439.526426
10.959012,12,1439.526444
1.9583726,3,1439.526461
8.193686,9,1441.471784
3.955094,5,1441.471864
8.957162,10,1441.471887
3.9854507,5,1441.471905
6.955048,8,1441.471921
10.957162,12,1441.471936
2.398546,4,1443.138467
4.952939,6,1443.138567
15.951072,17,1443.13859
0.91561085,2,1445.769748
1.597429,3,1447.767026
3.3238635,5,1447.767116
15.354095,17,1447.767137
3.2023098,5,1447.767148
9.955049,11,1449.508377
9.119443,10,1449.508504
7.9571667,9,1449.508542
15.959012,17,1449.508571
1.6000372,3,1451.460908
16.955048,18,1454.570979
8.011364,11,1454.571074
6.4068556,9,1454.576178
1.6530674,3,1456.478092
5.600436,8,1456.478175
6.404228,9,1460.070609
3.321628,5,1460.070698
1.597429,3,1460.070719
11.208389,15,1460.070735
7.202709,10,1460.070766
7.207992,10,1462.9421
3.197027,5,1464.943875
8.006501,11,1464.943966
8.804981,12,1464.943988
10.414772,14,1466.778482
12.014809,16,1468.566607
3.2023098,5,1471.262604
14.418234,19,1473.27814
14.585333,19,1473.278224
19.277193,20,1473.278247
11.208827,15,1473.278265
1.6000372,3,1475.367807
3.9944882,6,1475.367902
9.606767,12,1477.152891
1.597429,3,1479.934222
4.801955,7,1479.934305
16.013783,21,1481.781713
13.619316,18,1481.781799
5.605719,8,1481.781822
17.138216,21,1481.78184
9.613636,13,1483.744722
2.5634325,4,1483.744809
1.1962425,2,1483.744826
4.0008187,6,1485.376385
14.968142,18,1485.376471
10.161926,13,1488.264798
3.997127,6,1488.264889
2.3959103,4,1490.076095
8.362422,10,1494.042612
23.18726,30,1494.04269
14.167005,17,1497.071776
27.404608,30,1497.07184
3.1996822,5,1497.071852
3.3671901,5,1498.851573
11.142882,17,1500.856736
24.587658,30,1502.770666
5.362626,7,1502.770766
22.71935,30,1502.776017
18.105087,25,1502.776055
8.195816,10,1505.538344
3.9590473,5,1505.538578
8.761003,11,1505.538711
21.793322,28,1507.562776
24.935654,30,1507.56284
9.611401,13,1507.562853
22.242567,30,1507.562863
13.938538,19,1507.562871
9.964695,12,1509.351039
1.9602091,3,1509.351122
7.5868554,9,1509.35114
5.2753453,6,1509.351157
21.640205,30,1511.156177
10.965718,14,1511.156277
22.63499,30,1511.156297
21.840715,30,1513.658769
13.663252,17,1513.658849
5.0541134,6,1515.466476
3.0541215,4,1517.359593
9.955057,11,1517.359672
6.9590125,8,1517.35969
21.282251,30,1517.359705
22.680601,30,1519.341217
4.959018,6,1521.874972
18.421469,24,1521.875226
14.420452,19,1521.875359
3.9590473,5,1521.875381
24.103685,30,1523.783319
11.357558,13,1523.7834
21.519464,30,1523.783417
8.197649,9,1523.783433
7.9590125,9,1525.689146
19.341724,25,1525.68923
4.0056815,6,1527.540917
10.98944,12,1530.074906
3.2045453,5,1531.960726
2.403409,4,1531.960811
12.868975,17,1533.929104
19.769278,23,1533.929222
13.619316,18,1533.929268
10.414772,14,1535.661089
12.959012,14,1535.661184
7.9590125,9,1535.661207
8.011364,11,1535.661225
6.409091,9,1535.661241
10.412537,14,1538.580237
8.011364,11,1540.337437
14.418217,19,1542.326078
12.81818,17,1542.326207
12.017044,16,1544.065093
2.5227273,4,1544.065188
10.414772,14,1546.98521
2.403409,4,1546.985296
7.2102275,10,1546.985315
24.034084,30,1546.985331
4.806818,7,1550.903281
1.7215909,3,1550.903362
16.82386,22,1552.838412
12.136362,16,1555.596607
12.017044,16,1555.596672
7.2102275,10,1555.596684
12.017044,16,1557.529776
13.738634,18,1557.529862
21.62844,28,1561.139882
1.6022727,3,1561.139968
19.227268,25,1561.13999
19.227268,25,1563.896922
18.426132,24,1563.896993
11.215908,15,1565.835644
24.031849,30,1567.582764
12.81818,17,1569.35356
16.022724,21,1569.353653
17.744314,23,1572.192672
16.022724,21,1574.075446
19.227268,25,1576.074338
1.7215909,3,1577.966255
8.011364,11,1580.540593
5.6079545,8,1580.540677
4.0056815,6,1580.540697
16.82386,22,1582.265873
9.613636,13,1582.265951
12.81818,17,1582.265968
11.215908,15,1582.265982
7.3273273,10,1582.265996
16.82386,22,1582.26601
15.221588,20,1584.326052
24.031849,30,1584.326305
11.215908,15,1584.326436
21.630676,28,1586.131454
2.403409,4,1586.132427
2.4011905,4,1590.964388
3.3216279,5,1590.965566
2.4011736,4,1590.965584
14.41559,19,1590.965597
3.2023098,5,1590.96561
16.819017,22,1592.76355
2.4011736,4,1592.763642
22.42695,29,1592.766795
3.1997015,5,1592.766878
24.029222,30,1594.539203
19.225033,25,1597.370387
22.429577,29,1597.37047
4.0008187,6,1599.149707
16.022724,21,1601.134402
14.41559,19,1601.134494
20.82954,27,1602.857145
9.608773,13,1602.857256
14.413351,19,1602.857288
22.429577,29,1602.857307
24.029222,30,1602.857329
14.420452,19,1605.676036
8.004235,11,1605.676124
16.022724,21,1605.676142
13.619316,18,1607.674712
2.398546,4,1609.367439
6.4015727,9,1609.367539
23.230713,30,1609.367563
2.3959103,4,1611.440627
13.619316,18,1611.44072
16.015623,21,1614.336075
4.93151,7,1614.336151
12.174406,16,1616.146097
6.886346,9,1616.146361
9.890316,13,1618.167017
23.39783,30,1618.167111
5.362626,7,1620.04287
9.966711,13,1620.042956
9.776281,13,1620.042974
8.567171,11,1620.042987
1.9602091,3,1622.727335
12.815945,17,1622.727434
9.613636,13,1622.727465
4.788346,6,1622.727486
13.776678,18,1622.727505
6.9928846,9,1622.727523
3.9590473,5,1622.727542
4.96418,7,1624.524519
5.8530197,7,1624.524589
1.9602091,3,1626.525749
1.9602091,3,1626.525887
13.1738825,17,1626.525927
1.9602091,3,1626.525959
16.610107,20,1626.525987
7.877835,10,1626.526015
3.557625,5,1626.526042
2.1216552,3,1628.537134
2.7661605,4,1631.438592
14.468886,18,1631.439197
3.2753832,4,1631.43944
11.201521,14,1633.271261
16.76966,20,1633.271345
12.156039,14,1633.271366
19.769674,24,1633.271382
19.783077,25,1633.271396
13.962459,16,1635.173646
3.855258,5,1635.173717
17.084831,20,1635.173731
4.9571724,6,1635.173741
7.754471,9,1636.974888
1.9602091,3,1636.974982
9.564771,12,1636.975004
9.953207,11,1636.975024
13.656386,15,1640.046396
4.959018,6,1640.046476
1.1985551,2,1641.771717
2.9592168,4,1641.771799
20.771513,24,1641.771816
3.9590473,5,1641.77183
7.9590125,9,1641.771842
9.8534,11,1641.771854
1.9602091,3,1641.771866
11.757918,13,1641.771877
3.9572065,5,1643.994711
6.76015,8,1643.99478
9.957163,11,1643.994796
2.9592168,4,1645.865792
1.1985551,2,1645.865879
9.959012,11,1645.8659
1.9602091,3,1648.780133
6.9590125,8,1650.669265
4.7584777,6,1650.669363
2.7613456,4,1652.448847
4.760184,6,1652.448951
3.7611759,5,1652.448976
20.33364,23,1652.448996
3.9590473,5,1652.449015
11.052263,12,1652.449033
10.760155,12,1654.077609
11.98944,13,1654.077705
8.955324,10,1654.083156
12.957162,14,1654.083207
5.1976495,6,1654.083224
12.998786,14,1656.870294
1.1962425,2,1656.870361
8.957171,10,1658.675644
5.765957,7,1660.567664
7.5952687,9,1662.336067
8.765956,10,1662.336159
2.7613456,4,1662.336185
3.9572015,5,1662.336207
16.955324,18,1665.053803
3.7603533,5,1665.053908
5.794133,7,1666.934124
6.9590125,8,1666.934211
27.335028,30,1668.770288
12.520517,15,1670.668711
10.328054,12,1670.668792
6.75792,8,1670.668813
15.394587,17,1670.668831
10.121561,11,1675.541278
4.9571724,6,1675.541363
23.955317,25,1675.549544
7.804578,10,1677.575303
6.9571667,8,1679.550692
11.98944,13,1682.130404
18.561285,20,1683.978827
12.760148,14,1687.791278
9.248712,13,1687.791354
22.48997,27,1687.791369
21.255785,30,1690.492392
9.959012,11,1690.492471
9.611401,13,1692.491714
17.82254,24,1692.491776
6.409091,9,1694.577146
10.959012,12,1694.577225
23.476244,30,1696.66439
23.986454,30,1699.725017
25.09978,30,1699.725398
21.959011,23,1701.62921
6.409091,9,1708.164321
23.158884,30,1708.164401
22.2433,30,1710.033512
22.475946,30,1711.671118
7.2102275,10,1711.671211
21.605116,30,1713.625395
15.274618,20,1713.625579
22.591595,30,1716.238982
21.4031,30,1718.24596
16.82386,22,1718.24604
5.6079545,8,1718.246058
24.431812,30,1720.089702
8.011364,11,1720.089775
10.414772,14,1720.089788
10.414772,14,1721.768313
13.619316,18,1721.768385
11.215908,15,1724.239708
6.409091,9,1726.290702
20.454542,30,1726.323816
13.617098,18,1726.323932
20.454542,30,1726.323961
4.806818,7,1726.323984
4.000838,6,1728.038809
12.014826,16,1728.039099
1.6022727,3,1728.03925
3.2023098,5,1728.039399
20.454542,30,1728.039541
20.454542,30,1729.879134
17.620153,23,1729.879201
16.017881,21,1732.772496
24.034084,30,1735.059195
2.3959103,4,1735.05928
9.611418,13,1735.059298
24.031866,30,1735.059313
8.00652,11,1736.92537
24.029222,30,1738.540062
20.454542,30,1738.540147
24.027004,30,1741.532521
1.6022727,3,1741.532601
7.2053647,10,1741.532621
22.484842,29,1741.532638
7.207992,10,1741.532654
4.8045826,7,1741.532669
5.6079545,8,1743.356307
2.398546,4,1743.356398
16.022724,21,1743.35642
5.7224097,8,1745.158224
12.136362,16,1747.065799
6.4015727,9,1749.874458
1.597429,3,1749.874545
7.2053647,10,1749.874567
8.86553,12,1749.874584
2.4011736,4,1749.8746
11.208389,15,1749.874617
8.937192,12,1751.77163
5.004909,7,1751.771724
4.801955,7,1753.89216
2.398546,4,1753.89226
13.1738825,17,1755.56217
1.6000543,3,1755.562248
2.3985653,4,1758.227427
1.597429,3,1758.22751
23.230713,30,1758.227531
1.597429,3,1758.22755
13.617081,18,1760.063646
6.409091,9,1760.063736
15.333387,20,1760.063757
23.221352,30,1761.878286
13.614453,18,1763.750545
5.656122,8,1763.750631
13.970378,17,1763.750652
11.208389,15,1766.554605
1.597429,3,1766.554685
5.605719,8,1766.554703
20.82954,27,1766.554716
3.2023098,5,1768.482548
6.4015727,9,1768.482617
8.0046835,11,1772.140969
11.208389,15,1772.141043
16.016409,21,1772.141061
24.02777,30,1774.842961
6.4015727,9,1776.755163
12.063317,18,1778.754493
4.806818,7,1778.75458
17.73537,23,1780.72732
8.804981,12,1785.247434
10.414772,14,1787.038349
6.4020095,9,1787.038431
12.81818,17,1788.873907
12.810661,17,1788.873983
10.412537,14,1788.874
17.62276,23,1788.874014
21.642862,30,1791.580841
6.404228,9,1791.580954
20.820597,27,1791.580977
9.608773,13,1791.580993
4.003446,6,1791.58101
21.360186,23,1791.581025
5.600436,8,1791.58104
24.031849,30,1793.647999
1.7193553,3,1793.648089
10.2839,13,1795.677513
13.609562,18,1795.677605
21.72382,30,1802.433474
3.2575755,5,1802.433622
5.9590135,7,1804.367444
20.931814,30,1804.367523
8.810265,12,1806.082738
20.812496,30,1806.082826
16.022724,21,1809.142779
16.769278,20,1809.142866
16.020489,21,1811.069652
12.129263,16,1811.070008
6.409091,9,1811.070102
1.9996915,3,1811.070173
7.731464,10,1813.063394
14.41598,19,1813.063457
21.12965,30,1813.06347
8.8125,12,1815.04244
17.620134,23,1815.042529
9.765837,12,1819.892968
3.1976752,4,1819.893052
22.562477,30,1819.893075
5.6079545,8,1819.893092
1.9602091,3,1819.893107
22.725122,30,1819.893122
2.1978035,3,1821.835611
4.959018,6,1821.835689
10.77271,14,1821.835711
9.170437,12,1821.835728
20.389818,27,1823.496373
21.31715,29,1823.496455
6.9590125,8,1823.496478
20.009928,25,1826.639254
14.373819,18,1826.639337
17.105824,22,1826.639359
4.959018,6,1826.639377
13.398531,16,1828.575095
1.9602091,3,1828.575164
0.96601653,2,1830.367254
10.760149,12,1830.367342
17.98518,19,1830.367365
3.9590473,5,1830.367382
1.795329,3,1832.179825
11.76399,14,1832.179892
16.570799,20,1835.046231
17.364668,20,1835.046317
3.9590473,5,1836.851012
15.373791,19,1836.851089
6.9571624,8,1836.851107
7.9590125,9,1838.758893
7.9571624,9,1838.758972
19.732958,23,1838.758987
8.277194,9,1838.759002
19.771513,23,1840.476491
6.9590125,8,1840.476737
4.99879,6,1840.476866
7.9571624,9,1840.476989
13.193485,14,1840.477105
7.9590125,9,1840.477222
11.561483,13,1840.477339
14.362421,16,1843.326949
4.959018,6,1843.327099
8.760149,10,1845.262843
12.957162,14,1845.262933
16.161707,18,1845.262952
4.959018,6,1845.262966
14.955299,16,1845.26298
8.959012,10,1845.262994
23.782873,29,1847.042984
1.9602091,3,1851.677649
1.9602091,3,1851.677721
10.957162,12,1853.451953
8.959012,10,1855.278008
4.1976533,5,1855.278099
4.1976533,5,1855.278125
3.9590473,5,1855.278142
7.9590125,9,1857.177105
8.959012,10,1857.177186
15.760149,17,1857.17721
9.794132,11,1857.177227
13.277194,14,1860.089036
6.9590125,8,1860.08912
9.959012,11,1861.975406
9.957162,11,1861.975498
5.9590135,7,1861.975526
15.003183,16,1863.944793
19.959011,21,1863.944872
11.39658,13,1863.944889
14.197648,15,1863.944902
3.9590473,5,1865.774214
8.85141,10,1865.7743
12.957162,14,1865.774317
11.957162,13,1868.875592
10.959012,12,1868.875665
7.7611413,9,1870.778139
12.959012,14,1870.778455
17.959011,19,1870.784394
13.052263,14,1870.784486
6.9590125,8,1870.78451
5.9590135,7,1870.784531
4.9571776,6,1872.585081
13.760178,15,1872.623678
2.9592168,4,1872.623718
20.959011,22,1872.62374
28.482418,30,1874.631493
3.9894397,5,1874.631623
14.797688,16,1874.631668
15.369391,17,1874.631702
0.96601653,2,1874.631733
1.9602091,3,1877.268277
11.119706,12,1877.268363
3.9590473,5,1877.268387
5.123407,6,1877.268405
8.959012,10,1877.268421
10.195798,11,1879.231543
3.0541215,4,1879.23768
5.9590135,7,1879.237823
9.957162,11,1881.181788
9.959012,11,1881.181876
1.9602091,3,1881.181912
5.123407,6,1881.18193
8.118682,9,1881.181945
5.9571724,7,1881.181958
3.9572065,5,1882.974828
1.9602091,3,1882.974902
10.959012,12,1882.974919
5.957164,7,1885.665047
11.959012,13,1885.665142
10.957162,12,1887.550142
3.9590473,5,1887.550635
3.7562654,5,1887.550845
1.9602091,3,1887.550985
5.275345,6,1887.551002
1.9602091,3,1887.551015
6.9590125,8,1887.551029
19.00765,22,1887.551042
5.9590135,7,1889.451887
6.9590125,8,1891.468011
3.9590473,5,1891.468102
7.9590125,9,1891.46812
14.197648,15,1891.468133
1.7171092,3,1891.468147
10.955048,12,1894.09872
4.959018,6,1894.098789
5.277195,6,1894.098807
6.9590125,8,1894.098819
1.6022727,3,1894.09883
8.959012,10,1896.168073
14.959012,16,1896.168157
10.959012,12,1896.168178
4.806818,7,1896.168195
24.959011,26,1896.168212
14.98944,16,1899.942795
11.959012,13,1899.94288
6.409091,9,1902.638996
6.9590125,8,1904.467271
11.277194,12,1904.467524
7.3295455,10,1904.467641
4.0056815,6,1904.46775
3.2045453,5,1904.467858
11.959012,13,1904.467963
6.409091,9,1906.360956
9.613636,13,1906.361052
2.403409,4,1912.952714
9.613636,13,1912.952799
17.123405,18,1916.858961
8.8125,12,1919.642716
13.619316,18,1921.366259
4.806818,7,1921.366348
21.989439,23,1921.366368
10.467802,14,1923.170357
8.8125,12,1925.262937
8.8125,12,1929.771226
11.215908,15,1931.450283
9.613636,13,1933.537908
13.619316,18,1933.538
11.215908,15,1936.451037
4.806818,7,1936.451118
11.215908,15,1936.451136
4.0056815,6,1936.451149
8.8125,12,1938.477746
15.221588,20,1938.477834
17.624996,23,1938.47786
23.959011,25,1940.267262
2.3985653,4,1940.267329
17.624996,23,1940.267343
16.821625,22,1941.996336
7.207992,10,1941.9964
17.742079,23,1944.866594
18.426132,24,1944.866678
19.225033,25,1946.866233
15.217134,20,1946.86632
20.827305,27,1948.657102
16.022724,21,1948.657175
24.031849,30,1950.475419
24.034084,30,1950.481784
24.034084,30,1950.481868
24.026567,30,1950.481893
3.1996822,5,1950.481915
1.597429,3,1953.252884
12.81818,17,1953.252965
18.42127,24,1953.252982
24.034084,30,1955.175999
24.029613,30,1955.176068
7.2102275,10,1955.176085
11.20839,15,1956.781281
8.003845,11,1956.781367
24.03002,30,1958.768796
7.203926,10,1961.551241
3.1996822,5,1961.551327
1.6000372,3,1963.441871
1.597429,3,1963.441952
12.808426,17,1965.34217
11.487427,14,1965.342258
6.5612907,8,1967.247179
8.387986,10,1969.873722
10.760969,13,1969.87381
5.7282014,8,1971.671022
11.758313,14,1971.671107
8.006501,11,1971.671128
10.962459,13,1971.671146
12.813726,17,1973.538054
2.3989825,4,1973.53814
4.1630435,6,1973.538163
24.026567,30,1975.474491
14.53569,19,1975.474579
15.812296,19,1978.26464
1.597429,3,1978.264729
8.8080015,12,1978.264753
10.953729,12,1980.264837
2.398546,4,1980.264925
9.275359,11,1982.148243
1.597429,3,1982.14833
16.016409,21,1982.148354
24.02777,30,1982.148371
7.2102275,10,1982.148387
11.36811,14,1982.148404
9.611401,13,1982.148418
3.1996822,5,1984.072894
5.6079545,8,1984.072962
16.130444,21,1984.072984
1.597429,3,1984.073
26.77152,30,1984.073018
7.561286,9,1984.073036
4.003446,6,1987.063468
0.8011364,2,1987.063554
6.404228,9,1988.947089
1.597429,3,1988.947176
1.597429,3,1988.947199
5.605736,8,1988.947216
3.1996822,5,1990.675803
20.020245,26,1990.675878
6.4068556,9,1990.675893
1.597429,3,1990.675905
18.767431,22,1992.542186
10.409909,14,1992.542277
1.597429,3,1995.391677
1.6022727,3,1995.391755
22.35469,30,1999.175965
1.597429,3,1999.17621
6.4015727,9,2001.053885
4.7992997,7,2001.05397
4.8045826,7,2003.88729
4.0008187,6,2005.807446
7.2102275,10,2005.809946
24.026566,30,2007.673633
5.725037,8,2007.673719
8.011364,11,2007.673739
20.822412,27,2007.673754
2.5227273,4,2009.605355
20.942905,27,2009.605437
9.611401,13,2012.593863
12.009525,16,2012.59393
20.688335,30,2014.626418
20.693178,30,2014.626518
5.605719,8,2016.558348
12.813317,17,2018.704811
15.214069,20,2018.704883
15.214069,20,2021.479038
10.407253,14,2021.479122
12.81818,17,2021.479142
6.409091,9,2025.201357
20.807634,30,2027.197097
13.619316,18,2030.004812
12.134127,16,2030.004888
2.4011736,4,2030.004905
5.1647544,7,2030.004917
6.163762,8,2031.893871
7.6534085,11,2031.893935
17.074884,22,2033.827076
20.454542,30,2033.827165
15.214901,20,2033.827185
8.810264,12,2035.669605
9.765837,12,2035.6697
10.209036,13,2035.669724
16.603615,22,2035.669742
9.203331,11,2035.66976
22.425104,29,2035.669775
2.0541613,3,2035.66979
12.970383,16,2035.669806
21.983751,28,2040.199589
8.09659,12,2044.147393
23.31594,30,2047.004977
25.016933,30,2047.00504
22.597406,30,2048.679723
12.056691,17,2056.708047
22.000816,30,2058.580996
21.764807,30,2063.307649
21.528406,30,2067.005455
21.494427,30,2069.066792
22.311348,30,2072.036627
21.884125,30,2072.03672
21.645489,30,2075.772703
22.124794,30,2080.516312
20.693178,30,2082.104238
20.931814,30,2083.851274
21.048914,30,2088.482018
20.812496,30,2090.172076
20.812496,30,2091.966572
22.79228,30,2091.966662
21.12487,30,2091.966684
20.69096,30,2094.104914
20.693178,30,2094.105034
20.886234,30,2096.84288
20.571642,30,2096.842967
20.886234,30,2096.842984
20.454542,30,2098.710738
20.454542,30,2098.717349
20.454542,30,2098.717467
20.454542,30,2098.717577
20.454542,30,2098.717703
20.454542,30,2098.717733
20.454542,30,2098.717759
20.454542,30,2098.717784
20.454542,30,2102.652077
20.454542,30,2107.404612
20.454542,30,2109.531267
20.454542,30,2109.531373
20.454542,30,2111.470349
20.454542,30,2119.866543
20.454542,30,2122.581696
20.454542,30,2126.492824
20.454542,30,2131.266369
20.539877,30,2133.171687
20.653387,30,2135.264122
20.653387,30,2135.264202
12.589897,19,2139.705712
20.454542,30,2139.70579
9.545453,15,2141.625078
3.2045453,5,2141.625231
20.454542,30,2143.526693
20.454542,30,2145.53519
21.368101,30,2148.37847
1.6022727,3,2152.063992
20.454542,30,2152.064074
4.0056815,6,2152.064097
20.454542,30,2154.241848
20.771713,30,2156.84818
20.771713,30,2156.848289
20.454542,30,2156.848309
22.919237,30,2158.873667
8.810264,12,2158.873734
20.454542,30,2158.873747
20.454542,30,2160.806763
20.454542,30,2160.806838
21.01015,30,2160.806855
20.454542,30,2162.945883
16.919243,25,2162.945963
20.454542,30,2162.945982
20.454542,30,2162.945998
20.454542,30,2162.946012
20.454542,30,2162.946027
20.454542,30,2162.946041
23.355524,30,2162.946054
21.368101,30,2167.904262
20.454542,30,2171.774245
2.403409,4,2171.774322
7.2102275,10,2174.354367
5.6079545,8,2174.354445
4.0056815,6,2176.371676
20.454542,30,2176.371751
4.806818,7,2176.371772
12.815944,17,2176.371788
13.619316,18,2180.348516
14.420452,19,2185.166447
21.487425,30,2185.166709
16.020489,21,2187.339013
20.454542,30,2187.339101
20.454542,30,2191.88296
20.454542,30,2200.272076
23.077305,30,2200.272387
21.764807,30,2212.761181
22.005678,30,2217.458734
22.244314,30,2217.458817
22.363632,30,2219.437657
21.767042,30,2221.307273
21.375105,30,2221.307355
10.227271,16,2221.307375
21.852377,30,2223.203702
9.545453,15,2223.203785
22.124996,30,2223.203807
21.733059,30,2223.203823
22.091013,30,2225.930551
21.767042,30,2225.930649
20.931814,30,2227.972093
21.647724,30,2227.972187
21.409088,30,2227.97221
21.971695,30,2227.972228
20.931814,30,2227.972246
21.409088,30,2227.972269
21.17045,30,2231.959747
20.931814,30,2236.882226
20.454542,30,2236.882314
20.812496,30,2238.94345
20.812496,30,2238.943537
20.539877,30,2240.767661
20.778513,30,2240.767746
20.693178,30,2240.767767
20.454542,30,2240.767784
20.454542,30,2245.071538
20.454542,30,2248.870161
20.454542,30,2248.870232
20.454542,30,2251.666637
20.625212,30,2264.739647
20.539877,30,2264.739752
6.4068556,9,2269.169055
12.017044,16,2274.947223
20.454542,30,2277.93521
20.454542,30,2281.868195
20.545685,30,2281.869655
20.886234,30,2283.675824
20.454542,30,2286.534519
19.834007,27,2286.53463
20.454542,30,2286.534664
20.454542,30,2286.534691
20.454542,30,2288.371247
20.454542,30,2288.371336
20.454542,30,2288.371358
20.454542,30,2288.371375
20.454542,30,2290.33475
20.454542,30,2290.33484
20.454542,30,2292.057125
20.454542,30,2292.057411
20.454542,30,2292.057541
20.454542,30,2292.057627
20.454542,30,2292.057708
4.003446,6,2294.773599
20.454542,30,2296.368609
3.1996822,5,2296.3687
3.1996822,5,2298.348848
20.454542,30,2300.140721
20.454542,30,2300.140807
20.454542,30,2302.931108
9.611401,13,2302.931265
20.540047,30,2302.931323
20.693178,30,2305.243126
20.454542,30,2305.243219
20.454542,30,2305.24324
5.6035004,8,2305.243256
3.1974957,5,2307.079927
7.207992,10,2307.08002
20.886234,30,2308.578691
20.454542,30,2313.376054
23.673895,30,2315.027581
12.779227,18,2325.874674
22.952703,30,2328.811762
22.960222,30,2328.812082
22.721586,30,2332.467086
22.244314,30,2340.286087
22.000816,30,2344.966542
21.884125,30,2346.968178
21.76218,30,2348.777611
13.872763,21,2348.777696
21.764807,30,2348.77772
22.363632,30,2350.73814
21.52617,30,2353.642247
21.528406,30,2353.642338
21.884125,30,2355.481185
21.40157,30,2355.48125
21.404224,30,2355.481264
21.492188,30,2355.481274
21.404224,30,2355.481285
21.28977,30,2357.554436
21.168215,30,2359.744392
20.57386,30,2362.164823
20.454542,30,2364.17821
20.929579,30,2364.178276
20.897831,30,2365.946487
20.812496,30,2365.946579
20.81026,30,2365.946596
20.688335,30,2368.046755
20.693178,30,2368.046845
20.539877,30,2368.046866
20.571642,30,2370.524998
20.571642,30,2370.52507
20.539877,30,2372.536452
20.539877,30,2376.445345
20.539877,30,2378.98508
20.454542,30,2389.381022
20.539877,30,2391.329281
20.454542,30,2391.329464
20.539877,30,2395.979656
20.454542,30,2404.176171
20.539877,30,2408.035241
20.454542,30,2409.877628
20.454542,30,2412.790557
20.539877,30,2412.790629
20.454542,30,2412.790645
20.454542,30,2414.789765
20.656977,30,2416.77047
20.659195,30,2416.770543
20.454542,30,2418.787471
20.454542,30,2418.787553
21.48742,30,2418.787568
20.454542,30,2418.787579
20.454542,30,2418.78759
20.539877,30,2420.857661
20.454542,30,2422.651505
20.454542,30,2424.566144
20.454542,30,2426.173942
20.539877,30,2426.174357
20.454542,30,2429.188768
6.3624563,8,2429.188859
20.454542,30,2429.188879
20.625212,30,2429.188895
20.890862,30,2431.073852
20.539877,30,2431.073934
20.454542,30,2431.073956
20.454542,30,2432.871182
15.688448,20,2432.871265
20.539877,30,2432.871289
20.454542,30,2434.368424
0.96601653,2,2437.152888
20.539877,30,2438.994654
20.539877,30,2440.887113
20.454542,30,2451.025331
20.454542,30,2453.934874
20.625212,30,2457.638157
20.539877,30,2466.065765
20.454542,30,2470.953443
21.017149,30,2472.972915
21.28977,30,2474.880671
21.011341,30,2474.88076
20.625212,30,2477.088093
21.051132,30,2479.067487
20.776297,30,2479.067576
20.454542,30,2480.848003
20.659197,30,2480.848089
21.017319,30,2480.848106
20.931814,30,2480.84812
20.454542,30,2480.848135
20.539877,30,2482.678828
20.454542,30,2484.440363
20.539877,30,2487.306188
20.539877,30,2489.176162
21.48742,30,2489.176239
20.540869,30,2491.08101
20.539877,30,2491.081095
21.726055,30,2491.081113
20.454542,30,2491.081127
20.454542,30,2492.939653
20.454542,30,2492.939739
20.454542,30,2492.939762
20.454542,30,2495.782255
20.57386,30,2495.782339
20.539877,30,2497.62877
20.454542,30,2499.437861
20.454542,30,2501.178952
20.454542,30,2504.063492
11.332991,15,2509.439147
20.539877,30,2513.774778
20.539877,30,2515.671787
20.454542,30,2520.424967
10.465908,16,2522.250051
20.625353,30,2528.733844
20.659195,30,2532.48196
20.454542,30,2534.358786
23.031733,30,2537.186496
21.964897,30,2537.186584
20.454542,30,2539.147192
20.96477,30,2541.163619
21.17045,30,2543.038446
22.124996,30,2543.03853
20.539877,30,2543.038552
21.68068,30,2543.038569
20.454542,30,2543.038586
20.539877,30,2545.904659
20.539854,30,2547.813406
20.454542,30,2549.726832
21.136469,30,2551.412259
20.539877,30,2554.235
20.454542,30,2554.235434
20.539854,30,2554.235685
20.539877,30,2554.235854
20.539877,30,2556.026308
20.539877,30,2556.026422
20.539877,30,2556.026448
20.812496,30,2558.077858
20.539877,30,2558.077927
20.625212,30,2559.925118
20.653395,30,2562.636801
1.795329,3,2564.338125
20.539877,30,2564.338219
20.454542,30,2566.340303
8.181817,13,2570.97661
20.57386,30,2573.050267
20.454542,30,2576.664675
20.454542,30,2579.478492
20.744555,30,2583.553138
20.454542,30,2585.439193
20.454542,30,2592.065167
20.454542,30,2596.970284
20.539877,30,2598.959247
20.539877,30,2600.950041
20.454542,30,2600.954615
20.539877,30,2602.966891
20.539877,30,2605.760386
20.454542,30,2607.742763
20.625212,30,2607.742846
20.454542,30,2607.742864
20.539877,30,2607.74288
20.625212,30,2609.662411
20.454542,30,2611.559708
20.454542,30,2614.038965
20.625212,30,2615.773067
20.540869,30,2617.968194
20.539877,30,2617.96828
20.539877,30,2617.972571
20.711563,30,2617.972626
20.454542,30,2620.047086
20.625212,30,2620.047168
20.539877,30,2620.047187
20.886234,30,2622.96662
20.454542,30,2624.871864
20.539877,30,2626.842939
20.539877,30,2628.481971
20.454542,30,2628.482039
20.625212,30,2631.482998
20.539877,30,2635.27463
20.454542,30,2637.062347
20.539877,30,2641.550607
20.630032,30,2643.162405
20.539877,30,2647.973883
20.454542,30,2649.935353
20.454542,30,2656.671554
20.454542,30,2660.304974
20.454542,30,2661.782989
20.539877,30,2664.85246
2.403409,4,2664.852545
20.454542,30,2664.852564
20.539883,30,2666.435548
20.454542,30,2668.278057
20.454542,30,2670.124598
20.454542,30,2670.135616
20.454542,30,2670.135791
20.454542,30,2670.135909
20.454542,30,2672.946671
20.454542,30,2674.854211
20.886234,30,2676.726488
20.454542,30,2678.649955
20.454542,30,2681.473107
20.454542,30,2681.473209
20.454542,30,2681.478174
20.454542,30,2681.478227
20.454542,30,2683.246624
20.454542,30,2683.246709
20.454542,30,2683.246733
20.454542,30,2685.051613
20.454542,30,2686.84653
20.454542,30,2689.659829
20.454542,30,2691.442284
20.454542,30,2691.442367
20.454542,30,2693.459107
20.454542,30,2697.879966
22.363632,30,2699.948516
20.454542,30,2703.559182
20.454542,30,2706.45286
21.28977,30,2710.363691
22.12276,30,2711.877145
21.048897,30,2723.645666
21.017149,30,2725.481459
20.454542,30,2727.326736
20.454542,30,2727.330973
20.539877,30,2727.331063
20.539875,30,2729.185879
20.454542,30,2732.165436
20.539877,30,2733.905542
20.454542,30,2733.905615
20.539877,30,2733.905633
20.539877,30,2733.905647
20.539877,30,2735.880045
20.454542,30,2737.580262
20.539877,30,2740.582838
20.454542,30,2742.526491
20.454542,30,2744.457971
20.454542,30,2744.458063
20.454542,30,2744.458081
20.454542,30,2744.458095
20.454542,30,2745.970781
20.454542,30,2745.970868
20.539877,30,2745.970884
20.651173,30,2748.771939
20.539877,30,2750.666671
20.539877,30,2752.487919
20.454542,30,2754.192207
20.454542,30,2754.192402
20.539877,30,2757.151117
20.539877,30,2760.87665
20.736507,30,2762.566562
20.625217,30,2766.942205
20.631048,30,2768.747255
21.323565,30,2773.465351
20.539877,30,2775.270846
20.653387,30,2785.89289
20.651173,30,2787.970646
21.050297,30,2790.838201
20.96477,30,2790.838298
20.454542,30,2790.838325
20.539854,30,2792.663095
20.454542,30,2794.677116
20.625212,30,2796.554484
20.539877,30,2796.554586
20.73873,30,2796.557904
20.454542,30,2796.558016
20.454542,30,2798.792693
20.539906,30,2800.571416
20.652334,30,2802.475933
21.057074,30,2804.367036
20.97157,30,2806.967255
21.201574,30,2806.967351
20.693178,30,2806.973528
20.693178,30,2806.973581
20.571642,30,2808.867466
20.886234,30,2808.867551
20.971764,30,2808.867569
20.454542,30,2810.704161
20.539877,30,2812.669785
20.454542,30,2815.406362
20.454542,30,2817.236367
20.539877,30,2817.236451
20.886234,30,2818.944037
20.539877,30,2823.634853
20.454542,30,2825.462349
20.454542,30,2829.170699
20.539877,30,2832.141395
20.454542,30,2835.783518
20.454542,30,2837.739267
3.2045453,5,2840.58599
20.454542,30,2849.082982
20.454542,30,2851.07159
9.545453,15,2851.071655
20.571642,30,2853.127393
20.454542,30,2853.127482
17.362623,26,2853.127506
20.454542,30,2853.127522
20.454542,30,2855.172314
20.571642,30,2857.762743
20.454542,30,2859.790101
2.4011736,4,2859.790163
20.454542,30,2859.790176
20.454542,30,2859.790197
20.454542,30,2859.790206
6.979976,10,2861.669258
21.48742,30,2863.454078
1.7167277,3,2866.165941
20.454542,30,2866.16601
20.454542,30,2868.085686
20.454542,30,2870.006542
20.454542,30,2870.006615
20.454542,30,2870.00663
20.454542,30,2870.00664
20.454542,30,2871.771165
21.964691,30,2871.771252
20.454542,30,2871.771272
7.207992,10,2874.677267
20.454542,30,2874.677512
4.8549857,7,2874.67756
20.454542,30,2876.671076
20.454542,30,2878.573224
20.454542,30,2880.571189
20.454542,30,2880.571257
10.414772,14,2883.134676
3.2045453,5,2883.134758
20.454542,30,2886.885815
22.6806,30,2888.739106
12.980825,17,2888.739201
12.372746,16,2891.673409
6.4027896,9,2891.673526
19.227268,25,2891.673549
16.940943,22,2895.635525
20.454542,30,2895.635611
14.420452,19,2895.635633
13.619316,18,2897.577802
13.933672,17,2897.603163
20.539877,30,2899.971611
23.192543,30,2914.366206
22.960222,30,2917.107335
22.71935,30,2923.264828
22.957987,30,2923.264891
20.539877,30,2927.968657
20.454542,30,2930.054873
20.454542,30,2930.054965
15.835225,23,2932.138647
20.454542,30,2932.138736
20.454542,30,2935.066376
22.48295,30,2935.070635
20.454542,30,2935.07068
22.005678,30,2935.070697
20.454542,30,2936.778579
20.454542,30,2938.661068
21.165997,30,2938.661153
21.136467,30,2938.66117
20.454542,30,2940.676912
20.454542,30,2943.660856
20.454542,30,2945.504892
20.454542,30,2945.504977
20.454542,30,2947.379071
20.454542,30,2951.546339
20.539877,30,2953.559115
20.454542,30,2953.559203
20.454542,30,2955.470451
20.897831,30,2955.470534
20.454542,30,2955.470551
20.539877,30,2960.439353
20.656977,30,2960.439442
20.539877,30,2960.439466
20.625235,30,2962.451641
20.454542,30,2962.455528
20.539877,30,2964.236828
14.318179,22,2964.236923
20.454542,30,2979.4692
20.454542,30,2987.446059
20.539877,30,2987.446152
20.454542,30,2991.036152
20.454542,30,2993.469158
20.454542,30,2993.469421
20.454542,30,2995.352472
20.454542,30,2995.352564
20.539877,30,2997.213975
20.545685,30,2997.214039
20.539877,30,2997.214052
20.539877,30,2997.214062
20.886234,30,2999.11522
20.454542,30,3001.845922
20.454542,30,3001.846009
20.454542,30,3001.846027
20.454542,30,3003.639762
20.540869,30,3005.804595
20.454542,30,3007.724413
20.454542,30,3007.724504
20.57386,30,3010.456464
20.454542,30,3014.308074
20.454542,30,3016.335906
20.454542,30,3016.335987
20.454542,30,3019.159308
20.454542,30,3019.159393
20.454542,30,3019.159414
20.454542,30,3022.93425
20.454542,30,3022.934371
20.454542,30,3022.934405
20.454542,30,3024.946304
20.454542,30,3024.94638
20.454542,30,3027.840037
20.454542,30,3027.840122
20.454542,30,3041.693016
20.454542,30,3050.078495
20.454542,30,3050.078583
20.454542,30,3054.563311
20.454542,30,3056.572747
20.454542,30,3056.572816
20.454542,30,3058.75858
20.454542,30,3058.758662
20.454542,30,3061.054457
20.454542,30,3061.054536
20.454542,30,3061.054554
20.454542,30,3061.054567
20.539877,30,3063.02438
20.454542,30,3064.977497
20.539877,30,3064.977581
20.539877,30,3064.977602
20.454542,30,3067.204151
20.454542,30,3069.173993
20.539877,30,3071.171233
20.454542,30,3071.171324
20.454542,30,3073.141296
2.5942352,4,3075.157449
20.651173,30,3077.858165
20.539854,30,3079.551115
20.454542,30,3079.551203
20.653387,30,3081.658693
20.539877,30,3081.658782
20.454542,30,3081.658803
20.454542,30,3086.724074
21.051092,30,3086.724162
20.539877,30,3086.724184
20.454542,30,3088.635235
20.454542,30,3088.635318
20.651173,30,3090.45109
20.539877,30,3090.451173
2.403409,4,3096.946987
2.398546,4,3098.737906
20.539877,30,3104.979162
20.539877,30,3113.456275
20.454542,30,3113.456408
20.454542,30,3117.160154
20.540869,30,3120.07502
20.454542,30,3120.075108
20.539883,30,3121.979558
20.454542,30,3121.979655
20.57386,30,3123.682417
20.57386,30,3123.682511
20.454542,30,3123.682535
20.571642,30,3123.682553
20.454542,30,3125.58601
20.454542,30,3128.553203
20.660187,30,3128.553289
20.660187,30,3128.553307
20.571642,30,3132.041213
20.454542,30,3133.867466
20.454542,30,3133.867571
20.454542,30,3136.571786
20.454542,30,3138.362647
4.090909,7,3138.362721
20.454542,30,3140.08915
20.454542,30,3141.977256
20.454542,30,3141.977352
20.454542,30,3144.960489
20.454542,30,3144.960578
21.136467,30,3144.960601
20.897831,30,3148.579635
21.764807,30,3148.579721
21.287535,30,3148.57974
21.409088,30,3150.375954
3.409091,6,3150.376038
20.57386,30,3153.340528
20.454542,30,3159.093037
20.539877,30,3161.949809
2.7272727,5,3163.763574
20.454542,30,3167.425199
20.454542,30,3175.657471
20.454542,30,3175.661614
20.454542,30,3180.324671
20.454542,30,3182.157905
20.625212,30,3182.157992
20.539877,30,3184.078701
20.539877,30,3184.083929
20.454542,30,3186.946916
20.454542,30,3186.947003
20.454542,30,3186.947019
20.454542,30,3188.771267
20.454542,30,3190.657114
20.539877,30,3190.6572
20.540047,30,3190.657218
20.539877,30,3194.951654
20.454542,30,3196.679865
20.571642,30,3196.679951
20.454542,30,3198.625609
20.454542,30,3200.57743
20.539877,30,3203.442591
20.539877,30,3205.386244
20.539877,30,3205.386313
20.539877,30,3207.24145
20.539877,30,3207.245526
20.454542,30,3207.245697
20.454542,30,3211.925392
20.454542,30,3211.925648
20.454542,30,3211.933601
8.181817,13,3211.933708
20.454542,30,3213.6777
20.454542,30,3213.677775
20.454542,30,3221.968096
2.4011736,4,3221.968183
5.6079545,8,3224.026175
3.2023098,5,3224.026325
20.57386,30,3224.026385
20.454542,30,3226.059222
20.454542,30,3230.675653
20.454542,30,3238.742121
20.454542,30,3238.742186
11.590907,18,3240.499032
15.306816,21,3240.499098
20.539877,30,3242.342158
20.454542,30,3244.924792
20.454542,30,3244.924947
20.454542,30,3246.945698
20.454542,30,3248.745587
20.454542,30,3248.745876
20.454542,30,3248.74601
20.539877,30,3250.568891
20.454542,30,3253.09113
20.454542,30,3253.091196
20.454542,30,3253.091208
20.454542,30,3256.54009
22.124996,30,3258.369627
20.454542,30,3261.269471
20.454542,30,3263.106265
21.645489,30,3267.305555
22.005678,30,3267.305644
20.454542,30,3269.925331
22.005678,30,3269.925546
21.284906,30,3273.726467
21.287535,30,3273.726548
21.28977,30,3273.726568
20.812496,30,3273.726583
20.454542,30,3283.759073
20.454542,30,3283.759162
20.931814,30,3286.578921
20.454542,30,3286.579079
20.454542,30,3286.579107
20.454542,30,3288.40369
20.454542,30,3292.237655
20.57386,30,3300.652141
20.656977,30,3300.652328
20.454542,30,3303.675957
20.454542,30,3303.676047
20.454542,30,3305.677714
20.454542,30,3307.675433
20.454542,30,3307.675502
20.454542,30,3309.434953
20.454542,30,3312.067147
20.454542,30,3312.067225
20.454542,30,3312.067239
20.454542,30,3313.935617
20.625212,30,3315.68309
20.454542,30,3315.683355
20.454542,30,3315.683479
20.454542,30,3320.081324
20.539877,30,3321.750119
20.454542,30,3323.777199
20.454542,30,3325.97913
20.625212,30,3330.25707
20.454542,30,3330.257153
20.625212,30,3332.227094
20.454542,30,3332.233709
20.539877,30,3336.974323
20.454542,30,3336.974391
20.454542,30,3336.974405
20.454542,30,3336.974415
20.539877,30,3347.355528
20.545685,30,3347.355617
20.97157,30,3349.435599
20.886234,30,3349.435678
20.656977,30,3349.435696
20.454542,30,3351.36715
20.539877,30,3355.965266
20.454542,30,3364.032974
20.454542,30,3364.033082
20.454542,30,3365.954442
20.454542,30,3365.954536
20.454542,30,3368.050393
20.539906,30,3370.858462
20.539906,30,3370.85854
20.540047,30,3373.077913
20.454542,30,3375.051137
20.454542,30,3375.051232
20.540869,30,3375.051254
20.454542,30,3376.956059
20.571642,30,3379.270602
20.454542,30,3379.270692
20.57386,30,3379.270713
20.454542,30,3382.9394
20.454542,30,3384.803943
20.454542,30,3387.604292
20.454542,30,3389.364245
20.454542,30,3393.166744
20.454542,30,3393.166831
20.454542,30,3396.074121
20.454542,30,3396.078307
20.454542,30,3400.053394
20.812496,30,3400.05351
20.454542,30,3400.053534
20.454542,30,3400.05355
20.454542,30,3410.076016
20.454542,30,3410.076106
20.454542,30,3412.867065
20.454542,30,3412.867128
20.454542,30,3412.867141
20.454542,30,3414.626332
20.454542,30,3418.554826
20.454542,30,3426.826613
20.454542,30,3426.827865
20.454542,30,3429.624245
20.454542,30,3429.624576
20.454542,30,3431.437596
20.454542,30,3433.149004
20.454542,30,3433.1491
20.454542,30,3435.046097
20.57386,30,3437.855376
8.181817,13,3437.855473
11.590907,18,3437.855494
20.454542,30,3437.855512
20.57386,30,3437.855527
20.454542,30,3439.643028
20.454542,30,3441.677732
20.454542,30,3441.677821
20.454542,30,3441.67784
20.454542,30,3446.335359
20.454542,30,3448.150507
20.454542,30,3450.05755
20.454542,30,3452.232531
20.454542,30,3456.703976
20.454542,30,3456.723821
20.454542,30,3458.583714
2.403409,4,3458.583805
20.454542,30,3458.583829
6.4068556,9,3460.543061
10.227271,16,3460.543149
20.539877,30,3463.270367
4.8045826,7,3463.270436
20.454542,30,3463.270452
20.454542,30,3463.270465
4.165699,6,3465.175895
7.2061615,10,3467.065874
10.77271,14,3467.065934
20.890862,30,3473.358718
20.454542,30,3475.367635
20.454542,30,3475.367722
14.993103,22,3475.372916
20.886795,30,3475.372956
20.454542,30,3477.378569
20.454542,30,3482.273937
20.653387,30,3490.236041
20.454542,30,3492.252975
20.454542,30,3494.27855
20.454542,30,3496.989747
22.717506,30,3496.989827
21.884125,30,3499.141819
22.005678,30,3501.150695
22.754562,30,3501.150778
22.244314,30,3501.150796
21.40108,30,3501.150812
20.539877,30,3503.10402
20.454542,30,3505.547048
21.528406,30,3505.547133
20.693178,30,3519.556152
21.369299,30,3519.556236
21.048897,30,3522.267434
21.042934,30,3522.267501
21.28569,30,3522.267518
20.693178,30,3524.025636
21.837744,30,3524.025782
20.454542,30,3525.847528
20.454542,30,3525.847613
21.447699,30,3525.847633
20.454542,30,3525.847649
20.571642,30,3527.771318
20.571642,30,3530.67997
20.571642,30,3530.680068
20.539877,30,3536.26034
20.454542,30,3538.681946
20.454542,30,3538.682012
20.454542,30,3538.687496
20.454542,30,3538.687571
20.454542,30,3540.480056
20.454542,30,3544.4555
20.454542,30,3552.765837
20.454542,30,3555.570496
20.539877,30,3557.452075
20.454542,30,3559.335228
20.454542,30,3559.335339
20.539877,30,3561.272077
20.539877,30,3564.084249
20.454542,30,3564.084341
20.454542,30,3564.084365
20.454542,30,3564.084384
20.539877,30,3566.130929
20.539877,30,3567.974058
20.454542,30,3567.974334
20.454542,30,3582.57711
20.454542,30,3582.577217
20.454542,30,3584.336384
20.454542,30,3584.336471
20.539906,30,3584.345582
20.454542,30,3586.24698
20.454542,30,3586.247072
20.539877,30,3589.003574
20.539877,30,3589.003654
20.540869,30,3589.003667
20.454542,30,3589.003677
20.539877,30,3590.860751
20.539877,30,3592.963148
20.659195,30,3592.963242
20.454542,30,3599.305714
20.454542,30,3601.343343
20.454542,30,3601.345796
20.454542,30,3601.345967
20.539877,30,3601.346096
20.454542,30,3603.361428
20.454542,30,3607.846867
20.539877,30,3616.354461
20.454542,30,3617.963296
20.454542,30,3619.961265
20.454542,30,3622.874464
20.454542,30,3622.87453
20.454542,30,3624.7373
20.539877,30,3626.671056
20.539877,30,3626.671149
20.539877,30,3626.67117
20.454542,30,3626.67119
20.625212,30,3628.64235
20.539877,30,3631.236896
20.539877,30,3631.236988
20.659195,30,3645.458221
20.57386,30,3645.458309
20.539877,30,3648.309107
20.539883,30,3648.309171
20.454542,30,3648.309183
20.539877,30,3650.205039
20.539877,30,3650.20512
20.454542,30,3652.175471
20.454542,30,3652.175544
20.454542,30,3652.175564
20.454542,30,3652.175581
20.540869,30,3654.225851
20.454542,30,3657.193316
20.454542,30,3657.193403
20.454542,30,3662.774204
20.454542,30,3665.004261
20.454542,30,3665.00434
20.454542,30,3665.004359
20.454542,30,3665.004372
3.409091,6,3665.004384
20.454542,30,3666.847096
20.539877,30,3670.435184
20.454542,30,3678.90505
20.454542,30,3681.812851
20.540869,30,3683.668503
20.545685,30,3685.63924
20.454542,30,3685.639339
20.454542,30,3687.503843
20.539877,30,3689.947121
20.454542,30,3689.947211
20.454542,30,3689.947235
20.454542,30,3689.947254
20.454542,30,3691.934092
2.398546,4,3693.824996
20.454542,30,3693.825145
20.539877,30,3693.825188
6.409091,9,3702.372821
4.003446,6,3706.875041
4.0056815,6,3706.875129
20.454542,30,3708.746457
20.454542,30,3708.746545
20.454542,30,3710.773698
20.454542,30,3710.774136
20.454542,30,3710.774283
22.439732,30,3712.742074
20.454542,30,3712.742156
8.011364,11,3712.742178
20.539883,30,3715.166026
20.454542,30,3715.166278
20.539883,30,3715.166413
20.454542,30,3716.825005
20.454542,30,3718.741565
20.454542,30,3718.741667
20.57386,30,3725.355094
20.454542,30,3727.452053
20.454542,30,3727.452141
22.244314,30,3727.46553
22.242079,30,3727.46559
20.454542,30,3727.46561
20.454542,30,3729.408533
20.454542,30,3734.20375
21.406853,30,3742.367795
20.454542,30,3744.255994
21.04627,30,3748.9732
21.404224,30,3750.977616
21.767042,30,3752.960882
21.287535,30,3752.960976
20.81026,30,3752.960997
21.250923,30,3754.758552
21.52617,30,3757.534456
21.051132,30,3765.771148
20.454542,30,3769.869325
20.454542,30,3769.869414
20.693178,30,3771.734913
20.454542,30,3771.735013
20.57386,30,3774.377529
20.454542,30,3774.40315
20.454542,30,3774.403336
20.454542,30,3776.362221
20.454542,30,3776.3623
20.454542,30,3776.362318
20.454542,30,3778.406963
20.454542,30,3778.407067
20.454542,30,3778.40712
20.454542,30,3780.3405
20.454542,30,3783.23435
20.454542,30,3783.234439
20.539906,30,3789.178487
20.454542,30,3792.054753
20.454542,30,3792.054833
20.454542,30,3792.054852
20.454542,30,3792.054866
20.454542,30,3792.054879
20.540869,30,3793.706489
20.886234,30,3797.742524
20.454542,30,3805.58732
20.454542,30,3808.47245
20.454542,30,3812.290777
20.454542,30,3814.176901
20.454542,30,3816.569388
20.454542,30,3816.56946
20.454542,30,3816.569474
20.454542,30,3818.462013
20.454542,30,3820.45743
20.454542,30,3828.971711
20.454542,30,3833.189664
20.454542,30,3833.189718
20.454542,30,3835.140311
20.454542,30,3835.140605
20.454542,30,3836.937674
20.454542,30,3836.937765
20.454542,30,3836.937786
20.454542,30,3838.926004
20.454542,30,3838.926152
20.454542,30,3838.926189
20.454542,30,3841.703782
20.454542,30,3841.703874
20.454542,30,3841.703903
20.454542,30,3843.730577
20.454542,30,3845.742198
20.454542,30,3845.742288
20.454542,30,3852.474026
20.454542,30,3854.563161
20.454542,30,3854.563246
21.767042,30,3854.563272
20.454542,30,3854.563289
20.454542,30,3854.563305
20.454542,30,3856.437165
20.454542,30,3860.934137
20.454542,30,3869.848323
20.454542,30,3871.677801
20.454542,30,3876.288008
20.454542,30,3878.02469
20.454542,30,3879.844962
20.454542,30,3879.84506
20.454542,30,3879.845085
20.454542,30,3881.671539
21.051132,30,3884.652132
20.454542,30,3892.960915
20.454542,30,3896.727555
20.454542,30,3896.727924
20.454542,30,3898.625365
20.454542,30,3898.62556
20.454542,30,3901.559722
20.454542,30,3901.559807
20.454542,30,3901.559823
20.454542,30,3903.48324
20.539877,30,3903.483321
20.539854,30,3903.483344
20.454542,30,3905.278946
20.454542,30,3905.279028
20.653387,30,3905.279049
20.771713,30,3907.192481
20.454542,30,3909.463227
19.772724,30,3909.463317
20.454542,30,3915.040586
20.454542,30,3917.60107
20.454542,30,3917.601135
20.539877,30,3917.601148
21.368101,30,3917.601159
20.454542,30,3917.601167
20.539877,30,3919.548602
6.136363,10,3921.480206
20.454542,30,3923.229674
1.7167277,3,3923.229838
1.597429,3,3923.229895
2.4011736,4,3925.926491
4.0564766,6,3927.761747
3.1996822,5,3927.761828
1.6022727,3,3929.738788
20.454542,30,3931.775247
20.539877,30,3934.385291
10.414772,14,3936.676199
20.539877,30,3938.554127
3.9981632,6,3938.554209
20.454542,30,3940.574291
20.454542,30,3943.273514
20.454542,30,3943.273597
1.6504337,3,3943.273618
20.454542,30,3943.273635
20.454542,30,3945.269973
20.454542,30,3947.236819
12.017044,16,3953.558226
20.454542,30,3955.503831
2.3959103,4,3955.503909
6.404228,9,3957.483665
10.412537,14,3957.483916
9.611401,13,3960.268382
20.454542,30,3960.268466
13.619316,18,3960.268484
7.2102275,10,3960.268498
20.454542,30,3960.268512
9.611401,13,3962.185387
20.454542,30,3962.185468
20.454542,30,3962.185529
15.095579,19,3964.048419
14.802749,19,3964.048495
20.57386,30,3964.048512
20.454542,30,3964.048524
20.454542,30,3965.77915
20.454542,30,3965.779235
20.890862,30,3965.77926
14.412933,19,3968.455338
20.454542,30,3968.455422
20.454542,30,3968.455441
18.820463,24,3968.455456
3.9572015,5,3968.45547
20.890862,30,3968.455485
2.2818553,4,3970.362581
9.698863,14,3972.366183
23.67205,30,3972.366251
23.198858,30,3972.366266
22.11526,30,3993.774033
21.878841,30,4004.085155
22.67258,30,4005.897362
21.759523,30,4005.89743
21.76218,30,4005.897443
21.642862,30,4007.695113
14.318179,22,4013.90327
20.693178,30,4015.772162
20.689114,30,4018.450788
20.690943,30,4018.450873
21.837744,30,4020.46314
20.89297,30,4022.627402
20.454542,30,4022.633972
20.454542,30,4022.634277
20.812496,30,4022.634525
20.897831,30,4022.634761
20.776278,30,4024.580322
20.693178,30,4024.580712
20.57386,30,4027.286467
20.57386,30,4027.286555
20.57386,30,4027.286569
20.571642,30,4027.286578
20.539877,30,4029.161689
20.454542,30,4029.162106
20.454542,30,4029.16226
20.454542,30,4031.043317
20.454542,30,4031.043401
20.454542,30,4031.043422
20.454542,30,4031.043438
20.454542,30,4031.043454
2.0454545,4,4032.835402
20.539877,30,4032.835504
20.539877,30,4035.766129
20.539877,30,4035.766615
20.738722,30,4035.766707
20.454542,30,4056.334248
11.215908,15,4064.881879
20.454542,30,4066.762776
22.561281,30,4069.371453
20.454542,30,4069.371525
20.454542,30,4069.371541
14.318179,22,4069.371552
20.454542,30,4071.254711
20.454542,30,4077.546636
20.539877,30,4079.340398
20.454542,30,4081.036789
20.539877,30,4081.036877
20.539883,30,4082.924114
20.539906,30,4085.765159
20.454542,30,4085.765247
20.454542,30,4085.765265
20.539906,30,4085.76528
20.454542,30,4087.704968
20.454542,30,4089.576225
20.540869,30,4089.576299
20.454542,30,4089.576315
20.454542,30,4089.576327
20.545685,30,4091.670718
20.454542,30,4091.670997
20.454542,30,4091.671131
20.571642,30,4094.57779
20.57386,30,4094.578051
20.454542,30,4094.57811
20.454542,30,4094.578128
20.571642,30,4094.578155
20.454542,30,4096.586051
20.454542,30,4098.546258
20.454542,30,4098.546551
20.454542,30,4098.54669
11.062499,16,4102.870864
15.869316,22,4102.87093
4.772727,8,4111.347299
11.590907,18,4128.36139
21.528406,30,4128.361476
21.881498,30,4130.404116
21.28977,30,4132.342183
21.28977,30,4132.342283
21.28977,30,4132.342307
20.693178,30,4134.354219
20.812496,30,4140.964007
20.454542,30,4142.681733
20.57386,30,4145.439659
20.659195,30,4145.439742
20.454542,30,4147.145129
20.778513,30,4149.069756
20.897831,30,4149.069851
20.539877,30,4149.069873
20.812496,30,4149.069892
20.454542,30,4151.076017
20.659195,30,4153.957853
20.539877,30,4153.957938
20.454542,30,4153.957956
20.454542,30,4155.841811
20.454542,30,4155.841899
20.539877,30,4155.841921
20.454542,30,4157.698066
20.454542,30,4157.698129
20.454542,30,4157.698143
20.539877,30,4157.698152
20.454542,30,4159.476268
20.454542,30,4162.283993
20.539877,30,4162.284247
20.454542,30,4162.284368
20.454542,30,4165.97591
20.454542,30,4165.975996
6.523546,9,4172.243229
2.403409,4,4173.878769
20.539877,30,4173.878846
4.003446,6,4173.878864
12.815945,17,4180.692009
12.80194,16,4182.525106
11.564733,14,4187.2467
20.454542,30,4191.078143
21.129465,30,4191.078215
20.454542,30,4192.878714
20.454542,30,4195.64729
20.454542,30,4195.647381
21.129465,30,4195.647399
20.454542,30,4197.49747
21.129465,30,4203.995727
4.090909,7,4205.682628
20.539877,30,4205.682695
10.906961,16,4207.538206
20.454542,30,4207.538306
20.539877,30,4209.404311
20.454542,30,4212.26884
20.539877,30,4212.269155
20.454542,30,4212.269266
20.738722,30,4214.026262
20.348822,27,4214.026353
20.651173,30,4215.958575
23.031057,30,4215.958657
21.494423,30,4217.82569
20.651173,30,4217.82579
21.647724,30,4217.825825
20.651173,30,4220.279496
20.454542,30,4220.279587
20.454542,30,4222.259566
20.454542,30,4224.068605
20.539875,30,4224.068688
17.76136,26,4225.770358
2.7272727,5,4225.770466
21.718723,30,4228.241002
7.371786,11,4228.241091
20.539877,30,4236.25068
20.539877,30,4236.250762
20.454542,30,4242.252104
20.651173,30,4244.968931
20.454542,30,4248.881603
20.630028,30,4253.470403
20.653395,30,4255.458856
20.626064,30,4257.446716
20.454542,30,4257.446806
20.454542,30,4257.446827
20.539877,30,4259.388646
20.97157,30,4265.852164
20.57386,30,4267.786006
20.539877,30,4270.525418
20.857048,30,4270.52559
20.454542,30,4272.324555
20.539877,30,4274.270411
20.454542,30,4274.27049
20.454542,30,4274.270508
20.454542,30,4276.234491
20.454542,30,4276.234577
20.454542,30,4278.771001
19.090906,29,4278.771081
16.363634,25,4280.754049
20.625212,30,4280.754133
20.539877,30,4280.754155
16.448969,25,4280.754171
20.539877,30,4282.773697
20.540869,30,4282.773762
20.454542,30,4284.564393
20.97157,30,4287.4542
20.539877,30,4287.454283
20.454542,30,4289.367162
20.539877,30,4289.367374
8.181817,13,4297.324281
20.454542,30,4298.978535
20.454542,30,4298.978621
20.454542,30,4305.973824
20.626204,30,4308.047042
20.454542,30,4312.27623
20.454542,30,4316.133196
20.454542,30,4317.973659
20.454542,30,4320.351515
20.454542,30,4320.351602
20.539877,30,4320.351624
20.454542,30,4322.261103
20.454542,30,4329.076513
20.454542,30,4331.143682
20.454542,30,4333.234181
20.454542,30,4335.146078
20.454542,30,4337.766532
20.545685,30,4337.766605
20.454542,30,4337.766623
20.571642,30,4339.754323
20.57386,30,4339.754573
20.454542,30,4341.435243
20.454542,30,4341.435352
20.454542,30,4343.60015
20.454542,30,4343.600217
20.454542,30,4343.600231
20.454542,30,4343.600239
20.454542,30,4346.397572
20.454542,30,4346.397648
20.454542,30,4348.297832
20.454542,30,4350.077764
2.0454545,4,4350.077843
20.454542,30,4350.077862
20.454542,30,4352.049373
20.454542,30,4352.049513
20.693178,30,4360.258883
20.454542,30,4363.374013
20.454542,30,4363.374292
3.9981632,6,4365.076715
7.2102275,10,4365.076786
7.2102275,10,4367.146051
20.454542,30,4369.0732
2.3959103,4,4371.787672
20.454542,30,4371.787743
8.009129,11,4373.809022
20.454542,30,4375.843326
4.8045826,7,4377.80652
10.407253,14,4377.806591
10.409909,14,4380.850997
20.454542,30,4380.851085
12.815945,17,4380.851104
20.454542,30,4382.866176
20.454542,30,4384.772922
20.454542,30,4384.773006
20.454542,30,4384.773027
20.454542,30,4386.667281
20.454542,30,4392.969858
20.454542,30,4394.868733
20.454542,30,4397.852279
20.454542,30,4399.869007
20.454542,30,4401.642919
20.454542,30,4401.643003
20.454542,30,4401.643027
20.454542,30,4403.575645
20.454542,30,4403.575736
20.454542,30,4406.264879
20.454542,30,4408.0636
22.840904,30,4408.063696
20.454542,30,4409.971287
20.454542,30,4414.771967
3.0852273,5,4414.772061
22.356113,30,4416.77108
21.881498,30,4425.55525
21.640205,30,4429.364043
21.642862,30,4429.364213
21.528406,30,4432.405652
21.523544,30,4434.234843
21.282251,30,4436.07397
20.454542,30,4436.074043
21.28977,30,4438.038646
21.048897,30,4440.989099
3.1996822,5,4440.98917
20.929579,30,4442.940464
20.931814,30,4442.94053
2.5204918,4,4444.895937
21.284906,30,4444.896001
20.454542,30,4444.896014
20.812496,30,4444.896024
20.690943,30,4446.775648
20.454542,30,4449.643876
20.571642,30,4449.643964
21.17045,30,4449.643981
1.6022727,3,4451.56495
20.454542,30,4451.565023
20.454542,30,4457.482477
20.454542,30,4459.63908
20.454542,30,4461.64998
20.454542,30,4463.260648
20.454542,30,4466.076439
20.454542,30,4466.076504
20.454542,30,4466.076517
20.454542,30,4467.980537
20.454542,30,4469.97615
20.454542,30,4471.861753
4.090909,7,4471.861855
20.454542,30,4471.861877
20.454542,30,4474.831913
2.8135998,5,4476.595048
20.454542,30,4478.471349
20.454542,30,4478.471437
20.454542,30,4480.242451
20.539877,30,4488.846661
21.881498,30,4493.656482
21.767042,30,4495.541946
21.61374,30,4497.273725
21.611506,30,4500.311908
21.492188,30,4502.083345
21.458204,30,4504.008252
20.454542,30,4504.008401
21.168215,30,4505.867519
20.931814,30,4505.867605
21.048897,30,4508.869661
20.693178,30,4508.869733
20.571642,30,4508.869757
20.857048,30,4510.767332
20.771713,30,4512.665282
20.807634,30,4512.665372
20.812496,30,4512.665392
20.454542,30,4514.473136
20.454542,30,4514.473222
20.454542,30,4523.035808
20.62524,30,4525.937535
20.454542,30,4527.706291
20.454542,30,4529.642248
20.454542,30,4529.642332
20.454542,30,4531.570302
20.454542,30,4534.034445
20.454542,30,4535.906492
20.454542,30,4535.906577
20.454542,30,4535.906595
20.539877,30,4537.689349
11.590907,18,4537.689421
20.454542,30,4539.867479
20.454542,30,4542.704326
20.539877,30,4542.704759
20.539877,30,4544.545279
20.454542,30,4553.103686
20.625381,30,4556.882698
20.454542,30,4559.386177
20.454542,30,4561.360953
20.539877,30,4565.238162
20.57386,30,4567.875394
20.454542,30,4567.875482
20.454542,30,4569.566656
20.454542,30,4569.566751
20.539877,30,4571.55834
20.454542,30,4571.55842
20.539877,30,4571.558438
20.539877,30,4573.475712
20.454542,30,4576.257055
20.454542,30,4576.257143
20.454542,30,4576.257165
20.454542,30,4578.153108
3.1996822,5,4578.153191
20.539877,30,4578.15321
2.4011736,4,4586.937599
20.539877,30,4586.937709
20.454542,30,4588.755825
20.625381,30,4590.541009
20.454542,30,4593.524306
20.454542,30,4593.524382
20.454542,30,4595.546983
20.454542,30,4597.392223
20.454542,30,4599.343266
20.57386,30,4599.343362
20.657146,30,4599.343387
13.497763,18,4599.343405
20.454542,30,4602.047055
20.454542,30,4602.047496
20.540869,30,4603.960469
22.363632,30,4605.683165
20.454542,30,4605.683254
20.57386,30,4607.450692
20.454542,30,4616.064543
20.315943,28,4618.861671
20.539877,30,4620.785988
22.361397,30,4628.958504
18.918217,27,4628.958591
20.454542,30,4630.775914
22.602268,30,4632.559334
20.454542,30,4632.559412
21.764807,30,4635.477276
21.52617,30,4635.477351
21.406853,30,4637.467741
21.52617,30,4639.280565
22.124996,30,4639.281545
21.287535,30,4639.281605
20.454542,30,4641.071128
21.528406,30,4641.071217
20.693178,30,4649.44785
21.255785,30,4649.447932
21.168215,30,4652.384871
21.017149,30,4654.278575
20.895596,30,4656.050324
20.454542,30,4656.050416
20.693178,30,4657.924009
20.454542,30,4660.649889
20.931814,30,4662.478009
20.454542,30,4662.478126
20.454542,30,4662.47814
20.454542,30,4662.47815
20.539877,30,4664.324649
20.454542,30,4664.324736
20.539877,30,4666.139988
20.539883,30,4668.954904
20.539883,30,4668.95499
20.454542,30,4671.047205
3.2045453,5,4672.876258
2.0454545,4,4677.662396
20.571642,30,4679.485929
20.454542,30,4681.373954
20.454542,30,4683.429583
20.539877,30,4691.565857
20.454542,30,4691.566071
20.454542,30,4694.267099
20.454542,30,4696.203004
20.454542,30,4696.203089
20.454542,30,4698.186988
20.454542,30,4698.187069
20.454542,30,4700.168558
20.454542,30,4702.838761
20.539877,30,4702.838827
20.454542,30,4702.838842
20.454542,30,4704.704057
20.539877,30,4704.704145
16.397724,24,4713.175917
20.454542,30,4713.176007
22.244314,30,4713.17603
15.76715,24,4715.071425
20.539877,30,4715.071489
20.454542,30,4716.723874
20.539877,30,4719.572963
20.454542,30,4719.57303
20.931814,30,4721.4713
21.852547,30,4723.345858
20.539877,30,4725.070083
20.454542,30,4725.070168
3.1996822,5,4727.958173
20.454542,30,4727.958262
4.003446,6,4727.958286
20.454542,30,4729.727403
20.539877,30,4731.692641
20.454542,30,4733.56706
20.454542,30,4736.350052
20.454542,30,4740.197235
20.454542,30,4741.976983
20.454542,30,4744.745962
5.810264,9,4746.451505
20.539877,30,4746.451591
4.4488635,7,4750.174722
20.454542,30,4754.961887
20.454542,30,4754.96198
20.454542,30,4756.871617
20.454542,30,4758.630234
20.539877,30,4758.630324
20.539877,30,4761.488828
20.454542,30,4761.488981
20.454542,30,4763.464164
20.454542,30,4765.380867
20.539877,30,4765.380939
20.539877,30,4765.380952
20.454542,30,4767.07478
20.454542,30,4767.074854
20.454542,30,4775.45113
21.645489,30,4775.451222
21.645489,30,4775.451247
20.539877,30,4778.282352
21.28977,30,4782.235763
21.28977,30,4782.235851
21.371233,30,4784.341074
20.454542,30,4786.962586
20.926952,30,4788.871642
21.259357,30,4788.87173
20.81026,30,4790.831076
20.807634,30,4790.831164
21.482826,30,4792.804187
20.57386,30,4795.043986
17.162552,26,4795.044068
20.57386,30,4796.950043
20.454542,30,4805.455871
20.454542,30,4807.269865
20.454542,30,4808.946191
20.454542,30,4808.946274
20.454542,30,4813.679919
20.454542,30,4817.33987
20.454542,30,4817.33999
20.454542,30,4820.039867
20.454542,30,4821.982398
20.454542,30,4821.982694
20.454542,30,4823.844058
20.454542,30,4823.84415
20.454542,30,4825.766042
20.454542,30,4828.40491
20.454542,30,4828.405012
20.454542,30,4828.405039
20.454542,30,4830.381145
20.454542,30,4830.381224
20.454542,30,4839.281449
20.454542,30,4839.303088
20.454542,30,4839.303128
20.454542,30,4841.126629
20.454542,30,4845.467373
20.454542,30,4845.467462
20.454542,30,4847.249132
20.812496,30,4849.034465
20.454542,30,4851.145641
20.454542,30,4851.14573
21.051132,30,4853.645714
20.454542,30,4853.645833
20.454542,30,4855.566306
20.454542,30,4857.47395
20.693178,30,4857.47403
20.454542,30,4859.456018
20.454542,30,4867.454583
20.57386,30,4870.216743
20.454542,30,4872.150337
20.454542,30,4872.150428
20.539877,30,4875.847016
20.454542,30,4881.248152
20.454542,30,4881.248306
20.539877,30,4883.272209
20.454542,30,4885.259974
20.454542,30,4885.26006
20.454542,30,4888.36131
20.454542,30,4888.361375
20.454542,30,4890.252392
20.454542,30,4892.161885
20.454542,30,4892.165994
20.454542,30,4892.166035
20.454542,30,4894.043714
20.57386,30,4894.043811
20.539877,30,4902.538789
20.454542,30,4902.538878
21.647724,30,4902.538903
20.454542,30,4905.346116
20.539877,30,4909.163626
20.454542,30,4909.163719
20.778513,30,4911.072243
20.454542,30,4914.160179
4.0056815,6,4916.266567
20.454542,30,4916.266636
20.454542,30,4916.266649
20.539877,30,4918.14256
20.454542,30,4918.142649
20.454542,30,4919.959226
8.931818,12,4919.959315
20.454542,30,4922.636312
20.454542,30,4922.636405
20.454542,30,4924.625238
9.611401,13,4931.167675
20.540047,30,4933.075876
20.540869,30,4934.784502
20.454542,30,4936.645831
20.454542,30,4936.645928
20.454542,30,4941.688381
20.454542,30,4945.264239
23.07954,30,4945.264322
20.454542,30,4948.250134
21.409088,30,4950.073671
22.363632,30,4950.074001
20.454542,30,4951.974167
20.454542,30,4951.974254
20.454542,30,4953.674447
20.454542,30,4956.679461
20.454542,30,4956.68208
20.454542,30,4956.682258
22.363632,30,4958.479134
20.931814,30,4966.958741
20.454542,30,4968.543139
21.409088,30,4973.472131
21.528406,30,4973.472204
20.454542,30,4975.178057
20.454542,30,4976.983191
21.168215,30,4978.800462
20.454542,30,4978.800549
20.454542,30,4978.800571
20.454542,30,4981.639029
20.454542,30,4981.63913
20.454542,30,4983.634582
20.454542,30,4983.634677
20.454542,30,4985.404162
20.454542,30,4985.404234
20.454542,30,4987.188742
20.454542,30,4993.760646
20.454542,30,4995.640739
20.454542,30,4998.548798
20.454542,30,5000.576033
20.454542,30,5000.576442
20.454542,30,5004.262716
20.454542,30,5008.884285
20.454542,30,5008.884373
20.454542,30,5010.78251
20.454542,30,5012.593726
20.454542,30,5012.593814
20.454542,30,5015.565249
20.454542,30,5015.565315
20.454542,30,5017.475684
20.454542,30,5019.189126
20.454542,30,5019.189193
21.767042,30,5019.189208
20.454542,30,5021.138086
21.17045,30,5030.330972
21.051132,30,5032.937982
20.812496,30,5036.663765
21.165588,30,5036.663852
20.693178,30,5038.739298
21.04627,30,5041.506233
14.318179,22,5041.506314
20.454542,30,5043.382565
20.454542,30,5043.382631
20.454542,30,5043.382644
20.454542,30,5045.434307
20.454542,30,5045.434632
20.454542,30,5047.646738
20.454542,30,5047.646827
20.454542,30,5050.466326
20.454542,30,5050.466413
20.454542,30,5052.549228
20.454542,30,5061.173414
20.454542,30,5062.974456
20.454542,30,5064.877855
20.454542,30,5064.877943
20.454542,30,5069.678939
20.454542,30,5073.666339
20.454542,30,5073.67139
20.454542,30,5076.357536
20.454542,30,5078.192657
20.454542,30,5078.192745
20.454542,30,5080.183026
20.454542,30,5080.183124
20.454542,30,5082.050514
20.454542,30,5084.927952
20.454542,30,5084.928077
20.454542,30,5084.928121
20.454542,30,5086.724775
10.259127,15,5093.337614
20.454542,30,5095.025617
20.454542,30,5096.797792
15.886469,24,5101.46325
20.454542,30,5101.463341
20.454542,30,5101.463364
20.454542,30,5103.259557
20.454542,30,5105.269061
20.454542,30,5105.269149
20.454542,30,5107.135707
20.693178,30,5107.135813
20.539877,30,5107.135846
20.539877,30,5109.65007
20.454542,30,5109.650157
20.539877,30,5111.475075
20.454542,30,5111.475147
20.454542,30,5113.454099
21.642862,30,5115.382569
10.312607,16,5117.958161
20.539877,30,5126.706036
20.539877,30,5128.766655
20.454542,30,5128.766733
20.454542,30,5132.904841
20.454542,30,5137.135013
21.127247,30,5137.141254
20.454542,30,5139.139771
20.539877,30,5141.133547
20.454542,30,5141.133639
20.7106,30,5143.388791
20.454542,30,5143.388994
20.454542,30,5145.33476
20.454542,30,5147.136898
20.454542,30,5147.136983
1.597429,3,5147.137007
20.454542,30,5149.241371
20.539877,30,5155.662755
20.454542,30,5157.553007
20.454542,30,5160.363474
20.454542,30,5164.142887
20.454542,30,5164.14298
20.539877,30,5164.143004
8.009129,11,5166.1038
20.454542,30,5166.123737
20.454542,30,5169.046711
20.539883,30,5169.046905
20.454542,30,5170.881365
20.454542,30,5170.881682
20.454542,30,5170.881829
20.454542,30,5172.643556
20.454542,30,5172.643645
2.1625543,4,5172.643667
20.454542,30,5174.571372
20.454542,30,5174.571459
20.454542,30,5177.388532
20.454542,30,5179.034247
20.454542,30,5180.875586
20.454542,30,5189.160655
20.454542,30,5191.044667
20.539877,30,5191.044744
20.454542,30,5195.346576
20.454542,30,5199.337931
20.454542,30,5199.338015
20.454542,30,5201.878183
21.9717,30,5203.764611
21.28977,30,5205.466864
21.733065,30,5207.449886
21.52617,30,5210.267289
22.005678,30,5210.267357
21.52617,30,5210.26737
21.404224,30,5212.068046
21.528406,30,5218.434598
8.181817,13,5218.434689
20.929579,30,5220.458362
20.807634,30,5222.583795
20.571642,30,5227.254037
20.571642,30,5227.254122
20.926952,30,5228.969953
20.890862,30,5228.970025
20.454542,30,5230.83567
2.403409,4,5230.835777
20.454542,30,5230.835805
20.454542,30,5232.869604
20.454542,30,5232.869693
20.454542,30,5232.869711
20.57386,30,5235.805698
20.454542,30,5235.805777
20.57386,30,5235.805794
20.539877,30,5237.696878
20.454542,30,5237.696947
1.6022727,3,5237.696964
20.571642,30,5239.765203
20.539877,30,5241.551071
1.8842355,3,5241.55117
4.801955,7,5244.281509
20.539877,30,5244.281609
21.129465,30,5253.03602
20.625212,30,5255.054196
20.454542,30,5258.603603
20.454542,30,5263.166614
20.539877,30,5263.166705
20.454542,30,5265.071708
20.539877,30,5267.062255
20.454542,30,5269.81
21.248783,30,5271.65404
20.454542,30,5273.356505
20.454542,30,5273.35659
20.693178,30,5273.356615
20.545685,30,5275.471733
15.274618,20,5280.046203
20.454542,30,5281.854922
20.454542,30,5281.855006
2.403409,4,5284.078735
20.454542,30,5284.078822
4.0056815,6,5287.083982
21.917099,30,5290.768717
20.454542,30,5290.768786
21.048897,30,5292.65929
20.454542,30,5295.482911
21.363506,30,5295.48299
20.454542,30,5297.372931
20.926952,30,5297.373003
20.693178,30,5297.373017
21.645489,30,5299.275858
21.409088,30,5299.275948
20.693178,30,5301.15049
20.689114,30,5301.15078
5.605719,8,5303.772842
24.23295,30,5303.77291
20.693178,30,5305.583118
20.454542,30,5305.583205
20.454542,30,5307.527579
20.454542,30,5307.532738
20.81026,30,5316.16227
20.454542,30,5318.224538
20.454542,30,5322.65033
20.539877,30,5326.656064
20.454542,30,5326.656156
20.454542,30,5329.359114
20.454542,30,5331.175328
21.767042,30,5333.233428
20.454542,30,5334.985651
20.454542,30,5337.783854
21.730824,30,5337.783945
20.890839,30,5343.361678
1.7671529,3,5343.361765
12.471571,19,5346.342732
22.039145,30,5346.342814
20.454542,30,5346.342831
20.454542,30,5347.965555
20.769482,30,5347.965641
4.760184,6,5349.87378
20.890862,30,5354.471426
20.539877,30,5354.471513
2.403409,4,5354.471535
23.103672,29,5356.3852
21.368101,30,5356.385507
3.2045453,5,5358.46264
20.454542,30,5358.462724
21.692072,30,5360.464825
22.405771,30,5360.464911
20.539877,30,5360.46493
20.92492,30,5363.041701
20.454542,30,5363.041786
22.081774,30,5364.751178
21.12723,30,5364.751259
20.539877,30,5366.771603
20.539877,30,5366.771703
21.726055,30,5368.663071
20.454542,30,5370.958322
20.454542,30,5370.958404
9.494318,13,5370.958422
20.744532,30,5379.658357
20.454542,30,5381.338075
20.454542,30,5385.124384
21.129465,30,5389.63429
20.540846,30,5389.634458
20.545685,30,5391.454703
20.454542,30,5393.463962
20.454542,30,5396.404772
20.693178,30,5398.163079
21.409088,30,5406.768106
21.287535,30,5408.839052
4.806818,7,5408.839144
21.409088,30,5408.839166
21.647724,30,5410.750037
20.659195,30,5413.425219
2.5227273,4,5415.181586
20.812496,30,5417.034099
20.931814,30,5417.0342
21.28977,30,5417.040677
20.693178,30,5419.04634
20.693178,30,5419.046424
10.414772,14,5419.046443
20.57386,30,5422.11945
20.656977,30,5422.119596
20.929579,30,5424.163756
20.454542,30,5424.163844
20.454542,30,5424.163867
20.454542,30,5426.3582
20.454542,30,5426.358288
20.693178,30,5428.1531
20.693178,30,5428.15319
20.454542,30,5430.593775
20.454542,30,5430.593851
20.539906,30,5432.335409
20.454542,30,5434.256724
20.454542,30,5434.256989
20.454542,30,5434.257117
20.454542,30,5442.64228
20.454542,30,5444.642178
20.454542,30,5449.108841
22.363632,30,5452.867654
22.005678,30,5455.642108
21.767042,30,5459.224793
21.647724,30,5461.107581
21.051132,30,5472.578933
21.051132,30,5472.579016
21.051132,30,5472.579035
20.931814,30,5474.437772
20.812496,30,5476.335301
20.693178,30,5478.235054
20.454542,30,5480.827841
1.6022727,3,5480.827936
20.454542,30,5480.827969
20.454542,30,5480.827994
20.454542,30,5482.771697
20.454542,30,5482.771771
20.454542,30,5482.771785
20.454542,30,5484.725563
20.454542,30,5484.72565
20.454542,30,5486.659777
20.454542,30,5486.659857
20.454542,30,5486.659874
20.454542,30,5489.277698
20.454542,30,5489.277795
20.454542,30,5491.24508
20.454542,30,5491.245161
20.454542,30,5493.277833
20.454542,30,5493.277921
20.454542,30,5495.250904
4.090909,7,5495.250998
3.409091,6,5495.25102
20.539877,30,5497.52481
20.454542,30,5497.52491
20.454542,30,5497.524936
20.454542,30,5506.238541
20.454542,30,5507.981817
20.454542,30,5511.590533
5.9353766,9,5514.504549
22.005678,30,5516.362583
20.454542,30,5518.267611
21.246552,30,5523.02536
21.409088,30,5524.806397
2.403409,4,5532.037968
20.738722,30,5536.172066
20.454542,30,5536.172152
20.897831,30,5536.172169
22.079538,30,5540.982005
20.626034,30,5543.036847
21.692242,30,5544.962198
22.321564,30,5544.962294
20.653389,30,5544.962317
20.778513,30,5547.258837
20.626034,30,5547.258925
20.539877,30,5549.824134
20.539877,30,5549.824218
20.653585,30,5551.841254
20.653585,30,5551.841343
20.454542,30,5551.841365
20.653387,30,5553.774633
20.454542,30,5553.77471
20.454542,30,5555.674256
20.625189,30,5555.674329
20.454542,30,5558.583203
21.487644,30,5558.583294
20.656977,30,5560.466865
20.858047,30,5560.466931
20.630026,30,5562.560677
20.625217,30,5562.560762
20.539877,30,5562.560781
20.454542,30,5570.827283
21.446442,30,5572.944698
20.454542,30,5577.371058
20.454542,30,5579.473171
20.57386,30,5581.462444
20.454542,30,5583.996307
20.693178,30,5589.947161
20.539877,30,5596.424716
2.403409,4,5598.548197
20.539877,30,5601.295034
20.454542,30,5601.295103
20.539877,30,5601.300267
20.539877,30,5605.204686
20.454542,30,5607.252098
20.539877,30,5609.498386
20.454542,30,5609.498449
20.539906,30,5609.498463
20.454542,30,5611.303795
20.539883,30,5611.323636
20.539906,30,5613.264753
20.454542,30,5613.264845
20.454542,30,5615.366793
20.454542,30,5615.36686
20.454542,30,5615.366873
20.571642,30,5617.95814
20.454542,30,5617.958246
20.545685,30,5619.977173
20.454542,30,5619.977246
20.571642,30,5621.978184
20.571642,30,5621.978282
20.454542,30,5623.842272
20.454542,30,5623.842369
20.454542,30,5626.243886
20.454542,30,5626.243974
20.454542,30,5626.244031
20.454542,30,5634.604043
20.454542,30,5636.665962
20.454542,30,5640.267643
20.653387,30,5642.954171
20.771713,30,5644.523724
22.203362,30,5646.454861
2.403409,4,5648.52469
8.561285,10,5654.867115
7.760149,9,5654.867204
14.345357,20,5656.835129
21.051132,30,5659.512686
4.3636184,6,5659.512769
20.931814,30,5661.470822
20.454542,30,5663.567236
21.606739,30,5663.567326
20.57386,30,5663.567348
20.57386,30,5668.040825
20.454542,30,5669.73426
20.454542,30,5671.66918
20.454542,30,5671.669263
21.129465,30,5671.669284
15.284183,23,5671.669298
20.454542,30,5673.473833
20.454542,30,5673.473912
20.454542,30,5676.503841
20.454542,30,5676.503919
21.129465,30,5678.574975
20.454542,30,5678.57507
20.454542,30,5680.535682
20.454542,30,5680.535772
20.454542,30,5682.557222
20.539877,30,5682.557303
20.454542,30,5684.957604
20.454542,30,5684.957692
20.454542,30,5686.905797
20.454542,30,5689.036201
20.454542,30,5689.036291
24.27252,30,5689.041773
11.710226,18,5706.036185
21.767042,30,5706.036371
21.168215,30,5707.934871
21.017155,30,5712.859608
2.403409,4,5715.039371
21.142275,30,5719.536643
20.57386,30,5719.537183
20.454542,30,5721.5547
20.454542,30,5723.543049
20.454542,30,5723.543147
20.454542,30,5725.373402
20.57386,30,5727.969005
20.539877,30,5727.969081
4.41505,7,5727.969097
20.454542,30,5727.96911
2.4011736,4,5729.927541
20.454542,30,5734.035404
20.454542,30,5736.65091
20.454542,30,5736.651194
20.454542,30,5736.651313
20.454542,30,5736.651426
20.454542,30,5738.379749
20.454542,30,5738.379831
20.454542,30,5740.457465
20.454542,30,5740.457603
20.454542,30,5742.482572
20.454542,30,5742.482654
20.539877,30,5745.224454
20.454542,30,5745.224967
21.01015,30,5747.165245
20.454542,30,5747.165323
20.653387,30,5748.951454
20.454542,30,5748.953693
20.454542,30,5750.87541
20.454542,30,5753.854526
20.539877,30,5753.85482
20.454542,30,5753.854961
21.523952,30,5770.44627
22.085196,30,5772.678434
20.539877,30,5779.143075
18.58075,28,5779.14316
21.12487,30,5782.666592
20.454542,30,5787.073032
20.454542,30,5787.077718
20.454542,30,5789.090631
20.539877,30,5791.02406
20.98798,30,5791.02421
20.454542,30,5791.024256
20.539875,30,5791.024295
20.630026,30,5792.979734
20.454542,30,5797.143927
20.454542,30,5799.07603
20.454542,30,5799.076102
20.454542,30,5799.076141
20.539877,30,5799.076152
20.454542,30,5801.064818
20.454542,30,5801.064908
20.539877,30,5803.957552
20.454542,30,5803.957646
20.454542,30,5805.870586
20.454542,30,5805.870672
20.454542,30,5807.775298
20.454542,30,5807.775386
20.454542,30,5809.746292
20.454542,30,5809.746381
20.539877,30,5812.474657
20.454542,30,5812.474732
20.454542,30,5814.306658
20.454542,30,5816.364557
20.539877,30,5816.364642
20.454542,30,5816.36466
20.539877,30,5833.804173
20.57386,30,5835.874548
20.454542,30,5842.370386
20.454542,30,5842.370476
20.890862,30,5847.034291
20.454542,30,5851.237407
20.454542,30,5851.237519
20.454542,30,5853.381827
20.454542,30,5856.466624
20.454542,30,5856.466695
20.454542,30,5856.466708
20.454542,30,5856.466718
20.454542,30,5858.456284
20.76942,30,5862.488158
20.454542,30,5865.174351
21.127186,30,5865.174421
20.454542,30,5865.174435
20.454542,30,5865.174444
20.653387,30,5867.186788
21.129465,30,5867.186884
20.454542,30,5869.071575
20.454542,30,5869.07164
20.630026,30,5870.986207
20.454542,30,5870.986271
20.454542,30,5873.772773
20.454542,30,5873.772855
21.248783,30,5875.62623
20.454542,30,5875.626346
20.454542,30,5877.625827
20.454542,30,5877.62598
20.454542,30,5879.425456
20.454542,30,5882.450841
20.454542,30,5882.450951
20.454542,30,5882.450975
21.051132,30,5899.151038
20.454542,30,5901.239148
20.57386,30,5907.768858
20.454542,30,5907.768944
20.454542,30,5911.552968
20.539877,30,5916.067163
20.539877,30,5916.067245
20.454542,30,5917.762314
21.368101,30,5919.536605
20.454542,30,5919.536849
20.539877,30,5919.536986
20.454542,30,5919.537118
20.539877,30,5921.563246
20.454542,30,5926.171384
20.454542,30,5928.161955
20.454542,30,5928.16207
20.539877,30,5928.162094
20.454542,30,5928.162111
21.964697,30,5930.054124
20.454542,30,5930.054219
20.454542,30,5932.979852
20.454542,30,5932.985735
20.454542,30,5934.869135
20.454542,30,5934.869224
20.454542,30,5936.674067
20.454542,30,5936.67416
20.545685,30,5938.52547
20.454542,30,5938.525685
20.454542,30,5941.273082
20.571642,30,5941.273153
2.403409,4,5941.273169
4.0056815,6,5941.273182
21.88636,30,5943.258485
22.003443,30,5945.353754
20.454542,30,5945.353833
20.454542,30,5945.353851
2.403409,4,5952.169287
3.25534,5,5955.778862
5.6079545,8,5958.542205
8.8125,12,5962.267682
20.454542,30,5962.267756
8.011364,11,5962.267775
21.17045,30,5964.071546
20.454542,30,5970.686025
10.414772,14,5970.686296
20.454542,30,5970.686445
1.597429,3,5970.686581
3.2045453,5,5972.483572
10.467802,14,5975.464643
11.028408,17,5975.464719
20.57386,30,5975.464735
18.426132,24,5979.262427
20.454542,30,5979.262486
20.454542,30,5979.262497
17.62276,23,5979.262506
20.454542,30,5981.044058
3.1996822,5,5981.044136
7.202709,10,5983.64446
20.454542,30,5983.644544
20.454542,30,5983.653533
20.454542,30,5983.653596
20.454542,30,5983.653611
20.454542,30,5985.653749
8.006501,11,5985.653835
10.414772,14,5985.653856
5.6030917,8,5987.541927
20.454542,30,5989.264849
20.454542,30,5991.943696
20.454542,30,5991.943774
20.454542,30,5993.678286
23.67613,30,5995.458198
7.2053647,10,5995.458286
20.454542,30,5997.263441
20.454542,30,5997.263518
20.454542,30,6000.078889
22.838669,30,6003.979342
22.838669,30,6003.979429
22.48295,30,6008.586676
8.181817,13,6008.586746
22.602268,30,6014.46613
22.244314,30,6021.034924
21.523544,30,6034.139323
21.523544,30,6034.139449
11.590907,18,6034.139483
21.88636,30,6036.07122
21.28977,30,6037.970997
21.28977,30,6037.971069
21.04627,30,6042.672858
20.571642,30,6042.672948
20.57386,30,6042.672962
21.528406,30,6042.672972
20.454542,30,6044.526744
20.454542,30,6046.57238
20.454542,30,6046.572459
20.812496,30,6046.572474
20.812496,30,6046.572486
20.454542,30,6046.572496
21.168215,30,6048.57353
20.454542,30,6048.573622
20.454542,30,6048.573644
20.454542,30,6051.254572
20.454542,30,6053.138418
20.454542,30,6055.235761
20.454542,30,6055.235877
20.454542,30,6057.342967
20.454542,30,6060.134402
20.454542,30,6062.081294
20.454542,30,6062.081408
20.454542,30,6063.865592
20.454542,30,6068.246261
20.454542,30,6068.246357
20.454542,30,6072.027645
20.454542,30,6072.027806
9.545453,15,6076.980071
20.454542,30,6078.744668
20.454542,30,6085.474869
21.852377,30,6097.249449
20.57386,30,6097.249593
20.812496,30,6097.249617
21.606737,30,6099.272063
20.454542,30,6102.242942
10.312612,16,6102.243029
20.454542,30,6102.243055
20.771713,30,6106.06712
21.17045,30,6106.067206
20.693178,30,6106.067228
19.79992,28,6106.067246
20.454542,30,6106.067262
20.693178,30,6110.734177
20.454542,30,6110.734268
20.454542,30,6110.734294
20.57386,30,6110.734314
20.454542,30,6112.662078
20.454542,30,6112.662161
20.812496,30,6112.662179
20.454542,30,6114.534122
22.203327,30,6116.37027
3.2045453,5,6116.370363
20.454542,30,6119.005615
20.454542,30,6119.005683
19.15219,26,6119.005697
20.454542,30,6121.107995
20.454542,30,6123.25124
20.454542,30,6125.043297
20.454542,30,6125.043385
20.454542,30,6131.075661
2.4011736,4,6133.226334
3.2045453,5,6136.062667
20.540047,30,6136.062743
20.57386,30,6136.062764
13.619316,18,6139.778837
23.073587,30,6139.803269
20.57386,30,6141.780322
20.454542,30,6148.575109
13.953533,21,6150.604183
12.014809,16,6153.27387
20.827305,27,6155.175728
12.983061,17,6155.175793
10.426117,16,6157.072497
20.454542,30,6161.684692
21.287535,30,6161.684809
10.368138,13,6161.684851
2.403409,4,6161.684886
22.758932,30,6163.661662
20.454542,30,6165.575665
21.248783,30,6165.575749
20.454542,30,6170.18582
21.368101,30,6170.1859
20.454542,30,6170.185919
20.539877,30,6174.062306
20.539877,30,6174.062392
21.845373,30,6174.062409
20.454542,30,6174.062422
21.843138,30,6175.978597
22.210331,30,6175.978682
20.454542,30,6175.978719
20.454542,30,6178.653087
20.454542,30,6180.570299
20.454542,30,6180.570369
23.194387,30,6182.452374
20.454542,30,6184.355004
9.875232,15,6195.389667
21.051132,30,6195.389768
12.187498,18,6195.389786
22.242079,30,6199.250593
21.28977,30,6199.250685
20.812496,30,6199.250707
22.005678,30,6203.561373
20.57386,30,6203.561455
20.931814,30,6205.578601
21.767042,30,6212.16318
22.204508,30,6214.183754
6.4621215,9,6214.183816
13.424919,19,6215.956732
21.17045,30,6217.753148
20.693178,30,6217.753228
7.2102275,10,6220.566598
20.454542,30,6224.124835
20.454542,30,6224.124925
20.454542,30,6224.124948
20.454542,30,6224.124968
20.454542,30,6228.974058
20.454542,30,6228.97415
20.454542,30,6232.503728
20.571642,30,6232.503867
21.964691,30,6232.503923
20.454542,30,6237.277071
20.454542,30,6237.303108
20.454542,30,6237.303244
20.454542,30,6237.303316
20.454542,30,6239.271978
20.454542,30,6239.272062
20.454542,30,6241.163003
20.454542,30,6243.031215
21.845373,30,6243.031297
20.454542,30,6245.473572
14.471589,21,6247.358377
20.931814,30,6247.358463
5.454545,9,6251.151834
21.767042,30,6257.777838
21.767042,30,6257.777924
21.528406,30,6262.576053
21.528406,30,6262.581685
7.499999,12,6264.474278
21.965887,30,6266.366006
21.17045,30,6268.458712
14.226055,20,6275.14639
20.812496,30,6275.146472
20.693178,30,6276.941755
20.693178,30,6276.941847
20.57386,30,6279.776407
21.48742,30,6281.574836
21.48742,30,6281.574921
21.606737,30,6283.527047
20.454542,30,6288.466738
20.454542,30,6288.467147
22.561281,30,6288.46731
20.454542,30,6288.467447
20.454542,30,6292.125609
20.454542,30,6292.125786
9.579544,14,6296.65845
20.454542,30,6296.658542
20.454542,30,6300.538874
20.454542,30,6300.538983
20.454542,30,6300.543178
20.454542,30,6300.543347
21.726055,30,6302.476123
20.454542,30,6305.464177
20.454542,30,6307.483219
22.203304,30,6307.483312
21.726053,30,6309.238201
21.578566,30,6311.177839
20.545685,30,6311.182405
20.454542,30,6315.934619
2.0454545,4,6319.751026
22.244314,30,6322.636883
20.454542,30,6322.636975
21.764807,30,6326.427318
21.767042,30,6326.427424
6.818181,11,6326.427458
21.645489,30,6328.434898
21.645489,30,6333.234121
21.051132,30,6339.675928
21.051132,30,6339.676014
20.931814,30,6341.469777
20.454542,30,6341.469853
20.812496,30,6343.171298
21.17045,30,6345.259293
21.409088,30,6345.259379
20.454542,30,6348.277568
20.57386,30,6352.179825
20.454542,30,6352.179911
20.454542,30,6352.179935
20.454542,30,6352.179955
20.454542,30,6356.676502
20.693178,30,6356.676685
20.454542,30,6360.659028
20.57386,30,6360.659112
20.454542,30,6365.363918
20.454542,30,6365.363985
20.454542,30,6365.363998
21.25355,30,6365.364007
20.539877,30,6368.845719
20.539877,30,6370.738449
20.454542,30,6370.738528
20.539877,30,6373.479878
20.454542,30,6375.285862
20.539877,30,6379.270612
17.045452,26,6382.196509
20.454542,30,6383.853764
20.625212,30,6385.855599
20.454542,30,6385.855687
5.0899334,8,6387.847292
20.653387,30,6390.153815
21.048897,30,6390.153903
20.931814,30,6392.356911
20.454542,30,6396.170019
20.454542,30,6402.748657
20.539877,30,6402.748742
20.539877,30,6404.574891
20.454542,30,6404.574978
20.539877,30,6407.071461
2.7272727,5,6407.071561
4.772727,8,6407.071585
20.539877,30,6408.781727
20.454542,30,6408.781816
20.454542,30,6410.758131
20.454542,30,6415.66274
20.653387,30,6415.662825
20.625212,30,6415.662843
20.625212,30,6415.662857
20.88862,30,6419.349104
20.454542,30,6419.349205
20.454542,30,6423.97716
20.659195,30,6423.977231
20.890862,30,6427.995641
20.454542,30,6427.995846
20.539877,30,6427.995935
20.626034,30,6427.99595
20.625217,30,6432.865122
20.454542,30,6434.936772
20.9764,30,6436.838837
20.539877,30,6438.830603
20.659195,30,6443.508396
20.539877,30,6445.384142
20.539877,30,6447.165861
20.454542,30,6449.495966
20.539877,30,6449.496038
20.539877,30,6451.575379
20.539877,30,6453.673476
20.454542,30,6455.824923
20.631165,30,6466.548413
20.62604,30,6466.548494
20.657146,30,6468.473848
20.653421,30,6468.473926
21.12967,30,6470.575837
20.454542,30,6470.575913
20.539877,30,6470.575929
20.454542,30,6472.426866
20.454542,30,6472.427033
20.454542,30,6475.088439
20.454542,30,6479.174639
20.540869,30,6479.174709
20.454542,30,6479.174721
20.540869,30,6479.174731
20.571642,30,6483.768389
20.886234,30,6483.768472
20.454542,30,6487.640594
20.454542,30,6487.640689
20.57386,30,6491.98946
20.454542,30,6491.989585
20.454542,30,6491.989609
20.454542,30,6491.989625
20.454542,30,6495.706091
20.454542,30,6497.582239
20.454542,30,6500.539129
20.454542,30,6502.345945
20.454542,30,6506.304515
20.57386,30,6509.202256
20.454542,30,6511.1762
20.454542,30,6512.881224
20.454542,30,6512.881311
20.454542,30,6514.765811
6.136363,10,6517.640035
20.651173,30,6517.640126
20.454542,30,6519.459325
21.365866,30,6530.162529
20.454542,30,6530.162614
20.454542,30,6532.066422
21.485188,30,6532.066706
8.757918,10,6534.482632
20.454542,30,6534.48273
20.454542,30,6534.482762
20.454542,30,6534.482787
20.454542,30,6536.575002
20.454542,30,6536.575069
20.454542,30,6538.473008
10.414772,14,6540.403548
20.454542,30,6543.068619
20.454542,30,6543.068696
21.48742,30,6543.068713
20.454542,30,6543.068728
20.454542,30,6546.904075
20.454542,30,6546.904192
16.82386,22,6548.884231
4.0056815,6,6551.502318
21.248783,30,6551.502383
18.409088,28,6551.502395
21.248783,30,6551.502405
8.006895,11,6553.371867
20.454542,30,6555.267717
20.454542,30,6555.267802
20.454542,30,6555.267819
3.2023098,5,6559.970753
2.5682893,4,6559.975076
20.625212,30,6561.634295
21.010153,30,6563.57069
8.61609,13,6563.570786
4.9198203,7,6565.546783
22.088795,30,6570.150278
6.5930395,8,6570.150365
7.0627327,10,6571.846982
20.890863,30,6571.847076
2.1647727,4,6573.686374
20.454542,30,6576.727356
21.844336,30,6578.674296
21.28977,30,6580.562269
20.931814,30,6580.562351
21.365849,30,6582.636095
20.57386,30,6593.688201
20.454542,30,6595.476522
21.685291,30,6595.476604
21.88636,30,6597.572598
22.082989,30,6597.572686
20.454542,30,6597.572707
20.539877,30,6597.572724
20.571642,30,6599.466693
21.639551,30,6603.748252
24.144554,30,6605.673427
21.767042,30,6605.673564
21.28755,30,6605.67359
21.17045,30,6605.673608
21.919334,30,6610.170189
20.625212,30,6610.170261
22.073368,30,6613.771676
21.368805,30,6618.663985
20.693178,30,6618.664071
21.247728,30,6618.664094
21.521437,30,6622.233061
20.857088,30,6622.233141
20.812496,30,6623.873831
20.659195,30,6626.853347
20.74812,30,6626.853441
20.454542,30,6632.346567
20.539877,30,6632.350327
20.454542,30,6634.855461
20.57386,30,6634.855549
20.454542,30,6636.866125
20.454542,30,6638.711009
1.6022727,3,6638.711097
20.454542,30,6640.604221
20.454542,30,6643.351164
20.454542,30,6643.35125
20.454542,30,6645.344489
20.454542,30,6655.95295
20.454542,30,6657.941556
20.454542,30,6657.941643
20.454542,30,6660.439099
20.454542,30,6660.439189
20.454542,30,6660.439213
20.454542,30,6660.439231
20.454542,30,6662.265867
20.454542,30,6666.037955
20.454542,30,6668.757358
20.454542,30,6668.757443
20.454542,30,6668.75746
20.454542,30,6668.757476
20.454542,30,6672.691288
20.454542,30,6672.691353
20.454542,30,6677.076808
10.909089,17,6678.950595
21.767042,30,6680.881263
21.852377,30,6680.881347
20.454542,30,6680.881367
20.454542,30,6685.10771
20.454542,30,6685.107845
1.6000372,3,6685.107868
21.368134,30,6686.960879
21.368088,30,6688.843745
15.814082,24,6688.843842
20.130678,30,6688.843866
0.85192573,2,6693.504933
20.539877,30,6695.558923
21.129639,30,6697.734207
20.454542,30,6697.734392
3.2045453,5,6697.734479
20.693178,30,6699.610824
20.454542,30,6702.009015
20.888643,30,6704.053792
20.539877,30,6705.854395
20.454542,30,6707.762095
21.129465,30,6718.762859
20.454542,30,6720.678115
20.539877,30,6720.678198
20.454542,30,6722.477825
20.454542,30,6722.477909
21.248783,30,6722.477931
21.606737,30,6722.477948
21.599218,30,6724.568702
20.57386,30,6729.546123
20.539883,30,6731.671511
20.454542,30,6731.6716
21.601828,30,6731.671623
21.72609,30,6731.671657
20.454542,30,6735.850781
21.010153,30,6735.851035
20.539906,30,6739.351934
21.609661,30,6744.237717
19.772724,30,6744.237798
20.454542,30,6744.237813
20.57386,30,6747.988856
21.28977,30,6747.988932
20.57386,30,6747.988951
7.252271,11,6752.133936
21.404224,30,6752.134012
20.454542,30,6752.134027
20.922688,30,6756.005336
21.051132,30,6758.105685
20.454542,30,6760.834121
21.843138,30,6760.834196
21.017149,30,6760.834215
21.48742,30,6762.966479
12.504443,18,6762.966564
20.454542,30,6764.942504
18.998783,27,6764.94259
21.246548,30,6766.839624
20.454542,30,6769.458353
12.758303,14,6769.458432
20.454542,30,6782.343411
20.454542,30,6784.224154
20.454542,30,6784.224232
20.454542,30,6787.263223
20.454542,30,6787.277529
20.454542,30,6787.277587
20.454542,30,6787.277601
20.454542,30,6796.08218
20.454542,30,6796.082259
20.454542,30,6796.082277
20.454542,30,6796.082292
20.454542,30,6800.24708
20.454542,30,6800.247169
21.846588,30,6808.370093
21.285688,30,6808.370162
22.204508,30,6808.370176
21.528406,30,6813.067296
21.528406,30,6813.067475
20.454542,30,6813.067547
21.767042,30,6816.734064
20.812496,30,6816.734171
21.28977,30,6816.7342
21.17045,30,6821.666765
21.409088,30,6823.548112
20.812496,30,6825.273297
20.812496,30,6825.273364
20.812496,30,6825.273381
20.693178,30,6827.370151
20.693178,30,6827.370237
20.57386,30,6830.255462
20.57386,30,6830.255553
20.931814,30,6832.125103
20.454542,30,6833.960139
20.454542,30,6833.960234
20.454542,30,6847.375906
20.454542,30,6849.359391
20.454542,30,6849.372036
20.454542,30,6851.378594
20.454542,30,6851.378673
20.454542,30,6851.378694
20.454542,30,6851.378711
6.136363,10,6856.225274
20.454542,30,6859.709277
20.454542,30,6859.709349
20.454542,30,6859.709372
20.454542,30,6859.709391
3.2045453,5,6861.643901
20.454542,30,6864.358045
20.454542,30,6864.358127
6.4068556,9,6870.365892
1.6022727,3,6870.365978
20.454542,30,6873.048912
20.454542,30,6873.048997
20.454542,30,6873.049013
3.2045453,5,6874.927923
4.921273,7,6876.928762
20.454542,30,6876.928899
20.454542,30,6876.928957
20.454542,30,6876.929005
1.597429,3,6876.929049
9.611401,13,6878.770452
1.597429,3,6878.770527
20.454542,30,6881.545731
2.398546,4,6881.545821
20.454542,30,6881.545845
20.454542,30,6881.545864
20.454542,30,6885.664469
20.454542,30,6887.704253
20.454542,30,6889.973081
20.454542,30,6889.973149
20.454542,30,6889.973163
20.454542,30,6891.848175
20.454542,30,6891.848271
20.454542,30,6893.953759
20.454542,30,6893.953857
20.454542,30,6895.926442
20.454542,30,6898.670167
7.1761355,11,6900.372788
14.948862,21,6900.372883
22.244314,30,6911.440352
22.202812,30,6913.178806
20.454542,30,6913.178878
20.454542,30,6915.838905
21.52617,30,6924.54022
21.523544,30,6924.540305
21.528406,30,6924.540329
21.52617,30,6924.540349
21.162933,30,6934.57655
21.28977,30,6936.489868
20.690943,30,6938.46021
21.051132,30,6940.771607
21.04627,30,6940.771684
21.04627,30,6940.771702
20.454542,30,6940.771716
20.931814,30,6942.942575
20.454542,30,6942.942658
20.454542,30,6945.076921
20.812496,30,6945.076998
20.454542,30,6945.088896
20.454542,30,6945.088964
20.57386,30,6949.534936
3.2045453,5,6951.535843
20.454542,30,6951.535932
20.454542,30,6953.474687
20.454542,30,6953.474776
20.454542,30,6953.474802
20.540047,30,6955.534464
20.454542,30,6955.534569
5.6079545,8,6958.150471
20.540869,30,6958.150569
20.454542,30,6958.150593
20.454542,30,6960.050991
20.571642,30,6962.078135
1.4829545,3,6963.924823
20.454542,30,6963.924913
20.454542,30,6963.924939
1.6022727,3,6970.431839
20.454542,30,6975.088223
20.454542,30,6977.15243
20.454542,30,6977.152537
20.454542,30,6978.882077
20.454542,30,6987.487452
20.454542,30,6987.487534
20.454542,30,6987.487551
20.454542,30,6987.487568
13.551134,20,6995.514304
20.454542,30,6997.440935
20.454542,30,7000.004817
20.454542,30,7001.864856
20.539877,30,7003.973713
20.454542,30,7003.973811
20.57386,30,7005.951243
20.454542,30,7005.951324
20.454542,30,7008.738194
20.454542,30,7008.738289
20.454542,30,7008.738312
20.539877,30,7008.738328
17.812605,27,7010.654625
20.454542,30,7012.403403
20.454542,30,7014.377993
21.733059,30,7014.37805
20.653387,30,7017.076631
20.931814,30,7018.870043
21.017149,30,7018.870138
20.454542,30,7020.773311
20.653387,30,7020.773381
20.57386,30,7022.82695
20.57386,30,7025.783769
20.539877,30,7027.76786
20.454542,30,7027.767933
20.454542,30,7033.871971
8.301136,13,7035.739195
20.539877,30,7037.779639
20.539877,30,7039.737657
20.539877,30,7039.737745
20.454542,30,7042.424016
20.454542,30,7051.23411
20.738926,30,7051.234194
20.454542,30,7051.234213
20.540047,30,7051.234228
20.454542,30,7059.85008
20.454542,30,7061.736906
20.454542,30,7063.678763
20.454542,30,7065.644195
20.454542,30,7068.160325
20.454542,30,7068.160408
20.454542,30,7070.210081
20.454542,30,7070.210467
20.886234,30,7072.009842
20.454542,30,7072.009908
20.57386,30,7072.009923
20.454542,30,7074.104786
20.454542,30,7076.934547
20.454542,30,7078.941829
20.454542,30,7078.941914
20.454542,30,7080.850038
20.454542,30,7082.873379
20.454542,30,7082.873692
20.454542,30,7085.942502
20.454542,30,7085.945498
20.454542,30,7087.824831
20.57386,30,7089.680707
20.539877,30,7091.736702
20.454542,30,7091.736797
1.795329,3,7094.393885
20.539877,30,7098.240189
20.454542,30,7100.27065
20.454542,30,7103.16408
21.494423,30,7105.048861
20.454542,30,7105.048959
21.28977,30,7106.75147
20.89297,30,7115.19429
20.804998,30,7115.203012
20.81026,30,7115.203135
20.812496,30,7115.203235
20.454542,30,7123.578354
20.539877,30,7125.570169
20.454542,30,7128.613532
20.454542,30,7130.627292
20.454542,30,7132.453337
4.772727,8,7132.453421
20.454542,30,7132.453439
20.454542,30,7134.427032
20.454542,30,7134.427123
20.454542,30,7137.130224
20.454542,30,7137.133951
20.454542,30,7137.134385
20.539877,30,7139.166978
20.454542,30,7141.139984
20.539906,30,7143.14237
20.539906,30,7143.142461
20.454542,30,7145.960958
20.454542,30,7148.151202
20.454542,30,7148.151294
20.545685,30,7150.16145
20.545685,30,7150.161764
20.454542,30,7154.213881
20.454542,30,7156.147203
20.539877,30,7156.147299
20.539877,30,7157.840083
20.454542,30,7162.364032
20.454542,30,7164.156669
20.454542,30,7166.174899
20.454542,30,7168.245711
20.454542,30,7168.245803
20.73747,30,7171.172212
21.528406,30,7179.723798
20.454542,30,7179.723993
20.454542,30,7179.724064
20.57386,30,7188.076779
2.403409,4,7188.076895
20.454542,30,7190.051233
20.895596,30,7192.276242
20.690943,30,7194.332645
4.806818,7,7194.332752
20.454542,30,7196.559412
20.57386,30,7196.559499
20.57386,30,7196.559518
20.454542,30,7198.57279
10.467802,14,7198.572888
20.454542,30,7198.572928
20.539877,30,7200.474693
20.539854,30,7200.474789
7.2102275,10,7200.474812
20.895597,30,7200.474823
20.454542,30,7202.455652
20.74484,30,7205.078423
20.454542,30,7207.081082
20.454542,30,7207.081175
20.454542,30,7208.662864
20.539906,30,7210.449193
20.454542,30,7210.449286
20.854769,30,7213.180533
20.850216,30,7213.180603
20.454542,30,7216.90616
20.69096,30,7219.004542
20.774448,30,7219.004619
21.08508,30,7221.689564
20.539854,30,7225.530068
20.454542,30,7227.350398
6.5680556,10,7230.265618
20.454542,30,7230.265689
22.363632,30,7232.249859
12.869316,19,7232.249953
22.244314,30,7234.034075
4.0056815,6,7240.623966
9.545453,15,7244.263029
20.897831,30,7250.760076
21.28977,30,7250.760176
20.693178,30,7252.878363
21.01814,30,7257.046383
22.237474,30,7257.046472
5.6008263,8,7257.046492
20.812496,30,7259.031883
20.898,30,7259.031972
20.812496,30,7259.031995
2.3959103,4,7259.032012
20.693178,30,7261.008085
20.778683,30,7261.008172
20.77866,30,7261.008198
13.868074,20,7261.008218
20.659342,30,7263.92418
21.726055,30,7263.9243
20.57386,30,7263.924333
20.659342,30,7263.924361
20.540024,30,7265.640353
20.454542,30,7267.556507
3.2023098,5,7267.556585
21.201574,30,7269.367887
4.003446,6,7269.36797
20.571642,30,7269.367989
2.398546,4,7269.368004
20.454542,30,7273.85871
20.454542,30,7273.858806
4.0008187,6,7275.963988
20.454542,30,7275.964072
5.605719,8,7275.964094
9.611401,13,7277.946823
2.398546,4,7277.946916
2.5204918,4,7277.946938
20.454542,30,7280.624189
4.801955,7,7280.62428
20.57386,30,7282.439023
7.090909,10,7282.439109
20.454542,30,7284.340095
20.539877,30,7289.079499
20.454542,30,7293.046577
22.806927,30,7293.046677
20.454542,30,7294.857451
24.024849,30,7294.857576
20.929579,30,7297.642104
22.239452,30,7308.16799
16.066343,23,7308.168083
21.964176,30,7316.558154
21.645489,30,7320.571431
21.52617,30,7323.271657
21.136467,30,7323.271741
21.404224,30,7325.161587
21.404224,30,7325.161842
21.287535,30,7327.054744
21.28977,30,7327.061692
21.284906,30,7327.061848
21.165588,30,7331.764247
20.571642,30,7331.764313
20.571642,30,7333.582673
20.454542,30,7333.582763
20.693178,30,7337.453116
21.329525,30,7337.4532
20.656977,30,7339.971215
20.571642,30,7339.971297
20.659195,30,7339.971318
20.63102,30,7341.940893
20.454542,30,7341.940979
20.454542,30,7341.941
20.659195,30,7343.848546
20.659195,30,7343.848632
20.454542,30,7346.078225
20.539877,30,7346.078308
20.454542,30,7348.547836
20.454542,30,7352.344239
20.454542,30,7356.69675
20.454542,30,7356.696828
20.454542,30,7358.628803
20.454542,30,7358.633712
20.571642,30,7360.538652
3.8407836,6,7365.341721
20.454542,30,7371.056351
20.454542,30,7371.056433
19.561283,28,7375.976311
20.454542,30,7383.681838
20.454542,30,7385.599465
20.454542,30,7385.599536
20.454542,30,7387.553315
20.454542,30,7387.553402
20.454542,30,7390.267854
20.454542,30,7390.267946
20.454542,30,7390.271533
20.454542,30,7394.069879
20.454542,30,7394.069956
20.539877,30,7395.873296
20.454542,30,7395.873391
20.454542,30,7400.471096
20.539877,30,7400.471194
20.454542,30,7401.666731
20.454542,30,7401.666796
22.08401,30,7401.66681
20.454542,30,7402.837263
20.454542,30,7402.837347
20.454542,30,7402.837372
20.454542,30,7404.3496
20.539906,30,7404.349681
20.540047,30,7404.889161
20.454542,30,7404.889232
21.84657,30,7405.373647
20.454542,30,7407.354817
21.767042,30,7407.3549
20.454542,30,7407.80879
20.454542,30,7407.808907
