#{"t_start": 1774950764.4366562, "env_id": "None"}
r,l,t
0.98938525,2,4.843714
1.1962425,2,4.843933
1.9583726,3,6.54402
1.6000372,3,6.544163
1.597429,3,6.544188
1.9583726,3,6.544203
1.9583726,3,6.544218
1.9602091,3,6.544232
2.1216552,3,6.544246
2.403409,4,8.377255
2.3985653,4,8.395816
3.3979666,5,10.030877
3.3175883,5,10.030998
4.397432,6,11.823201
4.202872,6,11.82335
5.2795744,7,13.575515
5.3254313,8,15.244544
5.0918612,8,15.244897
1.6000543,3,15.245029
5.3656144,8,15.245148
5.747304,9,16.665946
7.3538938,9,16.666464
6.663093,10,18.281377
8.455658,10,18.28151
7.611075,11,19.956098
7.7717214,11,19.956213
6.4740973,8,19.956233
8.006892,11,19.956248
3.6454918,6,19.956264
7.9004717,12,21.559961
9.562231,12,21.560066
8.170067,12,21.560083
6.327329,9,21.560093
10.12196,12,21.560102
2.7613456,4,23.218079
9.849154,13,23.218206
9.7726755,14,24.824122
8.684111,12,24.830179
9.971602,14,24.830336
5.087884,8,24.830456
9.24377,14,24.830575
5.014863,7,26.459667
11.52775,15,26.459809
8.181926,12,26.459832
10.443652,13,26.45985
5.9534745,7,26.459869
9.97711,15,26.459886
2.3974714,4,26.459902
13.588417,16,28.321133
11.849663,16,28.321285
4.858091,8,28.321316
3.955094,5,28.321335
12.24042,16,28.321353
13.56981,17,29.939798
6.2734985,7,31.497889
11.051337,15,31.49806
5.687498,8,33.271413
2.4998636,4,33.27151
3.794167,5,33.271526
9.761874,13,33.271537
8.725961,11,33.271547
5.406183,7,33.271556
8.174447,11,35.038089
5.472068,8,35.038225
3.9989178,5,36.797091
17.67498,21,36.797321
5.262274,8,38.419114
1.9583726,3,38.419242
13.819125,19,40.166985
8.7227545,11,40.167104
10.454087,12,40.167127
6.127943,9,40.167144
2.2773986,3,40.167161
2.403409,4,40.167176
8.135828,12,41.939564
6.3941803,8,41.939696
17.33256,22,43.571615
13.336638,18,43.571899
18.78218,25,43.576229
4.8045993,7,45.249799
10.74223,16,45.249985
1.6000372,3,45.250013
1.9974614,3,45.250031
6.0104613,8,46.945754
9.362421,11,46.945956
10.555986,12,46.945995
5.765036,8,46.946018
7.6038675,10,48.555212
5.054204,7,48.555352
9.669721,14,48.555382
4.802375,7,50.150525
2.757267,4,50.15065
8.287136,11,50.150674
12.383185,17,50.150693
1.7671529,3,50.150709
14.153935,16,50.150725
20.28543,29,50.15074
10.21269,14,50.150756
23.812061,30,51.841303
21.454771,30,51.841428
22.139257,30,51.841453
21.160236,27,51.841471
21.657639,30,51.841488
20.028135,27,51.841505
5.7560744,7,51.841522
20.88879,30,51.841537
22.01338,30,51.841553
4.4092526,7,51.841579
24.181585,30,51.841595
5.764287,8,53.474253
7.483476,11,55.16631
4.9555893,6,55.174602
1.480736,3,55.174732
2.2755582,3,56.868675
12.426487,18,56.86882
20.95175,30,58.546036
6.955313,8,58.546182
7.468294,9,58.546211
2.5642135,4,58.546226
4.054115,5,60.170432
13.619004,19,61.955297
6.594407,8,61.955478
5.955576,7,61.95551
4.849825,6,61.95553
6.603311,9,63.725157
3.409091,6,63.725295
5.1910696,7,63.725317
17.7369,24,65.554742
4.359125,6,65.554876
6.553005,8,65.554899
17.224203,22,65.554916
5.6261854,9,65.554935
14.293198,18,65.554951
20.33622,24,67.422193
13.558969,17,67.422389
5.554614,7,67.422442
14.183491,20,67.422482
6.4502444,9,67.422525
21.731352,30,68.868982
11.800184,14,70.823379
21.11967,26,70.823537
4.012987,6,70.823564
6.673894,8,72.623402
10.566794,14,72.62358
4.003446,6,72.623636
21.685081,30,74.063252
8.503571,13,74.063386
8.805192,12,75.675928
3.5624819,5,75.676028
4.983187,8,75.676042
21.966923,30,78.545527
5.362626,7,78.545664
17.305672,21,80.414974
5.367161,7,80.415168
3.1997015,5,80.415212
21.6532,30,80.415251
4.676727,6,80.415284
4.2772,5,80.415333
2.7591155,4,82.271471
11.995122,14,82.271598
11.6727705,13,82.271624
2.9573765,4,84.02303
15.890575,21,84.030628
15.918583,23,86.196303
15.61553,21,88.059314
8.36707,11,88.059442
6.1615267,8,88.059466
3.3671901,5,88.059481
2.9573765,4,89.987906
5.660281,8,89.988051
12.046975,13,89.988089
17.08155,21,89.988117
2.4011905,4,89.988141
2.7613456,4,91.621286
10.412519,14,91.621418
14.720651,22,91.621444
20.852232,30,93.934528
0.9182361,2,93.934676
19.620869,26,93.934706
20.722677,30,95.64571
13.601609,16,95.645841
12.602703,15,95.653538
3.2023098,5,95.653629
5.49216,8,95.653649
22.071386,30,95.653663
17.073254,25,95.653677
5.5930443,7,95.65369
3.7564077,5,97.540172
7.1761355,11,97.54054
12.841699,16,97.540664
7.328342,10,98.962385
23.356518,30,101.397437
2.4011736,4,103.148355
15.616839,21,103.148472
11.659203,16,103.148494
1.6022727,3,103.148507
2.0454545,4,103.148521
22.23847,30,104.84156
19.175154,25,104.84223
15.580952,21,104.84239
4.6830306,7,104.842505
23.066156,30,104.842614
20.539877,30,104.842629
3.794167,5,104.842643
9.267278,14,106.36303
1.5982071,3,106.36316
20.821852,30,106.363188
18.299929,24,109.033895
1.9602091,3,110.967599
21.56419,26,112.518297
9.5565605,12,112.51842
22.534082,30,112.518449
12.914077,19,112.51847
8.753954,10,114.170144
3.0852273,5,114.170264
3.7887948,5,114.170288
9.1776285,13,114.170305
22.709957,30,114.170322
3.8863635,6,114.170338
3.5602462,5,116.67763
7.612416,11,116.677768
8.688122,11,116.6778
21.52847,30,118.442913
22.446035,30,118.443037
11.863775,17,120.317066
1.795329,3,120.317224
25.506195,30,122.020095
6.611496,9,122.020214
11.289044,15,122.020242
12.395372,18,122.020262
3.2000465,5,122.020281
1.9602091,3,122.020299
4.583375,6,124.073182
18.097235,24,125.539802
5.052249,6,125.539929
8.020715,11,125.539952
12.391856,17,125.539969
1.9583726,3,127.363855
17.349827,25,127.363961
11.758819,13,127.36398
13.403319,17,127.363993
6.1296544,9,127.364005
21.683546,30,127.364017
22.158422,30,129.060976
14.851515,18,129.061105
6.1990194,8,129.061133
15.121945,22,131.736515
10.770323,15,131.736637
1.9602091,3,131.736659
2.7572908,4,131.736676
23.189144,29,133.704286
2.3989275,4,133.704381
11.624934,17,135.561963
10.454097,15,135.562079
5.600436,8,135.5621
7.374992,11,137.028897
22.644388,30,137.029044
4.176226,7,139.345945
3.9590473,5,139.349988
10.318582,12,139.350037
5.5930443,7,139.35006
20.85804,30,141.057792
7.566327,10,141.058034
3.198608,5,141.05809
1.597429,3,142.742874
8.057961,12,142.742995
3.102578,5,144.268309
9.22159,14,144.268406
1.9602091,3,144.268424
18.34924,21,144.268437
11.89907,16,144.26845
7.7922783,9,144.268462
25.574404,30,144.268477
1.7649229,3,144.268489
6.012507,9,144.2685
21.002653,30,146.867477
16.01965,21,146.867597
21.924555,30,148.860343
1.0508548,2,148.860448
21.4343,30,148.860461
9.358341,11,148.860471
12.35806,19,148.860479
12.782899,18,148.860487
4.480701,6,150.661663
17.526148,22,150.661749
3.4032395,5,150.661763
24.73857,30,150.661773
24.243866,28,150.661782
6.9318013,10,150.66179
14.712566,20,152.262193
2.757267,4,152.262314
5.3317714,8,152.262339
11.135115,16,152.26236
6.810462,10,154.738805
1.5982071,3,154.738943
10.565531,14,154.738966
2.7613456,4,154.738985
5.55839,7,154.739002
3.9553487,5,154.739019
19.502607,27,154.739035
1.6000543,3,154.739052
22.155693,30,154.73907
22.233013,30,156.519008
4.756096,6,156.519146
11.687515,15,156.519188
1.1135108,2,158.413531
2.5682893,4,158.413684
2.7613456,4,158.413727
4.688038,7,158.413758
15.611796,19,158.413788
8.987181,10,160.166567
15.457456,20,160.166644
2.9306996,5,160.166658
3.2753832,4,162.37614
24.13627,30,162.376236
1.9602091,3,162.376263
14.919553,19,164.169557
3.9989367,6,164.169644
7.274052,10,164.169668
6.6505046,9,165.922853
4.797094,7,165.923068
5.0888777,8,167.57284
4.652293,7,167.572923
2.41598,4,167.572943
4.8045826,7,167.57296
1.9583726,3,167.572977
10.490032,14,170.038267
21.53058,30,170.038362
4.760184,6,170.038386
5.369392,7,171.867211
3.0491953,5,171.867287
6.7526097,8,173.661871
2.7613456,4,173.662055
17.331076,22,173.662092
22.719473,30,175.154171
15.79809,22,175.154262
8.498989,13,175.154283
9.939879,14,177.676884
3.9571974,5,177.676965
4.170562,6,177.676985
2.4011905,4,177.676998
14.927306,18,177.677011
4.5596437,6,179.522722
11.470951,13,179.522813
16.233652,23,179.522834
20.77625,30,179.522849
18.128399,26,179.522865
4.7583427,6,181.249328
4.96457,7,181.249407
2.4011905,4,181.249426
8.786229,12,182.754492
1.0543947,2,182.754586
1.9602091,3,185.373109
13.185789,19,187.27275
11.189908,13,187.272818
23.10902,30,187.27283
4.9715786,8,187.27284
3.7564077,5,187.272848
22.737871,29,189.060531
21.447311,30,189.060615
16.098036,22,189.060637
10.429706,16,189.060655
10.714873,16,189.06067
18.364878,22,190.802444
13.306937,19,190.802565
13.86387,17,193.120488
11.763741,15,193.120625
2.1933,3,193.120667
4.9716983,7,194.661933
17.561321,21,194.662304
2.7613456,4,194.668898
7.1649337,9,194.668939
18.488525,26,194.668957
23.163681,30,196.449591
4.1919966,5,196.44968
1.6000372,3,196.4497
12.387434,16,198.004297
9.202072,12,198.004389
15.526403,23,198.004409
2.2536962,4,198.004426
16.62164,23,200.54847
19.149488,27,200.548556
1.6000543,3,200.548579
9.48123,12,200.548598
6.369222,8,202.338358
21.6431,30,202.338439
21.219543,30,202.338462
10.569647,13,205.419412
2.9557893,4,205.4195
1.7671529,3,205.419518
23.637762,30,205.419534
4.837941,7,207.854358
14.2713585,21,207.854443
3.198608,5,209.670412
5.197265,7,209.67067
12.865817,18,209.670799
24.433035,30,209.670824
5.744394,9,211.634053
20.967127,30,211.634132
9.198605,12,211.634151
2.7591155,4,213.097614
23.306726,30,213.097725
8.113602,11,213.097758
2.4496381,4,213.097775
1.7905216,3,215.518048
11.901217,17,215.518182
13.483894,19,215.518225
8.850064,12,215.518258
15.408269,19,215.518292
2.7613456,4,217.33096
8.193685,9,217.331087
12.565164,15,221.15382
16.979786,22,221.15389
22.94927,30,221.153914
18.529358,24,221.15393
26.47858,30,221.15394
11.003456,13,223.039798
14.703792,18,223.039883
3.758513,5,223.039901
6.0489,9,224.819954
8.528438,12,224.82013
17.947824,25,224.8202
3.2023098,5,224.820254
10.943894,16,226.519768
15.839688,23,226.519863
21.837437,30,226.519889
11.456988,14,228.171083
5.3284535,8,228.171157
23.184319,30,228.171173
2.4536853,4,228.171185
6.0724053,7,228.171197
3.2000637,5,230.739349
20.53988,30,230.739443
21.893585,30,230.739467
13.693731,17,230.739486
4.651303,7,230.739503
4.003446,6,232.531176
6.7583,8,232.531263
7.4106913,11,234.220152
5.8534,7,234.220305
23.545607,30,234.220351
2.403409,4,235.760868
13.955323,15,235.761246
2.3985653,4,238.120879
7.896643,12,238.12096
5.492183,8,238.120983
4.396337,6,238.121
20.690943,30,238.121017
15.11019,22,238.121034
12.742781,17,238.121052
10.609371,14,238.121067
1.7671529,3,240.057274
20.540047,30,241.877192
4.4488635,7,241.877265
25.527159,29,243.53676
21.2864,30,243.536849
12.855693,18,246.117875
15.562881,18,246.121528
21.523561,30,246.121622
3.9993918,6,246.121657
5.557244,7,246.121686
22.401424,30,246.121713
4.074937,5,247.87429
3.2023098,5,247.874382
6.4006095,9,247.874409
6.0511355,9,247.874427
6.810281,10,247.874444
21.566212,30,251.36551
10.0925255,14,251.365762
22.394493,30,251.369422
15.653815,21,253.895144
15.794401,23,253.895207
1.5982071,3,253.895219
2.1625543,4,253.895228
12.893256,15,253.895237
2.9659092,5,253.895246
5.7961535,8,253.895255
9.953984,11,253.895262
21.68188,30,255.610395
13.421918,18,255.610478
3.9590473,5,255.6105
11.650816,13,255.610515
25.726748,30,257.452736
5.4022417,7,257.452823
12.559206,15,257.452847
3.8533726,6,257.452865
3.2023098,5,257.452882
3.2004652,5,257.452897
11.470668,17,259.002984
22.55375,30,259.003075
3.4944546,6,259.0031
4.090909,7,259.003119
21.66782,30,263.539637
14.216112,19,263.539738
2.7272727,5,265.422133
11.562519,14,265.42227
2.4011905,4,265.422311
3.9553487,5,265.422345
5.5594707,7,267.040428
10.256881,15,267.040694
20.772682,30,267.04082
4.9716983,7,267.040938
12.569413,16,269.356
17.66424,23,269.356467
8.287976,12,271.04764
1.6022727,3,271.047707
7.128497,10,271.047721
20.942577,30,272.66581
24.506886,30,272.665898
2.5682893,4,272.665999
8.764111,10,274.421085
2.9636908,5,276.837862
22.500221,28,276.837988
3.2045453,5,276.838015
2.4011736,4,276.838035
3.5284092,6,278.754081
3.208289,5,280.644992
0.98824227,2,280.645062
21.12284,30,280.645074
11.998956,14,280.645095
3.7585073,5,282.469174
5.5670986,7,282.469634
21.697876,30,282.469775
8.975969,13,282.469893
6.5642824,9,282.470073
21.509209,28,284.464034
12.603882,15,284.464122
17.705435,24,284.464141
12.765831,15,286.317669
21.601227,30,286.31777
1.6000372,3,287.953174
2.403409,4,289.555222
20.772707,30,292.346512
12.470689,18,292.346588
2.403409,4,294.12373
10.959012,12,294.1238
15.623819,21,294.123814
22.997883,30,294.123823
11.265089,16,294.123832
21.848051,30,294.123839
13.429689,19,295.875859
21.521587,30,295.875942
10.960614,13,297.39645
25.567846,30,297.396687
22.00755,27,297.400204
1.6022727,3,300.134043
21.411467,30,300.134195
17.829214,24,300.134217
9.298877,14,300.134234
26.886679,30,300.134249
3.2023098,5,301.964158
3.200119,5,301.964245
10.758299,12,303.766233
22.72254,30,303.766369
21.217283,26,303.766417
7.964729,10,303.766451
4.5614896,6,305.264281
8.8125,12,305.264383
8.895491,13,307.758905
3.2530975,5,307.758995
24.184816,30,309.546557
3.5606453,5,309.546626
3.798227,5,309.546639
15.646919,23,309.546649
13.013809,17,309.546658
21.839073,30,309.546666
1.9602091,3,309.546675
3.2023098,5,311.168798
13.565928,16,311.168895
13.893066,18,311.168919
23.428347,30,311.168937
18.00304,23,311.168956
21.996758,30,311.168973
10.763764,13,312.95874
5.005512,7,312.959014
23.80344,30,315.458888
2.403409,4,315.458967
17.555998,19,315.458982
23.03184,30,315.458991
21.507565,29,315.458999
21.482985,30,317.044915
7.3728724,10,317.045004
20.659195,30,317.045027
2.4011905,4,317.045044
2.7613456,4,318.851963
5.9590135,7,318.852236
10.528261,14,320.533988
20.81026,30,320.534082
2.9272568,5,322.970668
4.564116,7,322.97092
1.9602091,3,322.971056
9.391437,12,324.847296
6.965862,9,326.428682
5.6034813,8,326.428774
12.1783495,17,326.428793
6.4045925,9,326.428809
10.7542305,12,326.428823
8.358358,10,328.075439
21.323715,30,328.095618
27.166752,30,332.458243
5.7564764,7,332.458334
11.157357,13,334.232837
12.505204,16,334.233317
14.306841,21,334.233459
20.539877,30,334.233573
2.403409,4,334.233694
7.342913,11,335.775439
21.518171,30,338.381667
23.512291,30,338.381941
5.955059,7,338.381993
4.7986813,7,340.145673
6.486563,9,340.14574
8.934714,13,340.145753
20.539877,30,340.145763
13.277412,19,340.145774
9.960609,12,340.145783
19.662922,24,341.984766
3.7562826,5,341.985097
21.604502,30,341.98528
10.420781,15,341.985445
6.69914,10,341.985611
8.759161,11,341.985769
21.485224,30,341.985993
16.568264,25,343.752577
8.956804,11,343.75267
21.019148,30,343.756404
11.38377,16,346.097043
12.263623,18,346.097159
6.25714,9,346.097195
2.41598,4,347.931503
5.4523463,7,347.931585
21.768549,30,347.931608
9.849711,11,347.931627
6.601082,9,349.827971
10.599231,12,349.830055
1.6022727,3,351.419942
8.380664,13,351.420027
21.361397,30,351.420052
16.547085,23,351.420072
1.655303,3,351.420089
8.457522,10,353.824629
4.7579536,6,353.824712
6.08317,8,353.824735
10.761752,13,353.824752
6.489836,10,353.82477
14.893675,20,353.824786
1.9583726,3,355.632576
20.355762,29,355.63284
7.1916175,9,355.632966
21.12967,30,355.633077
3.7585073,5,357.398504
22.313332,30,357.398651
5.358545,7,357.398703
19.54003,25,359.002941
2.403409,4,361.547556
7.9590125,9,361.547625
8.757918,10,361.54764
1.6022727,3,363.481979
20.539906,30,363.482131
3.2023268,5,363.48216
8.293103,12,363.482179
7.276701,11,363.482197
3.527417,5,363.482215
3.2045453,5,365.273146
7.760149,9,365.273217
4.806818,7,365.273234
3.329237,5,365.273245
10.392848,12,365.273257
12.486212,17,366.955528
20.892023,30,366.955608
19.067467,25,366.955632
20.980947,30,369.266509
13.758299,15,369.266792
7.402816,10,369.266927
6.9303274,9,369.267046
21.605762,30,369.267164
2.3974714,4,369.267284
3.3671954,5,369.267403
5.770599,8,370.831211
6.158905,8,370.831303
2.7591155,4,370.83132
4.19534,5,372.697713
10.567138,13,372.698162
2.7613456,4,372.698231
8.568134,11,372.698269
24.33897,30,372.698307
21.010153,30,374.249882
1.9583726,3,374.250017
3.0829918,5,374.250054
23.310074,30,374.250074
9.408031,12,376.941649
4.726296,7,376.941931
13.2637415,18,376.942086
29.953724,30,378.800062
10.966109,14,378.800261
3.9590473,5,378.800333
2.5682893,4,378.800395
12.500701,16,378.800462
3.7831142,5,378.800524
1.9602091,3,380.647652
12.20333,14,380.647728
7.5614552,9,380.647745
2.7275317,4,380.647756
8.012416,10,382.369768
1.9583726,3,382.369862
4.8865027,7,382.369886
8.557573,10,382.369941
14.905775,20,382.369962
3.9965816,5,384.795559
8.453567,10,384.795775
0.96601653,2,386.543969
14.667022,21,386.544039
5.0842323,7,386.544052
1.9602091,3,386.544061
8.124096,11,386.54407
3.9590473,5,386.544078
6.794132,8,388.174411
6.2091594,8,388.174504
3.9590473,5,388.195745
3.9572065,5,388.195826
1.9602091,3,388.195861
9.807324,12,392.164304
8.205052,10,392.164396
25.157166,30,392.164409
5.9590135,7,392.164419
22.731655,27,392.164428
11.256273,16,392.164437
25.748907,27,392.164445
17.674679,19,393.657697
3.193853,4,393.657779
9.410743,13,393.657796
21.729595,30,393.657809
20.808432,30,395.317182
12.364024,15,395.317429
20.454542,30,396.66431
12.952388,19,396.664397
0.96601653,2,396.664414
10.129088,12,396.664428
1.8555311,3,396.664441
21.300282,30,399.269589
2.757267,4,399.269676
21.125797,30,399.269699
6.0536423,9,399.269717
8.11784,9,399.269737
18.0045,22,399.280359
1.278391,2,399.28044
3.7562654,5,400.975313
6.7659564,8,400.975411
10.760149,12,400.975441
7.9590125,9,400.97546
7.966493,11,400.975478
15.947363,17,400.975495
18.585606,25,400.97551
18.7579,27,402.442387
13.959279,17,402.442473
3.645509,6,402.442496
2.2755582,3,402.442514
6.7592955,8,402.442532
7.9571624,9,403.766844
11.057947,13,403.766917
2.9592168,4,403.766932
1.9602091,3,406.216448
12.587338,15,406.216537
20.752207,22,406.216558
17.983677,21,406.216573
10.76399,13,406.216587
2.6012802,4,406.2166
11.889741,16,407.757528
1.7671529,3,407.757594
17.002481,20,407.757607
2.1317816,4,407.757617
1.1211282,2,407.757626
16.863214,23,409.262926
11.557582,13,409.263
15.251051,19,409.263016
3.848484,6,410.542374
6.9964757,8,410.542458
11.949506,13,410.542477
4.853021,6,410.542493
17.747465,19,410.542507
1.9583726,3,410.54252
8.555571,10,410.542533
5.6010766,7,410.542547
9.955317,11,412.959901
7.2499037,9,412.959972
6.957163,8,412.959986
11.76635,16,412.959996
15.314808,19,414.653989
11.946606,13,414.654052
13.24506,16,414.654065
1.7649229,3,416.366295
5.9553294,7,416.366356
11.7583,13,416.366368
12.028748,16,416.366376
15.552651,17,416.366384
7.760149,9,417.627551
12.809865,15,417.627825
5.9590135,7,417.627944
0.96601653,2,417.628052
10.958747,13,417.628164
1.9602091,3,417.628273
10.579924,12,419.846517
3.8533938,5,419.846604
5.3603907,7,419.846627
9.406134,11,419.846643
5.766163,8,421.448334
12.759291,14,423.15227
3.5894265,5,423.152368
5.5670986,7,423.152401
5.7561917,7,423.152421
17.178123,22,424.364392
2.8552978,4,424.364484
9.761394,12,426.752287
7.754231,9,426.752368
8.73077,12,428.10382
1.9602091,3,428.103903
1.9602091,3,428.103929
10.599427,13,428.10395
5.758314,7,428.103968
8.722808,10,428.103986
12.2118435,16,429.800311
14.201695,17,429.800377
15.207276,18,431.096355
16.808573,19,431.096432
4.957168,6,431.096451
6.957172,8,433.441552
13.519022,15,433.441648
6.9531956,8,433.441668
20.596926,24,433.441682
5.953737,7,434.962961
8.957167,10,434.963048
1.597429,3,434.963068
12.953725,14,436.721397
3.1996822,5,436.721556
15.557582,17,436.721615
3.9590473,5,436.721664
11.801941,14,436.721709
5.5590897,7,436.721752
13.093527,15,436.721793
13.952922,15,438.162603
9.955048,11,438.162675
10.193935,11,438.162689
2.4011736,4,440.340242
19.011852,22,440.340327
14.731067,18,440.340345
22.573994,30,440.340362
9.55905,11,441.944366
5.767972,8,441.94445
20.155779,22,441.944474
19.123247,22,443.66628
1.9583726,3,443.666476
7.203547,10,443.666546
6.2043424,8,445.234501
15.994821,17,445.234594
20.993435,23,445.234621
8.009129,11,447.545522
14.4542675,18,447.5456
5.955049,7,447.545615
2.403409,4,449.169451
26.994808,30,449.16953
5.9571676,7,449.169548
5.7601547,7,449.16956
1.597429,3,449.16957
3.2045453,5,449.16958
4.0034633,6,450.74504
16.63872,24,450.745105
21.368101,30,450.745118
10.969847,13,450.745128
1.7649229,3,450.745136
4.001616,6,452.031882
5.2499995,8,454.197697
3.758513,5,454.205312
10.605531,13,454.205476
21.407927,30,454.205504
9.851535,11,454.205523
2.4011736,4,455.808724
2.7595088,4,455.808836
14.002045,17,455.808867
5.605719,8,457.509644
8.728522,12,457.509725
5.0842323,7,458.84864
8.362422,10,458.848745
9.600637,13,458.848772
20.409328,25,461.099306
9.286345,12,461.099385
4.9571686,6,461.099407
21.95798,30,461.099427
3.200465,5,461.099447
6.0493054,7,461.099465
3.197027,5,462.620628
26.803944,30,462.620888
13.808335,19,462.621018
2.5156162,4,462.621039
20.54991,27,464.204845
23.3902,30,465.60454
5.3581243,8,467.944986
11.955317,13,467.945248
20.454542,30,467.945387
0.91638887,2,467.945513
1.7175106,3,467.945635
21.446291,30,467.945746
9.360705,11,467.945856
1.4547784,3,467.946007
24.944242,30,469.619055
3.052236,5,469.619151
4.156123,6,469.619177
22.03918,30,469.619196
3.1974957,5,471.257031
4.7097645,6,471.257123
4.5547743,6,471.257145
9.443818,12,471.257163
3.996362,6,472.718191
11.388166,14,472.718569
19.9799,26,472.718679
1.7671529,3,472.718763
7.291388,11,474.858322
9.761772,12,474.858393
8.808419,12,474.85841
15.295041,21,474.858423
3.2000465,5,476.555722
18.619154,25,476.555788
22.670187,30,476.559667
2.792487,4,476.559729
1.5982071,3,476.559741
17.191685,24,476.55975
7.561874,10,478.213218
2.3985653,4,479.781192
4.8005037,7,479.781278
2.9592168,4,481.950598
3.9572015,5,481.950667
15.902034,22,481.95442
17.839693,26,483.451228
20.926952,30,483.451322
22.677715,30,485.022987
21.640205,30,485.023059
6.2830553,9,486.552853
2.3989825,4,486.552924
19.754353,21,486.552942
6.7560697,8,486.552954
23.545567,30,488.941797
7.193693,8,488.942095
21.99268,30,488.942234
6.957172,8,488.94236
8.560491,11,488.942482
5.356963,7,488.942604
22.95661,30,488.942729
5.652043,8,490.651637
11.154377,14,490.651976
3.0491812,5,490.652065
8.613864,13,490.652131
6.158905,8,492.382793
7.357564,9,492.382886
1.6000372,3,492.382906
5.6524305,8,493.817714
19.358345,21,493.817817
3.9981632,6,493.81785
8.891427,13,496.044651
0.96601653,2,496.044716
4.0008187,6,496.044729
2.9592168,4,496.044739
15.105846,20,496.044748
8.804981,12,496.044757
2.7595088,4,497.637996
11.94489,17,497.638075
25.529062,28,497.638097
21.28348,30,499.136134
5.400113,7,499.136213
23.179281,30,499.136232
4.754,6,500.7312
5.556463,7,500.731282
9.769716,14,500.731302
20.539877,30,503.173033
20.571642,30,503.17312
19.190792,26,503.173143
3.3627512,5,503.17316
2.398546,4,503.173177
14.405165,19,504.842962
3.1996822,5,504.843038
1.6022727,3,504.843057
1.597429,3,504.84307
15.465913,22,506.334613
21.48351,30,506.334698
17.226992,22,506.334723
22.307331,27,506.334741
6.959605,9,506.334761
9.040702,13,506.334777
10.415382,14,506.334793
2.7613456,4,506.334808
6.1199117,8,506.334824
1.7243308,3,507.651308
8.193461,10,507.651375
21.243944,30,507.651394
4.0008187,6,507.651407
3.9572065,5,510.032018
19.570639,23,510.032114
5.7687545,8,510.032136
10.648819,14,510.032155
17.614838,24,510.032176
16.966291,20,511.4681
16.170645,24,511.468177
21.081665,29,511.468199
14.164378,17,511.468217
11.057833,13,511.468233
21.173986,30,511.468248
1.9602091,3,511.468262
8.336505,12,513.071857
7.6126184,10,513.071947
4.7579536,6,513.07197
4.69347,7,513.07199
2.403409,4,514.65098
12.861212,15,514.651066
10.589483,12,514.65109
1.0543947,2,514.651108
5.9571676,7,517.220749
1.9602091,3,517.220843
2.4011736,4,517.220868
11.7371025,16,517.220887
13.014623,17,517.220907
6.561315,8,517.220932
10.760155,12,517.220959
11.562888,14,518.872051
2.4011905,4,518.872165
1.0831046,2,518.87221
6.987594,8,518.872242
11.910012,18,520.622921
8.561438,10,520.622997
5.9590135,7,520.623036
21.776552,28,520.623066
1.1240078,2,520.623108
6.999537,8,520.62313
20.739676,26,522.130886
5.9590135,7,522.130965
1.9602091,3,522.130981
1.9602091,3,522.130995
12.36156,14,522.131006
6.7611413,8,522.131018
2.9875655,4,524.262411
2.9894383,4,524.262506
2.2773986,3,524.262528
12.162538,15,524.262543
4.7256966,6,524.262558
11.561284,13,524.262572
1.9602091,3,525.952231
3.9571974,5,525.952321
18.561863,22,525.952341
1.7649229,3,525.952358
6.98759,8,525.952373
9.792178,12,527.690922
10.957162,12,527.690988
2.7613456,4,527.691001
6.760154,8,527.69101
2.123509,3,527.691018
11.407984,13,529.099622
4.959018,6,529.099711
6.75792,8,529.099732
2.9592168,4,529.099748
11.273231,12,529.099763
10.714592,12,531.245125
9.786318,11,531.245219
14.959012,16,531.245241
7.7582994,9,531.245258
5.7601786,7,531.245274
12.407984,14,531.245288
12.757918,14,531.245302
5.052249,6,532.767563
1.795329,3,532.767637
9.955321,11,532.767654
19.394554,21,532.767668
1.8566638,3,532.767681
3.9590473,5,532.767693
19.611935,25,532.767705
4.195803,5,534.160367
4.98759,6,534.160459
12.561287,14,534.160483
4.959018,6,534.1605
1.278391,2,534.160515
6.76015,8,534.160529
1.1985551,2,534.160544
4.9571686,6,535.762797
10.922693,12,535.762873
3.9572015,5,535.76289
5.2753453,6,535.762903
16.672827,18,535.762914
14.561454,16,538.050451
5.9590135,7,538.050672
3.7905748,5,538.050724
0.96601653,2,538.050738
9.195798,10,539.76396
5.7601786,7,539.764027
14.955313,16,539.764043
2.9592168,4,539.764055
18.404284,20,541.398956
12.959012,14,541.399023
6.2771945,7,541.399039
9.760154,11,541.399051
10.757918,12,541.399062
11.757918,13,542.755876
15.76015,17,542.755998
7.7601495,9,542.756018
20.083994,22,542.756035
6.197649,7,542.75605
6.924543,8,542.756065
17.561285,19,545.000761
4.959018,6,545.000846
3.9590473,5,545.000867
5.9590135,7,545.000884
10.959012,12,545.0009
12.959012,14,546.639726
3.9894397,5,546.639984
6.9590125,8,546.640129
21.959011,23,546.640253
1.9602091,3,548.139792
3.9590473,5,548.139871
12.959012,14,548.139889
3.195362,4,548.139903
5.9590135,7,549.632611
5.9571724,7,549.633169
8.959012,10,549.633308
16.760149,18,549.633333
10.790577,12,549.633349
7.9590125,9,549.633366
9.959012,11,549.633473
0.96601653,2,551.956783
10.079323,11,551.956847
2.9894383,4,551.956861
8.959012,10,551.956872
3.9590473,5,551.956881
4.2753544,5,553.666453
12.0785,13,553.666523
12.758299,14,553.666538
2.7591155,4,553.666548
11.959012,13,553.666557
3.9572015,5,553.666566
15.957162,17,553.666574
2.1978035,3,555.34091
1.9602091,3,555.341
9.957162,11,555.341024
4.054115,5,556.856198
11.121556,12,556.856264
16.959011,18,556.856278
0.96601653,2,556.856289
1.9602091,3,556.856299
9.195798,10,558.937519
1.9602091,3,558.937595
9.959012,11,558.937613
8.957162,10,558.937628
4.1234093,5,560.464292
6.75792,8,560.464372
2.9592168,4,560.464392
12.959012,14,560.464407
11.959012,13,560.464421
14.98759,16,562.062557
13.959012,15,562.062645
3.9590473,5,562.062666
8.957167,10,562.062685
5.9590135,7,562.062701
7.8466315,9,562.062716
11.959012,13,563.53473
0.9258228,2,563.534808
5.9590135,7,563.534827
10.959012,12,563.534842
13.606208,15,565.754893
17.760149,19,565.755308
8.765956,10,565.755426
5.1215568,6,565.755517
7.765956,9,565.755604
0.96601653,2,565.75569
7.9571624,9,565.755778
12.957162,14,565.755863
16.760149,18,565.755941
8.197649,9,565.755955
5.790569,7,567.240604
9.760318,11,568.768986
1.278391,2,568.769069
15.957162,17,568.769089
7.9590125,9,568.769107
18.76032,20,568.769124
3.9590473,5,570.234822
14.85525,16,570.234903
9.959012,11,570.234923
1.9602091,3,570.234941
14.959012,16,570.234956
4.959018,6,570.234971
21.959011,23,570.234987
1.9602091,3,570.235002
2.123509,3,570.235016
6.9571667,8,572.497937
8.195335,9,572.498023
4.959018,6,572.498039
6.760154,8,572.498048
21.998787,23,572.498057
7.9590125,9,572.498066
3.9590473,5,572.498075
10.955321,12,574.072279
3.9590473,5,574.072364
8.959012,10,574.072388
6.7560787,8,574.072406
15.764106,17,575.663756
2.957371,4,575.663835
12.959012,14,575.663863
4.765962,6,575.663875
5.9590135,7,575.663885
14.567092,16,575.663896
1.7671529,3,575.663906
8.959012,10,575.663918
1.7649229,3,575.663934
10.050418,11,577.244057
1.9602091,3,577.244139
1.9602091,3,577.244159
8.758299,10,577.244174
8.195795,9,577.244189
4.957168,6,579.559623
19.368399,21,579.559711
6.9590125,8,579.55973
7.077473,8,579.559741
8.079323,9,579.559752
5.7905307,7,579.559762
13.074641,14,579.559773
2.2773986,3,581.143772
2.7613456,4,581.143837
11.078336,12,581.143849
1.9602091,3,582.923179
1.1985551,2,582.923274
20.953466,22,582.923301
1.9894304,3,582.923325
9.760318,11,582.923347
13.760154,15,582.923369
11.959012,13,584.455115
3.9590473,5,584.455182
1.9602091,3,584.455196
3.9590473,5,584.455206
14.959012,16,584.455215
7.9571624,9,584.455224
6.75792,8,584.455232
5.9245453,7,584.45524
7.9590125,9,584.455249
6.9571667,8,586.558519
2.0541613,3,586.558599
6.0783315,7,586.558623
4.959018,6,586.558642
7.209126,9,586.55866
4.2772,5,586.558676
10.959012,12,586.558693
3.9590473,5,586.55871
1.9602091,3,586.558727
1.1240078,2,588.316789
5.9590135,7,588.316869
18.760149,20,588.316886
8.760149,10,588.316896
8.924543,10,588.316907
1.1240078,2,589.860191
1.1240078,2,589.860365
6.9590125,8,589.866063
6.2771945,7,589.86612
12.275349,13,591.34525
13.855251,15,591.345336
10.654157,12,591.345353
10.959012,12,593.651551
2.9592168,4,593.651663
6.9590125,8,593.651686
10.957167,12,593.651705
0.96601653,2,595.032131
3.9590473,5,595.032215
12.788731,14,595.041734
5.9590135,7,595.041811
10.407984,12,595.04183
7.9590125,9,595.041847
4.1234093,5,596.671292
3.1234238,4,596.671383
5.9571724,7,596.671407
2.9573765,4,596.671427
6.9590125,8,598.23592
5.9590135,7,598.236002
6.9590125,8,598.236024
7.9590125,9,598.236043
14.786496,16,598.236061
2.9592168,4,598.236079
2.7613456,4,600.678895
6.195799,7,600.678987
7.9590125,9,600.67901
2.7591155,4,600.679028
20.760149,22,600.679044
5.9590135,7,600.67906
8.959012,10,602.219964
6.9590125,8,602.220061
11.957162,13,602.220089
4.076135,5,602.220109
3.9590473,5,603.768715
1.2765543,2,603.768786
2.1978035,3,603.768799
9.959012,11,603.768809
15.0487385,16,603.768819
15.209149,17,603.768828
14.957162,16,603.768837
1.9602091,3,603.768846
3.9590473,5,603.768854
9.959012,11,603.768863
8.959012,10,603.768871
4.054115,5,605.169252
11.957171,13,605.169327
6.9590125,8,605.169345
12.567093,14,607.532248
5.1215568,6,607.532409
2.9592168,4,607.532468
11.195798,12,607.532511
1.9602091,3,609.298584
9.957162,11,609.298648
14.955312,16,611.056997
2.9592168,4,611.057065
2.9592168,4,611.057078
7.790575,9,611.057089
16.760149,18,611.057099
15.957162,17,611.057109
4.760324,6,611.057117
7.0541134,8,612.567383
2.123509,3,612.567454
12.959012,14,612.567472
8.959012,10,612.567486
21.758299,23,612.567498
1.9602091,3,612.56751
1.9602091,3,612.567522
9.98944,11,614.727378
17.078331,18,614.727466
5.572381,7,614.727486
8.760154,10,614.727501
6.98944,8,614.727514
2.0541613,3,616.466528
9.959012,11,616.46659
14.054113,15,616.466604
5.9590135,7,616.466616
6.1234064,7,616.466625
3.9590473,5,618.141674
6.9590125,8,618.141759
6.9590125,8,618.141778
7.4079847,9,618.141793
11.197648,12,619.6344
17.760149,19,619.634489
9.98944,11,619.634513
8.959012,10,621.901639
3.9571974,5,621.901718
9.757918,11,621.901736
14.757918,16,621.901749
4.079329,5,621.901761
9.275344,10,623.651963
19.76114,21,623.652022
1.9602091,3,623.652038
11.957167,13,623.652047
2.7613456,4,623.652056
12.959012,14,623.652064
25.054111,26,625.273416
21.985739,23,625.273513
10.924557,12,625.273544
9.959012,11,625.273568
4.760324,6,625.273586
6.9590125,8,626.733543
7.98944,9,626.733631
7.1205325,8,626.733656
7.9590125,9,626.733674
8.193485,9,626.73369
4.7579536,6,626.733706
3.9894397,5,626.733721
1.9602091,3,626.733736
27.654541,29,626.73375
3.0505962,4,626.733765
1.9602091,3,628.899014
7.5952735,9,628.903711
10.054113,11,628.903768
3.9590473,5,628.903785
1.795329,3,628.903797
7.9590125,9,628.90382
12.957162,14,628.903832
4.959018,6,628.903842
11.957162,13,628.903853
9.957162,11,630.509129
6.2771945,7,632.138074
7.9223127,9,632.138149
15.359346,17,632.138166
1.9602091,3,632.138181
9.878642,11,633.531131
3.2140667,5,633.531211
1.9602091,3,633.531229
5.957164,7,633.531244
6.7601776,8,635.895332
11.121556,12,637.596513
12.955323,14,637.596609
5.9590135,7,637.596628
6.9553285,8,637.596639
7.957163,9,637.596648
4.959018,6,637.596657
12.561314,14,639.256497
3.9590473,5,639.256572
4.7579536,6,639.256589
14.957162,16,639.2566
4.7262053,6,639.256616
12.959012,14,639.256628
24.95716,26,640.901313
22.95716,24,640.901381
7.9590125,9,640.901394
7.0541134,8,640.901405
2.9592168,4,640.901414
21.197647,22,642.90377
7.987594,9,642.903857
3.9590473,5,642.903876
18.959011,20,642.903889
14.879468,16,642.903901
2.123509,3,642.903913
2.0541613,3,642.903924
4.2772,5,642.903935
4.959018,6,642.903945
5.9590135,7,644.502007
15.07425,16,644.502087
10.959012,12,644.502104
14.054113,15,644.502115
8.760149,10,644.502127
7.85525,9,644.502138
3.1234238,4,644.502148
7.1234064,8,645.91723
8.760149,10,645.91734
9.959012,11,645.917373
1.9602091,3,645.917395
2.9592168,4,645.917413
0.96601653,2,645.917425
11.959012,13,645.917437
0.96601653,2,645.917448
4.054115,5,647.511746
9.406142,11,647.511833
3.9590473,5,647.511853
20.052248,21,647.511868
10.794132,12,647.511883
6.957172,8,647.511897
4.959018,6,649.70264
11.959012,13,649.702718
1.9251442,3,649.702736
3.277229,4,649.702749
3.7611759,5,651.317545
4.761147,6,651.323006
11.756068,13,651.323069
15.054113,16,651.323093
1.9602091,3,651.323114
1.9602091,3,651.323132
7.7611413,9,651.323149
3.0541215,4,652.648425
1.9602091,3,652.648535
5.9571676,7,654.237217
2.123509,3,654.237301
5.9590135,7,654.237321
5.0761065,6,654.237338
3.9590473,5,654.237352
7.9590125,9,656.630021
9.959012,11,658.145667
19.924541,21,658.145749
15.757918,17,658.145771
3.9590473,5,658.145787
7.9590125,9,658.145803
16.123405,17,658.145819
3.9590473,5,659.627849
10.959012,12,659.62794
11.959012,13,659.627958
14.760149,16,659.627974
8.959012,10,659.627987
17.760149,19,659.628002
9.959012,11,661.246972
8.407984,10,661.247052
8.757918,10,661.247073
6.9590125,8,661.24709
10.760148,12,661.247107
3.9894397,5,661.247123
12.959012,14,661.247138
5.123407,6,661.247153
6.0541134,7,663.498351
9.757918,11,663.498425
1.9602091,3,663.498439
20.561287,22,663.498451
8.277194,9,663.498465
9.757918,11,663.49848
6.9590125,8,663.49849
5.9590135,7,665.098446
3.9590473,5,665.098532
21.561287,23,665.098554
8.123406,9,665.098574
4.959018,6,665.098593
10.959012,12,666.417109
10.957171,12,666.417188
1.1240078,2,666.417206
14.193484,15,666.41722
4.1234093,5,666.417233
4.2772,5,668.040126
11.959012,13,668.040215
9.197648,10,668.040238
3.9590473,5,668.040257
8.959012,10,668.040274
10.982558,12,668.040289
17.955048,19,670.234816
2.9592168,4,670.234895
11.957162,13,670.234917
1.9602091,3,670.234936
12.957162,14,670.234952
9.959012,11,670.234968
6.0481396,7,671.835348
1.9583726,3,671.835444
1.9602091,3,671.83547
4.9571776,6,671.835492
15.757918,17,673.298785
7.9590125,9,673.298876
1.9602091,3,673.298901
5.9590135,7,673.29892
7.2711134,8,673.298936
25.758299,27,673.298952
11.959012,13,673.298967
10.959012,12,674.908157
4.9571686,6,674.908227
4.806818,7,674.908245
2.0541613,3,674.908259
6.955058,8,674.908271
6.957172,8,677.041364
4.955063,6,677.041449
12.277194,13,677.04147
1.9583726,3,677.041491
7.9571714,9,677.041508
9.959012,11,678.710208
7.955048,9,678.710287
0.91561085,2,678.710304
2.5990593,4,678.710316
6.9555836,8,678.710327
6.459886,9,678.710338
10.957171,12,678.710348
10.952921,12,678.710358
6.4013586,8,680.1433
2.5160468,4,680.14339
9.955575,11,680.143414
17.95531,19,680.143434
5.357763,7,680.14345
2.4011736,4,680.143467
1.597429,3,680.143485
8.118222,9,680.1435
3.197027,5,681.747713
14.955299,16,681.74793
1.597429,3,681.747978
12.117316,13,681.747991
3.2045453,5,681.748002
3.2045453,5,683.848277
3.3671901,5,685.525249
5.794133,7,685.525322
12.041653,13,685.52534
5.1647544,7,687.137264
2.3974714,4,687.137352
2.1933,3,687.137374
4.361383,6,687.137392
7.206147,10,687.137407
8.797211,12,688.742601
3.9945443,6,688.742682
3.9945443,6,688.742702
16.95292,18,688.742718
10.963053,13,688.742733
15.119442,16,688.742747
4.003446,6,691.024984
11.363247,14,692.652699
8.003845,11,694.119422
7.199019,10,694.119542
5.6079545,8,694.119581
5.605719,8,695.752695
9.609555,13,695.75278
12.80074,15,695.752801
18.95716,20,695.752818
4.122764,6,695.752834
7.207992,10,695.75285
4.003446,6,695.752865
21.602125,24,695.75288
16.209814,20,699.693444
8.807637,12,701.136014
12.8141,17,701.136104
11.561285,13,701.136128
5.600436,8,701.136148
8.808419,12,702.930933
2.398546,4,702.931016
2.3959103,4,702.931037
6.409091,9,702.931053
10.410691,14,702.93107
5.605719,8,702.931087
6.4068556,9,705.254806
12.014809,16,706.975805
5.6587496,8,708.421743
14.756061,16,708.421819
1.7171644,3,708.421834
4.849576,7,708.421844
4.806818,7,708.421854
6.409091,9,708.421864
16.82386,22,708.421873
16.81978,22,708.421882
14.957171,16,710.005084
16.821625,22,710.005158
0.96601653,2,712.135555
12.70315,19,712.143964
5.162519,7,712.144044
10.577423,14,712.144068
21.578535,26,713.725044
25.94318,30,713.725177
17.516033,25,713.725221
14.770871,19,713.725263
11.725554,15,713.725305
5.7950687,7,715.106209
3.9590473,5,716.719697
2.5152087,4,716.719775
13.00529,16,716.719794
18.41417,24,718.968286
17.771246,22,718.968362
10.405466,14,718.96838
22.000801,30,720.597557
2.403409,4,720.597644
18.46713,24,721.939439
19.20333,28,721.939517
5.600436,8,723.500638
6.95738,9,723.500865
7.9571714,9,723.500948
8.00691,11,723.500966
13.791396,16,723.500981
2.398546,4,723.500995
3.1960056,5,725.700149
17.771513,21,725.70022
7.2659883,10,725.700236
12.974117,17,725.700247
13.168599,17,725.700258
5.3617992,8,725.700267
4.96418,7,727.330478
6.566453,9,727.334285
18.59099,26,727.334342
10.143146,14,727.334375
7.9928856,10,728.801732
14.153497,20,728.8018
6.7621646,9,728.801815
20.483986,23,730.431303
10.56211,13,730.43139
24.021088,30,730.431414
3.2575755,5,730.431432
16.452658,18,732.406602
6.358381,8,732.406671
6.0569415,9,732.406684
9.959832,12,732.406699
2.4011736,4,732.406708
2.403409,4,732.406717
1.9602091,3,732.406725
3.9590473,5,732.406735
12.562891,15,733.964542
1.9602091,3,733.96464
20.185766,26,733.969024
3.3671901,5,733.969072
11.161323,13,735.365651
5.9590135,7,735.365729
3.9590473,5,735.365747
5.9590135,7,735.365761
22.78223,29,735.365773
1.9602091,3,735.365784
22.367168,30,735.365796
3.9590473,5,737.119225
8.882913,11,737.119477
16.57509,21,737.119596
6.1234064,7,737.119712
2.9894383,4,737.119824
22.71935,30,739.406941
13.163558,15,739.407019
16.571405,21,739.407039
2.9894383,4,739.407054
2.2773986,3,739.40707
0.98938525,2,739.407084
17.5563,21,739.407098
13.2648535,19,739.407112
2.9592168,4,739.407126
7.47951,9,739.407139
1.0543947,2,739.407158
18.055616,23,741.100658
3.9590473,5,741.100863
1.278391,2,741.100888
6.76015,8,741.100902
23.273748,30,741.100913
15.219194,20,742.498213
11.163558,13,742.498316
4.959018,6,742.498346
2.1978035,3,744.148391
9.959012,11,744.148483
1.9602091,3,744.148507
3.9590473,5,744.148526
10.158695,12,744.148542
2.5660536,4,746.465213
1.9602091,3,746.465292
7.98944,9,746.465315
22.105145,27,748.103203
3.9590473,5,748.103281
8.197649,9,748.103298
7.362427,9,748.103313
14.88513,17,748.103325
21.165588,30,748.103337
1.9602091,3,749.83115
2.9592168,4,749.831242
4.959018,6,749.831263
18.060614,21,749.831279
8.959012,10,749.831296
1.1240078,2,749.831313
3.9894397,5,749.831329
6.1234064,7,749.831345
4.959018,6,749.83136
6.98944,8,749.831414
11.55905,13,749.831434
23.134771,28,751.358197
2.123509,3,751.358296
0.98938525,2,753.282848
13.603076,17,753.282945
7.9590125,9,753.28297
1.9602091,3,753.28299
15.964694,18,753.283007
15.334455,19,753.283024
9.959012,11,754.871357
11.054113,12,754.871449
10.959012,12,754.871467
13.959012,15,754.871477
7.9590125,9,754.871489
3.9590473,5,754.8715
8.959012,10,754.871511
5.9590135,7,754.871521
2.9592168,4,756.20604
0.96601653,2,756.206132
6.1234064,7,756.206155
4.959018,6,757.757963
3.9590473,5,757.758154
5.277195,6,757.758255
9.959012,11,757.758342
9.959012,11,760.069475
13.957162,15,761.602642
11.98944,13,761.603061
5.9590135,7,761.603254
9.959012,11,763.0669
8.054113,9,763.09546
3.9590473,5,763.095542
8.054113,9,763.095555
6.9590125,8,763.095565
7.277194,8,763.095574
12.277194,13,763.095583
7.1976485,8,763.095592
7.9590125,9,764.723305
3.9590473,5,764.723373
7.9590125,9,764.723388
1.1240078,2,764.723398
21.959011,23,764.723408
14.277194,15,764.723418
5.123407,6,764.723428
8.959012,10,766.795739
6.2771945,7,766.795825
15.98944,17,766.795839
16.959011,18,766.795848
7.9590125,9,766.795857
3.9590473,5,766.795866
5.9590135,7,766.795875
6.9590125,8,768.345864
1.9602091,3,768.345963
3.9590473,5,768.345984
2.9592168,4,768.345998
6.9590125,8,768.346012
7.9590125,9,768.346025
5.9590135,7,769.865314
1.9602091,3,769.865407
6.9590125,8,769.865432
9.959012,11,769.865447
9.277194,10,769.865462
20.959011,22,769.865475
14.959012,16,771.562152
11.959012,13,771.562251
22.95716,24,771.562271
8.98944,10,771.562288
1.9602091,3,771.562303
9.959012,11,771.562317
3.9894397,5,773.538498
11.277194,12,773.538583
1.9602091,3,773.538599
18.959011,20,773.538612
1.9602091,3,773.538625
8.959012,10,773.538636
8.197649,9,773.538648
1.9602091,3,774.864807
19.123405,20,774.864884
15.959012,17,776.502266
1.9602091,3,776.502355
18.959011,20,776.502376
6.9590125,8,776.502392
1.9602091,3,776.502409
5.9590135,7,778.222498
24.959011,26,778.222587
3.1234238,4,778.222609
3.1976752,4,778.222626
3.1234238,4,780.205112
5.9590135,7,780.205189
1.9602091,3,780.20521
7.98944,9,780.205227
9.959012,11,780.205243
8.959012,10,780.205258
3.277229,4,780.205273
6.9590125,8,780.205287
8.959012,10,780.205303
11.959012,13,780.205318
1.278391,2,780.205332
15.959012,17,781.953437
6.1234064,7,781.953513
4.959018,6,783.396155
4.959018,6,783.396224
3.0541215,4,783.396238
1.9602091,3,783.396249
1.9602091,3,785.00624
1.9602091,3,785.006322
1.9602091,3,785.006341
7.9590125,9,785.006355
22.989439,24,785.006368
9.959012,11,785.006382
4.054115,5,787.104865
9.98944,11,787.104932
12.959012,14,787.104948
11.959012,13,787.104958
11.123406,12,787.104967
13.277194,14,788.650764
14.123406,15,788.650834
12.98944,14,788.650851
4.2772,5,790.024356
4.959018,6,790.024436
14.959012,16,790.041971
12.959012,14,790.042053
12.197648,13,791.701068
15.959012,17,791.701336
3.277229,4,791.701468
1.9602091,3,791.701589
12.959012,14,791.701707
20.959011,22,791.701828
14.959012,16,791.701987
8.959012,10,793.906722
3.9894397,5,793.906793
10.794132,12,793.906807
11.123406,12,793.906817
13.959012,15,793.906826
9.123406,10,793.906836
5.0541134,6,793.906844
8.959012,10,793.906854
4.927462,6,793.906862
3.9590473,5,793.90687
7.9590125,9,793.906879
2.7661605,4,795.518243
7.9571624,9,795.523042
7.9571624,9,795.523108
14.054113,15,795.52313
4.170562,6,797.022405
6.7611413,8,797.022486
3.9590473,5,797.022505
1.1985551,2,797.02252
8.957162,10,797.022536
14.957162,16,797.02255
0.98938525,2,798.653601
1.9602091,3,798.653674
9.959012,11,798.65369
12.959012,14,798.653704
2.9592168,4,798.653716
5.9590135,7,798.653727
9.957162,11,798.653738
2.2755582,3,798.65375
2.9592168,4,798.653761
2.1978035,3,798.653771
2.9592168,4,798.653782
6.7601776,8,800.820415
11.957162,13,800.824991
9.957162,11,800.825047
4.8552513,6,800.825066
11.959012,13,802.455222
5.922313,7,802.455305
3.9590473,5,802.455325
8.765956,10,802.455344
1.7649229,3,802.455359
16.76114,18,803.842647
6.09447,9,803.842726
12.759291,14,803.842744
2.7591155,4,803.842758
9.959012,11,803.842772
17.957163,19,803.842784
3.9989178,5,803.842796
18.275343,19,803.842809
1.9602091,3,803.842822
6.406141,8,803.842836
11.052263,12,805.349005
22.275343,23,805.349092
6.1234064,7,805.349129
6.9245577,8,805.349146
12.758299,14,807.651946
8.407984,10,807.652035
1.9602091,3,809.120102
0.98938525,2,809.120186
1.9602091,3,809.120211
6.75792,8,810.60086
5.9590135,7,810.600943
6.1234064,7,810.600961
7.9590125,9,810.600973
7.996555,9,812.355895
7.4079847,9,812.35598
6.9590125,8,812.356002
10.957162,12,812.356019
10.760148,12,814.596628
6.9590125,8,814.596713
5.9590135,7,814.596734
7.0541134,8,814.596749
8.760149,10,814.596767
1.1985551,2,816.020281
12.197648,13,816.020372
1.9602091,3,817.366795
7.9590125,9,817.366895
9.959012,11,817.370566
6.9590125,8,817.370632
10.054113,11,817.370653
1.9602091,3,817.370672
11.957167,13,817.37069
8.959012,10,817.370706
3.9590473,5,819.030499
11.277194,12,819.030754
7.9590125,9,819.030889
4.98944,6,819.031007
9.277194,10,819.031132
6.9590125,8,821.319668
15.760149,17,821.319766
12.277194,13,821.319786
10.959012,12,821.319801
11.959012,13,821.319816
9.959012,11,822.866467
3.9590473,5,822.866552
1.9602091,3,822.8955
16.959011,18,822.895581
13.275344,14,822.895596
5.9590135,7,822.895607
1.9602091,3,824.362895
13.959012,15,824.362982
2.9573765,4,824.363003
7.9590125,9,824.363021
9.957171,11,824.363037
11.959012,13,826.040788
5.9590135,7,826.040869
22.275343,23,826.040889
1.7671529,3,826.040903
8.123406,9,826.040917
11.123406,12,827.95921
11.957162,13,827.959295
18.920578,20,827.964799
1.9602091,3,827.964932
3.9590473,5,827.964955
8.959012,10,827.964972
13.957162,15,829.65036
3.9590473,5,829.650428
1.278391,2,829.650442
7.7603183,9,829.650451
5.998807,7,829.65046
5.760319,7,829.650469
6.9590125,8,831.047073
9.959012,11,831.047181
15.959012,17,831.047203
1.9602091,3,832.832191
15.957162,17,832.832278
21.758307,23,832.832302
15.959012,17,832.83232
10.054113,11,832.832337
3.9590473,5,832.832353
1.9602091,3,832.832369
0.96601653,2,832.832384
0.98938525,2,835.0386
10.85525,12,835.038696
7.9590125,9,835.038721
2.9592168,4,835.038741
6.9590125,8,836.760013
18.959011,20,836.760082
3.9590473,5,836.760098
17.760149,19,836.760109
10.957162,12,836.760121
7.4079847,9,836.760131
7.9590125,9,837.942921
7.277194,8,837.942999
24.959011,26,837.943017
6.0541134,7,837.943031
1.278391,2,839.534856
4.1976533,5,839.534933
1.278391,2,841.722377
10.959012,12,843.423
13.959012,15,843.423651
15.277194,16,843.423827
11.98944,13,843.424507
3.9590473,5,843.424661
10.959012,12,843.424796
9.959012,11,843.42595
4.959018,6,844.901983
21.959011,23,844.905438
6.0541134,7,844.905491
3.9590473,5,844.905514
5.9590135,7,844.905532
19.959011,21,844.905549
3.9590473,5,846.727916
6.9590125,8,846.728031
12.959012,14,846.728063
10.959012,12,848.807214
10.959012,12,848.807283
9.959012,11,848.807302
5.9590135,7,848.807314
2.9592168,4,848.807325
7.9590125,9,848.807335
10.054113,11,848.807345
6.9590125,8,848.807355
13.959012,15,850.514957
5.1976495,6,850.515022
1.9602091,3,850.518771
13.277194,14,850.518826
16.957167,18,850.518841
5.9590135,7,850.518854
2.9592168,4,850.518866
10.959012,12,850.518877
17.959011,19,850.518888
12.959012,14,850.5189
10.959012,12,852.067715
13.959012,15,852.067781
16.407984,18,852.067795
3.9590473,5,852.067806
12.197648,13,852.067816
1.9602091,3,853.77543
8.959012,10,853.775751
15.959012,17,853.775933
1.9602091,3,853.776103
7.9590125,9,853.77627
12.959012,14,853.776427
1.9602091,3,855.848532
4.959018,6,855.855129
20.959011,22,855.855197
1.9602091,3,855.855216
1.9602091,3,855.855231
8.957171,10,857.442763
1.9583726,3,857.442849
5.9590135,7,857.442872
4.1931405,5,857.442893
1.9583726,3,857.442912
2.7943366,4,858.817471
14.050589,15,858.817553
12.194208,13,858.817574
7.9859824,9,858.817589
3.9590473,5,858.817604
3.5988894,5,858.817618
4.9571686,6,860.564414
1.1985551,2,860.564507
23.121555,24,860.56453
5.0522633,6,860.564551
3.8554845,5,860.564567
5.9590135,7,860.564584
3.40935,5,862.958972
3.2171164,5,862.959054
2.5701838,4,862.959077
3.2171164,5,862.959094
0.96601653,2,862.959109
3.1952856,5,862.959126
1.9583726,3,864.621623
1.9583726,3,864.621695
10.957171,12,864.621711
7.760178,9,866.054571
7.9590125,9,866.054749
9.754371,11,866.054834
4.2102275,7,866.0549
3.9572065,5,866.054968
12.199398,14,867.703717
16.258707,18,867.703805
1.597429,3,867.703831
1.9602091,3,867.703853
11.957162,13,867.703871
13.758299,15,869.90654
4.959018,6,869.906609
6.7261667,8,869.906623
12.9531975,14,869.906632
3.9590473,5,869.906641
11.189172,12,869.906649
7.05015,8,871.537657
6.952923,8,871.537745
20.953197,22,871.537765
12.788727,14,871.537782
5.9571676,7,871.537796
7.7561946,9,871.53781
12.652302,14,871.537826
12.955313,14,873.098518
11.754322,13,873.098602
9.957167,11,874.617958
4.271119,5,874.618046
5.9529333,7,874.618067
4.058712,6,874.618083
22.959011,24,874.618099
20.009125,23,874.618114
1.597429,3,874.618127
16.199347,18,874.618141
3.2023098,5,877.006752
14.756191,16,877.006851
9.957163,11,877.006867
11.955049,13,878.601087
9.955057,11,878.601173
24.754066,26,878.601195
1.597429,3,878.601211
15.559435,17,878.601225
7.207992,10,878.601239
9.959012,11,879.93123
1.597429,3,879.931317
7.2053647,10,879.931341
5.725037,8,879.931361
3.197027,5,879.931377
4.806818,7,879.931392
2.4489145,4,881.598546
15.985476,17,881.598798
10.054113,11,881.598926
2.3959103,4,881.599045
19.95292,21,881.599167
6.4068556,9,883.901392
5.6079545,8,883.905802
15.561285,17,883.905846
1.6022727,3,883.905859
5.600436,8,885.666511
2.517864,4,885.666596
8.006501,11,885.666619
3.197027,5,885.666639
4.0008187,6,885.666656
9.613636,13,887.101631
7.2102275,10,888.721214
5.7224097,8,888.721467
6.4015727,9,890.837502
8.810265,12,890.837583
2.5152087,4,890.837601
3.197027,5,890.837615
5.600436,8,892.021164
11.215908,15,892.021248
12.810661,17,893.470599
2.517864,4,895.174486
4.806818,7,895.174581
15.333387,20,895.174604
10.409909,14,895.174621
10.412537,14,895.174638
8.807637,12,895.174655
12.014809,16,895.174672
6.404228,9,897.698222
15.338671,20,897.698314
10.407253,14,897.698335
0.8011364,2,899.127471
12.932635,17,899.12755
16.821625,22,899.127569
8.011364,11,899.127584
8.011364,11,899.127597
7.207992,10,900.416868
14.412933,19,900.416948
13.619316,18,902.161531
11.261419,15,902.161617
10.407253,14,902.161635
13.016271,17,904.072061
8.064394,11,904.07214
10.414772,14,904.072163
6.4015727,9,905.799141
11.215908,15,905.799237
4.0008187,6,905.799261
4.003446,6,905.799281
5.6079545,8,905.799299
8.369301,11,907.344271
5.0525584,7,907.344514
7.2102275,10,907.344649
4.5566325,6,20234.152013
5.157236,7,20234.157955
4.285017,6,20236.336042
2.403409,4,20236.336135
7.7292285,10,20236.336161
18.418613,24,20236.336182
7.370245,10,20238.052482
7.161357,9,20238.052562
5.1957994,6,20238.052582
24.392021,30,20238.052599
4.9668355,7,20238.052616
1.278391,2,20238.05263
3.9590473,5,20238.052646
14.5473795,19,20238.052661
6.0852094,8,20238.052676
16.182741,21,20238.052691
20.827305,27,20238.052705
13.176118,17,20239.84258
19.21975,25,20239.84267
5.477081,7,20239.842694
6.997103,9,20239.842714
13.125396,18,20239.84273
1.9602091,3,20241.717463
14.413584,18,20241.717543
11.968176,15,20241.717562
9.599248,12,20241.717576
3.7603533,5,20241.717591
15.772534,20,20241.717605
1.9602091,3,20244.431649
1.9894304,3,20244.43175
1.9602091,3,20244.431773
4.7579536,6,20244.431791
18.377264,23,20244.431809
5.56132,7,20244.431827
8.765865,11,20244.431844
1.9602091,3,20244.431861
15.817074,19,20246.020698
6.5868554,8,20246.020803
17.777199,22,20246.020825
12.968147,16,20246.020844
1.9894304,3,20246.020862
6.5917125,8,20246.020879
23.39783,30,20247.63875
17.771513,21,20247.638846
1.1985551,2,20247.638867
12.564732,15,20249.279766
7.760149,9,20249.279864
18.866508,24,20249.279896
0.96601653,2,20249.27992
5.9590135,7,20249.279942
11.765831,14,20249.279963
3.9590473,5,20251.614031
3.9590473,5,20251.614124
9.651529,11,20251.614146
0.96601653,2,20251.614164
20.383932,26,20251.614181
3.9590473,5,20253.342788
1.278391,2,20253.342893
7.277194,8,20253.342917
5.98944,7,20255.075628
8.277194,9,20255.075889
18.026386,22,20255.076009
2.123509,3,20255.076117
3.9590473,5,20255.076221
13.399959,15,20255.076326
5.9590135,7,20257.016452
26.455597,30,20257.016527
6.9590125,8,20257.016542
9.959012,11,20259.925669
7.277194,8,20259.92577
3.9590473,5,20259.925791
1.9602091,3,20259.925811
12.123406,13,20262.028646
2.9592168,4,20262.028747
12.959012,14,20262.034196
6.9590125,8,20262.034219
15.959012,17,20262.034236
10.959012,12,20262.034253
3.9590473,5,20262.034269
19.363241,22,20262.034285
15.55905,17,20263.604137
5.9590135,7,20263.604239
2.9592168,4,20263.604261
8.959012,10,20263.60428
25.490868,29,20263.604297
10.98944,12,20263.604315
13.277194,14,20263.60433
1.9602091,3,20265.160633
1.1985551,2,20265.160939
11.959012,13,20265.161186
12.054113,13,20265.16131
7.9590125,9,20265.161433
1.9602091,3,20265.161551
13.277194,14,20268.017111
11.959012,13,20268.01719
4.959018,6,20268.017206
3.9590473,5,20268.017218
13.98944,15,20268.017229
6.9590125,8,20268.017239
0.96601653,2,20268.017248
15.197648,16,20269.902861
8.959012,10,20269.903046
11.959012,13,20269.903108
8.277194,9,20269.903123
11.197648,12,20269.903134
16.123405,17,20271.754374
4.1234093,5,20271.754468
6.9590125,8,20271.754485
4.1976533,5,20271.754501
13.959012,15,20273.083847
13.98944,15,20273.090413
7.9590125,9,20273.090483
9.959012,11,20273.090503
4.959018,6,20273.09052
14.959012,16,20273.090536
2.2773986,3,20273.090553
2.2773986,3,20273.090569
12.959012,14,20273.090585
5.9590135,7,20275.742342
10.959012,12,20275.742439
9.123406,10,20275.742459
4.959018,6,20275.742474
4.959018,6,20277.453892
12.959012,14,20277.45403
6.9590125,8,20277.454053
10.277194,11,20277.454071
6.0541134,7,20277.454088
8.959012,10,20277.454105
3.9590473,5,20277.454121
0.96601653,2,20277.454136
3.9590473,5,20279.17714
2.123509,3,20279.177232
7.0541134,8,20279.177257
2.1978035,3,20279.177275
5.0541134,6,20279.17729
5.9590135,7,20280.52169
1.9602091,3,20280.521804
8.123406,9,20282.666508
1.1985551,2,20282.666598
9.959012,11,20282.666617
5.9590135,7,20282.666632
10.959012,12,20282.666646
7.9590125,9,20282.66666
1.9602091,3,20282.666675
4.959018,6,20282.666688
7.9590125,9,20284.607924
18.989439,20,20284.608038
4.959018,6,20284.608063
4.959018,6,20284.608082
1.9602091,3,20286.105261
0.96601653,2,20286.105359
11.197648,12,20286.105384
4.1976533,5,20286.105403
3.9590473,5,20286.105419
10.959012,12,20286.105435
6.98944,8,20286.105452
10.959012,12,20287.827704
6.9590125,8,20287.827794
8.98944,10,20290.472399
1.9602091,3,20290.472496
5.9590135,7,20290.472516
5.98944,7,20290.472532
3.9590473,5,20290.472546
10.959012,12,20292.264688
3.9590473,5,20292.264927
6.9590125,8,20292.265043
10.959012,12,20292.265141
5.9590135,7,20292.265237
11.959012,13,20292.265338
3.9590473,5,20292.265442
6.9590125,8,20294.105181
8.197649,9,20294.105268
8.959012,10,20294.105288
3.9590473,5,20294.105303
5.123407,6,20295.419902
5.9590135,7,20295.419992
18.959011,20,20295.420013
17.959011,19,20295.420033
1.9602091,3,20295.42005
3.1234238,4,20295.420066
17.959011,19,20298.244337
10.959012,12,20298.244578
16.959011,18,20298.244698
1.9602091,3,20298.244808
13.197648,14,20298.244915
25.277193,26,20298.245023
15.959012,17,20298.24513
3.9590473,5,20298.245237
5.9590135,7,20300.046505
10.987567,12,20300.046621
3.9590473,5,20300.046642
12.98944,14,20300.046659
3.9590473,5,20300.046674
0.96601653,2,20300.046687
22.959011,24,20300.046703
9.197648,10,20301.746417
6.9590125,8,20301.746522
3.9590473,5,20301.746547
8.959012,10,20301.746564
10.959012,12,20301.746581
13.959012,15,20301.746598
7.9590125,9,20303.117271
1.9602091,3,20303.117383
16.959011,18,20303.117406
3.9590473,5,20305.759849
4.959018,6,20305.759959
2.9592168,4,20305.759979
19.95716,21,20305.759995
9.959012,11,20305.76001
1.9602091,3,20305.760024
16.959011,18,20307.534103
9.959012,11,20307.534191
6.957172,8,20307.534215
3.9590473,5,20307.534233
5.9590135,7,20307.534249
11.054113,12,20309.264373
2.9552715,4,20309.264478
9.959012,11,20310.634974
2.398546,4,20310.635071
6.957172,8,20310.635092
0.96601653,2,20310.635109
5.955049,7,20310.635125
8.27323,9,20310.635139
12.957162,14,20313.380308
6.987594,8,20313.380388
4.959018,6,20313.380403
5.957164,7,20313.380415
10.052263,11,20313.380426
1.597429,3,20313.380438
16.955057,18,20313.380449
4.9571724,6,20313.380461
6.2771945,7,20313.380471
10.959012,12,20315.308393
3.9572065,5,20315.308501
6.9590125,8,20315.308517
13.957162,15,20315.308529
8.011364,11,20315.308541
2.2773986,3,20317.131896
4.959018,6,20317.131981
12.959012,14,20317.131998
9.955048,11,20317.132013
7.207992,10,20317.132024
4.959018,6,20317.132035
17.95716,19,20318.65905
9.195798,10,20318.659145
7.1234064,8,20318.659166
10.277194,11,20318.659181
4.806818,7,20321.282842
2.398546,4,20321.282942
1.6000372,3,20323.126935
9.959012,11,20323.127033
23.955048,25,20323.127057
3.2045453,5,20323.127076
19.95292,21,20323.127093
15.197648,16,20323.12711
5.9590135,7,20324.900046
11.197648,12,20324.900139
9.864659,13,20324.900158
3.2045453,5,20324.900173
7.9590125,9,20326.604844
9.054113,10,20326.604958
9.606767,12,20326.604984
5.6588526,8,20326.605006
6.409091,9,20329.032004
1.9875622,3,20329.032093
4.760184,6,20329.032111
6.1234064,7,20329.032125
6.4068556,9,20329.032139
5.56132,7,20329.032152
9.987591,11,20330.909994
6.409091,9,20330.910072
7.9590125,9,20330.910089
8.126856,10,20332.697556
18.95716,20,20334.102861
11.566968,14,20334.102973
8.277194,9,20334.102993
4.0056815,6,20336.770282
20.197647,21,20336.770372
22.959011,24,20338.412583
12.815945,17,20338.412654
9.606117,13,20338.412669
3.3238635,5,20338.41268
12.959012,14,20339.939233
7.2102275,10,20341.232145
6.409091,9,20341.232227
18.959011,20,20343.420698
16.82386,22,20343.420793
12.81818,17,20343.420819
11.213673,15,20345.251763
9.613636,13,20347.117268
12.017044,16,20347.117362
9.613636,13,20348.688392
14.959012,16,20348.688489
3.2045453,5,20351.141951
8.8125,12,20351.142253
2.403409,4,20351.142395
12.017044,16,20351.142526
11.21369,15,20352.844247
3.2023268,5,20352.844359
4.0056815,6,20352.844388
3.2023098,5,20354.798935
24.034084,30,20354.800638
24.031849,30,20356.44752
14.471247,19,20356.447606
1.6022727,3,20356.44763
9.666666,13,20356.447649
20.989439,22,20356.447666
20.959011,22,20359.193838
18.416378,24,20359.193972
11.215908,15,20359.194
4.0056815,6,20359.194019
3.2023098,5,20359.194036
1.7291999,3,20359.194052
19.215685,25,20360.907466
22.79228,24,20360.907561
6.409091,9,20360.907582
13.619316,18,20362.325046
1.9583726,3,20362.325986
24.02438,30,20362.326014
9.613636,13,20362.32603
4.8027525,7,20362.32605
4.001616,6,20362.326064
9.969737,13,20362.326078
15.777397,20,20363.938649
16.09541,20,20363.93874
2.957371,4,20363.938766
1.597429,3,20363.938786
11.213673,15,20363.938805
13.614473,18,20363.938822
2.4011736,4,20366.351989
3.2045453,5,20366.352116
19.517178,26,20368.164894
14.59912,18,20368.164984
6.397523,9,20368.165003
19.37328,24,20368.165019
1.6000372,3,20368.165033
2.3959103,4,20369.743301
1.9583726,3,20369.743397
6.9925876,8,20369.743421
2.7613456,4,20369.743438
3.2000465,5,20370.984999
23.186316,29,20373.717438
2.398546,4,20375.516058
14.41598,19,20375.516159
1.597429,3,20375.51618
20.17309,25,20375.516196
16.964296,20,20375.516211
24.025145,30,20375.516227
6.402801,9,20377.14103
3.2045453,5,20377.141131
5.952933,7,20377.141151
3.1996822,5,20377.141166
21.91359,29,20377.141181
24.02964,30,20378.942781
4.7992997,7,20381.438966
22.834225,30,20383.342389
6.8788276,9,20383.342484
22.712492,30,20383.342506
2.3959103,4,20385.186926
2.403409,4,20385.187023
7.181907,11,20385.187047
22.244314,30,20385.187065
3.2045453,5,20385.187082
2.4489145,4,20385.1871
8.002029,11,20385.187116
23.515862,30,20385.187133
5.600436,8,20385.187149
3.197027,5,20387.01396
12.487983,16,20387.014205
24.387941,30,20387.014326
6.528409,9,20389.323264
5.877237,7,20389.323546
22.722916,30,20391.171126
1.597429,3,20391.184081
21.88636,30,20391.184161
5.2020016,7,20391.184181
1.7649229,3,20391.184198
16.378426,21,20393.038719
6.4068556,9,20393.038802
9.165574,12,20393.03882
7.7611723,10,20393.038836
13.969735,18,20393.038849
6.764792,9,20393.038862
22.44215,30,20393.038874
3.1976752,4,20394.974585
1.0543947,2,20394.974671
23.117125,30,20394.974696
15.765826,20,20394.974717
10.968346,14,20394.974735
1.9602091,3,20397.455245
5.0761065,6,20397.455339
4.7579536,6,20397.455364
17.877232,19,20397.45538
12.980825,17,20397.455396
8.7583475,11,20397.455411
1.9602091,3,20397.455426
6.1615267,8,20399.210366
14.501057,20,20399.210569
15.302193,21,20399.210647
11.769482,15,20399.210717
6.195799,7,20402.817567
14.976261,19,20402.817648
6.7659564,8,20402.817665
17.251816,25,20402.817677
18.976057,23,20402.817688
3.9988117,5,20402.817699
7.765956,9,20402.817711
16.57258,21,20402.817722
4.9571686,6,20405.460178
15.22731,22,20405.460279
9.275344,10,20405.460301
21.136467,30,20405.460318
8.07836,9,20407.223693
4.0783653,5,20407.223794
9.765837,12,20407.223816
7.9590125,9,20409.105117
4.924546,6,20409.105217
1.9602091,3,20409.105242
14.765831,17,20409.105263
22.557844,30,20409.105281
11.9655485,15,20409.105299
6.7601776,8,20409.105316
10.758314,13,20409.105334
5.9590135,7,20409.105351
2.403409,4,20410.476734
5.75397,7,20410.476815
13.360186,15,20410.476831
6.9590125,8,20410.476846
22.758928,30,20410.47686
21.288559,24,20410.476874
3.557625,5,20413.053646
7.9590125,9,20413.053741
2.9592168,4,20413.053762
1.0543947,2,20413.053777
8.1194515,9,20413.053791
10.0487385,11,20413.053806
10.121555,11,20414.547902
9.786496,11,20414.548018
3.9590473,5,20414.548042
7.849495,9,20414.548059
12.981479,14,20414.548075
6.9590125,8,20414.548091
10.04814,11,20414.548106
1.9602091,3,20416.35025
14.72568,16,20416.350345
23.832792,30,20416.350364
2.982558,4,20416.35038
3.9571974,5,20416.350393
2.9552715,4,20416.350406
14.757918,16,20416.350418
1.1240078,2,20416.350431
14.654157,16,20416.350444
9.959012,11,20418.127159
22.788937,30,20420.723823
10.407984,12,20420.723939
1.9602091,3,20420.723963
1.9602091,3,20420.723988
4.9571776,6,20422.528591
7.98335,9,20422.528688
2.403409,4,20422.528711
3.9572065,5,20422.528729
5.277195,6,20422.528747
6.957172,8,20422.528762
11.401902,13,20422.528777
1.9583726,3,20422.528792
3.9572065,5,20422.528808
7.9590125,9,20422.528823
2.9573765,4,20422.528839
6.197649,7,20422.528854
13.957171,15,20422.528871
12.197648,13,20424.466373
3.3238635,5,20424.46648
11.955309,13,20424.4665
4.9550643,6,20424.466512
14.957167,16,20426.065375
7.955057,9,20426.065483
10.957162,12,20426.065506
8.756061,10,20426.065524
2.9592168,4,20428.549566
5.9590135,7,20428.549653
8.959012,10,20428.549673
6.9590125,8,20428.54969
1.9602091,3,20428.549707
11.955048,13,20428.549723
2.3959103,4,20428.549739
1.9602091,3,20428.549754
4.959018,6,20428.54977
1.9583726,3,20428.549784
4.0008187,6,20428.5498
5.955058,7,20430.437162
2.9573765,4,20430.437242
5.9571724,7,20430.437261
12.957162,14,20430.437275
9.959012,11,20430.437289
13.123406,14,20430.437302
2.4011736,4,20432.331108
3.2045453,5,20432.331185
3.1996822,5,20432.331204
3.2023098,5,20432.331218
6.9571624,8,20432.331231
10.955048,12,20432.331243
5.048008,6,20434.303294
1.597429,3,20434.303384
9.957162,11,20434.303408
3.987594,5,20434.303427
2.403409,4,20434.303444
11.957162,13,20434.303461
3.197027,5,20434.303477
1.7140921,3,20436.600194
2.398546,4,20436.600309
17.95531,19,20436.600333
1.597429,3,20436.600351
2.4515762,4,20436.600368
5.95505,7,20436.600387
1.6000372,3,20438.533722
3.2045453,5,20438.533839
1.597429,3,20438.533863
2.3959103,4,20438.533881
7.9590125,9,20438.533898
4.8045826,7,20440.163887
11.211045,15,20440.163976
3.9981632,6,20440.164004
3.2045453,5,20440.164024
1.597429,3,20442.020251
10.955312,12,20442.020361
4.801955,7,20442.020389
2.398546,4,20444.709821
3.3194096,5,20444.709938
3.1996822,5,20444.70996
16.048298,17,20444.70998
3.197493,5,20446.514262
4.7997365,7,20446.514342
3.2023268,5,20446.514374
16.93566,22,20446.514388
3.1952856,5,20447.86768
8.00652,11,20447.86778
1.597429,3,20447.867801
12.014809,16,20447.867818
3.2023098,5,20447.867832
3.1974957,5,20447.867847
5.598202,8,20452.253478
8.804981,12,20452.253559
4.001601,6,20452.253579
12.014826,16,20454.057419
8.115647,11,20454.057508
10.4024105,14,20455.555049
13.614473,18,20455.55515
15.216745,20,20455.555169
12.012201,16,20455.555186
11.206154,15,20457.06997
9.608772,13,20457.070061
3.1996822,5,20457.070081
12.009546,16,20457.070095
10.402411,14,20457.070108
8.80015,12,20459.854459
6.4068556,9,20459.854549
4.8045826,7,20459.85457
2.398546,4,20459.854585
11.200872,15,20459.8546
7.2102275,10,20459.854614
9.606117,13,20459.854629
2.3959103,4,20461.691115
18.46941,24,20461.691216
8.803165,12,20463.302443
11.20839,15,20463.302539
2.398546,4,20463.302558
9.606117,13,20467.298228
8.011364,11,20467.298325
8.810265,12,20467.298349
29.95107,30,20469.099997
4.921273,7,20469.10009
15.267101,20,20470.625949
5.605719,8,20470.626032
8.810265,12,20470.62605
4.0008187,6,20470.626065
20.020887,26,20472.55516
12.81818,17,20472.55525
13.611797,18,20472.555273
3.2045453,5,20472.555292
13.611797,18,20472.555309
9.606117,13,20472.555325
18.411097,24,20474.82252
24.019049,30,20474.822605
12.813317,17,20476.590082
9.608773,13,20476.59018
21.62316,28,20476.593978
3.197027,5,20477.945869
17.615242,23,20477.945979
18.418613,24,20479.66042
24.024332,30,20479.660527
8.009129,11,20479.660552
2.403409,4,20479.660573
20.814505,27,20479.660591
5.6030917,8,20482.455416
0.91561085,2,20482.455518
13.611797,18,20482.455549
8.810265,12,20482.45557
9.666666,13,20482.455587
9.659147,13,20484.201359
6.4068556,9,20484.201431
1.597429,3,20485.40899
8.810265,12,20485.409082
0.91561085,2,20487.244131
16.816341,22,20487.244223
6.404228,9,20489.708128
12.017044,16,20489.708223
18.42127,24,20489.70825
6.4015727,9,20489.708271
10.414772,14,20489.708289
13.614453,18,20491.671135
8.009129,11,20491.671223
12.866347,17,20491.671242
6.5208907,9,20491.671258
9.611401,13,20491.671274
24.034084,30,20491.671288
15.219353,20,20492.821154
5.719754,8,20492.821244
8.810265,12,20492.821265
8.807637,12,20494.663539
15.216725,20,20494.663652
15.219353,20,20494.663676
2.3959103,4,20494.663695
11.211045,15,20497.234973
9.613636,13,20497.235078
1.597429,3,20497.235102
17.624996,23,20497.235119
5.6030917,8,20497.235137
9.606117,13,20498.797889
4.0056815,6,20500.319502
24.031849,30,20500.319589
7.2053647,10,20502.222043
8.059531,11,20502.222272
1.597429,3,20502.222334
24.034084,30,20502.222351
24.198965,30,20504.903384
2.5281007,4,20504.903527
13.895996,18,20504.909528
11.495244,15,20504.909602
24.198965,30,20504.909622
3.2603061,5,20504.90964
4.7992997,7,20504.909658
5.6030917,8,20504.909674
18.586151,24,20506.830395
20.185766,26,20506.830481
10.603022,14,20506.830499
22.591831,29,20506.830513
2.9224153,4,20508.038898
10.931147,14,20508.038977
11.568983,15,20508.038997
4.39284,6,20508.039013
11.57161,15,20508.039028
3.557625,5,20508.039042
7.563301,10,20508.039056
1.9602091,3,20508.03907
11.089899,14,20508.039084
5.320536,7,20508.039099
8.367065,11,20508.039114
7.9996305,10,20509.923041
1.1985551,2,20509.923107
16.576298,21,20509.926563
2.123509,3,20509.926662
2.9592168,4,20509.92669
9.564766,12,20512.755011
11.1617565,14,20512.755099
9.592531,12,20512.755118
1.278391,2,20512.755135
16.94159,21,20512.755149
7.161357,9,20512.755162
7.354915,9,20514.591173
12.169246,15,20514.591269
4.1234093,5,20514.591293
1.9602091,3,20514.591313
3.9894397,5,20514.591331
3.9590473,5,20514.591348
9.957177,12,20516.043725
8.360187,10,20516.043825
25.38291,30,20516.043849
1.9602091,3,20517.747418
25.57649,30,20517.747508
3.9590473,5,20517.747526
19.170057,23,20520.487704
8.996554,10,20520.487792
12.765831,15,20520.487815
1.9602091,3,20520.487834
6.9590125,8,20520.48785
12.959831,15,20522.187341
5.9590135,7,20522.187456
5.9590135,7,20522.187484
6.9590125,8,20522.187507
2.9592168,4,20523.723957
19.595558,23,20523.724098
13.399959,15,20523.724125
14.760968,17,20523.724146
6.0541134,7,20525.556051
10.123406,11,20525.556253
6.9590125,8,20528.472147
9.123406,10,20528.472232
16.853413,19,20528.472252
6.0541134,7,20528.472266
8.959012,10,20528.47228
7.9590125,9,20528.472293
5.123407,6,20528.472306
6.1234064,7,20528.472321
8.123406,9,20528.472334
7.9590125,9,20530.1868
1.9602091,3,20530.186888
24.172686,28,20530.186911
16.964693,19,20530.186928
6.1234064,7,20532.048529
13.98759,15,20532.048621
10.959012,12,20532.048641
9.959012,11,20532.048658
7.9590125,9,20532.048674
3.9590473,5,20532.04869
10.277194,11,20533.751523
3.9590473,5,20533.751623
4.959018,6,20533.757178
1.9602091,3,20533.757261
8.959012,10,20536.541175
15.959012,17,20536.541271
4.1976533,5,20536.54129
12.959012,14,20536.541307
3.9590473,5,20537.959655
5.9590135,7,20537.959745
13.277194,14,20537.959763
8.054113,9,20537.959779
16.277193,17,20537.959794
5.123407,6,20539.737137
14.123406,15,20539.737415
27.769672,30,20539.737542
4.959018,6,20539.737657
14.98944,16,20539.737769
15.6551485,17,20539.737785
1.9602091,3,20539.737799
9.959012,11,20539.737814
5.98944,7,20541.540349
16.959011,18,20541.540432
8.47595,10,20541.540452
3.9590473,5,20541.540468
7.047725,8,20543.901978
3.1976752,4,20543.902082
19.95717,21,20545.292474
11.794132,13,20545.292567
10.794132,12,20545.292593
16.123405,17,20545.292612
8.959012,10,20547.226465
4.959018,6,20547.226548
13.601076,15,20547.22657
3.9590473,5,20551.54548
18.054111,19,20551.545589
14.98944,16,20551.54561
2.7943366,4,20553.066009
11.959012,13,20554.846961
12.197648,13,20554.847055
8.760154,10,20554.847078
13.959012,15,20554.847095
21.959011,23,20559.10417
17.806818,20,20559.104277
14.76015,16,20559.104304
12.959012,14,20560.526277
25.959011,27,20560.526354
11.98944,13,20564.332103
9.85326,11,20567.292984
13.419256,18,20567.293098
14.959012,16,20568.997413
15.959012,17,20568.997509
24.066856,30,20577.817972
13.215907,17,20577.818081
23.67593,30,20581.976021
20.959011,22,20581.976114
8.128446,11,20581.976139
14.749872,22,20581.976158
16.430698,24,20583.184258
23.020506,28,20583.184361
21.521437,30,20584.897601
8.011364,11,20584.897659
6.409091,9,20584.897676
21.203424,30,20586.830477
1.9200126,3,20586.830563
1.8555311,3,20586.830581
18.409088,28,20586.830594
22.157766,30,20589.400073
21.839588,30,20589.400163
21.203424,30,20589.400183
2.3974714,4,20589.400197
22.157766,30,20589.400212
11.7874775,18,20589.400226
11.398433,17,20590.662369
18.723969,28,20590.662446
16.795326,25,20590.662465
21.839588,30,20590.662478
5.6079545,8,20592.438679
1.6000372,3,20592.438761
21.203424,30,20594.190186
21.203424,30,20594.19027
20.886234,30,20596.702906
22.157766,30,20596.703002
21.320263,30,20596.703025
20.886234,30,20596.703044
20.886234,30,20596.703061
5.7213864,7,20596.703077
22.28289,30,20598.25847
22.753147,30,20598.261936
20.454542,30,20598.261964
3.2023098,5,20598.261979
3.1960104,5,20598.261992
18.612421,22,20600.062436
16.59308,24,20600.062512
20.413557,24,20600.062531
20.454542,30,20600.062544
6.400175,9,20601.863035
1.6000372,3,20601.863109
2.3959103,4,20601.863124
20.454542,30,20601.863135
7.360192,9,20601.863146
6.692007,10,20601.863155
2.3959103,4,20604.253978
20.454542,30,20604.254076
20.886234,30,20604.254104
20.886234,30,20604.254124
19.169239,22,20607.851464
20.454542,30,20607.851552
16.939098,22,20607.851577
20.454542,30,20607.851595
20.57386,30,20607.851613
3.197027,5,20607.851629
1.597429,3,20607.851645
7.2053647,10,20607.85166
2.3959103,4,20607.851676
3.2527125,5,20607.851691
7.9590125,9,20607.851707
2.4515762,4,20609.678364
20.57386,30,20609.67846
10.879467,12,20609.678486
20.454542,30,20612.039014
2.398546,4,20612.039108
17.62276,23,20612.039126
5.6079545,8,20612.039143
4.801955,7,20613.649442
2.398546,4,20615.344177
8.810265,12,20615.344268
22.000835,30,20615.344297
6.404228,9,20615.344316
3.1996822,5,20617.149395
5.600436,8,20617.149672
20.454542,30,20617.154071
9.606117,13,20617.154162
3.2023098,5,20619.532039
4.0056815,6,20619.532144
12.134127,16,20621.217111
10.412537,14,20621.217173
8.009129,11,20623.154259
16.821625,22,20623.154339
6.409091,9,20625.020395
16.13718,21,20625.020485
14.415589,19,20625.020507
8.011364,11,20625.020524
2.398546,4,20625.020539
9.608773,13,20625.020553
7.2102275,10,20627.419381
3.2045453,5,20627.419473
4.0056815,6,20627.419496
6.4015727,9,20628.97316
8.003845,11,20628.973244
8.003845,11,20628.973263
12.012181,16,20628.973276
4.003446,6,20630.830054
12.070074,16,20632.668547
15.219353,20,20635.598798
12.81818,17,20635.598886
20.807653,30,20635.598909
11.264075,15,20636.844539
8.006501,11,20636.844624
4.0056815,6,20636.844648
4.003446,6,20638.661758
9.606117,13,20638.661839
1.597429,3,20638.661855
5.6079545,8,20640.526132
12.017044,16,20640.526224
9.740563,13,20643.402142
18.426132,24,20643.402245
13.617081,18,20643.402267
2.4516358,4,20643.402284
2.6041274,4,20643.4023
0.9258228,2,20643.402316
6.464852,9,20643.402331
13.672842,18,20643.402346
24.38573,30,20644.662284
13.784197,18,20644.662378
7.370245,10,20644.662397
8.326717,11,20644.662414
21.791477,28,20644.66243
1.9602091,3,20644.662445
10.57479,14,20644.66246
19.619825,25,20644.662475
1.0543947,2,20644.66249
6.5739713,9,20644.662505
24.38716,30,20644.662519
12.374982,16,20646.47099
21.248968,30,20646.4711
21.24675,30,20646.478283
18.947369,24,20646.478606
21.28179,30,20648.146971
20.584213,26,20648.147053
14.968742,19,20648.147077
7.758517,10,20648.147095
14.971398,19,20648.147111
1.9602091,3,20648.147127
8.76363,11,20650.467294
2.9573765,4,20650.467366
12.797077,16,20650.467381
11.963708,15,20650.467393
9.562925,12,20650.467404
2.957371,4,20651.898527
11.601878,14,20651.898614
20.178371,25,20651.898631
1.278391,2,20653.496936
3.9590473,5,20653.497023
21.493917,26,20653.497042
2.2773986,3,20653.497056
1.9602091,3,20653.49707
7.651529,9,20653.497086
1.9602091,3,20655.101108
20.57833,25,20655.101198
4.959018,6,20655.101219
5.0541134,6,20655.101232
5.760319,7,20655.101244
4.959018,6,20655.101255
19.974207,24,20657.542814
7.9590125,9,20657.546186
5.9590135,7,20657.546342
9.559436,11,20657.546364
0.96601653,2,20657.546381
6.98944,8,20657.546398
4.959018,6,20658.81737
5.9590135,7,20658.817452
3.0541215,4,20658.817472
10.55905,12,20658.817489
1.9602091,3,20660.40979
13.765831,16,20660.409875
1.1985551,2,20660.409898
14.756462,17,20660.40996
4.1976533,5,20660.409977
18.206778,21,20660.409994
16.368103,19,20660.410012
11.757918,13,20662.017159
9.197648,10,20662.017239
21.37155,25,20662.017262
8.959012,10,20662.017282
6.9590125,8,20662.017299
3.1976752,4,20662.017316
2.9592168,4,20664.485827
16.589876,19,20664.485944
1.1240078,2,20664.485965
20.164377,23,20665.572316
3.9590473,5,20665.572392
2.9592168,4,20665.572412
1.9875622,3,20667.30724
12.959012,14,20667.307319
3.9590473,5,20667.307336
1.9602091,3,20667.307347
11.760149,13,20667.307359
4.794138,6,20667.307371
5.9590135,7,20667.307382
10.957162,12,20669.042557
3.2753832,4,20669.042636
8.197649,9,20669.042653
11.959012,13,20669.042668
13.760148,15,20669.042681
9.959012,11,20669.042695
13.790568,15,20671.473315
0.96601653,2,20671.473397
12.760149,14,20671.473422
8.959012,10,20671.473439
17.995115,20,20671.473456
0.98938525,2,20671.473473
6.197649,7,20672.804991
15.959012,17,20672.805079
9.054113,10,20674.424595
10.197648,11,20674.424671
6.7601776,8,20674.424687
16.987589,18,20674.424701
12.760178,14,20674.424713
2.9592168,4,20674.424725
8.760154,10,20676.11697
7.9590125,9,20676.11704
9.760154,11,20676.117055
3.9590473,5,20678.507661
7.9590125,9,20678.507754
12.76015,14,20678.507771
5.9590135,7,20678.507782
9.959012,11,20678.507792
12.959012,14,20678.507802
6.5680556,10,20692.441494
7.567063,11,20692.441764
6.5680556,10,20692.44188
15.248676,19,20693.598621
9.334046,13,20693.602083
15.248676,19,20693.602121
26.38287,30,20696.942708
21.894339,26,20699.430289
23.379465,28,20699.430375
13.294131,18,20699.430414
15.379465,20,20699.430433
25.974096,30,20699.430449
14.928322,19,20699.430464
10.493181,15,20699.430478
25.657766,30,20700.62798
22.975948,28,20700.62806
1.597429,3,20702.391193
21.657766,27,20702.391274
10.869166,16,20704.079747
18.780447,24,20704.079838
2.398546,4,20706.332098
24.97551,30,20707.75319
15.777895,22,20713.540852
23.430492,30,20713.540946
3.9981632,6,20715.032661
23.11231,30,20715.032742
18.197681,26,20716.704814
22.79188,30,20716.704906
5.997855,8,20716.704926
22.595266,30,20716.704942
22.475946,30,20718.454988
22.157766,30,20720.846728
22.594086,30,20720.846814
8.806184,12,20720.846828
22.157766,30,20720.84684
8.860667,12,20720.84685
22.15193,30,20721.999943
22.03622,30,20722.000032
21.839588,30,20722.000054
9.559484,12,20722.00007
22.243038,30,20722.000085
22.480532,30,20722.000099
1.597429,3,20722.000115
22.19636,30,20723.69991
10.529227,14,20723.700012
21.521437,30,20723.700039
22.19636,30,20723.700057
21.521437,30,20723.700074
1.597429,3,20727.86351
21.99864,30,20727.863578
20.886234,30,20727.863594
21.085081,30,20727.863605
20.602156,28,20727.863615
21.601883,30,20729.05698
20.454542,30,20729.057057
1.597429,3,20729.06003
20.454542,30,20730.858414
23.005564,30,20730.858503
7.2008934,10,20730.858524
20.454542,30,20730.858543
20.539854,30,20730.858559
3.197027,5,20730.858574
20.454542,30,20730.85859
3.9981632,6,20732.527775
4.801955,7,20732.527869
7.2102275,10,20732.527891
1.6471453,3,20732.527909
13.619316,18,20735.226955
7.207992,10,20735.227028
15.215272,20,20735.227042
2.398546,4,20736.520507
12.810661,17,20736.520615
3.2023098,5,20736.520636
1.7215909,3,20738.065235
8.810265,12,20738.065327
3.2023098,5,20739.737899
4.801955,7,20739.738024
2.4011736,4,20742.199331
8.807637,12,20742.199435
10.412537,14,20742.199462
4.806818,7,20743.445457
8.810265,12,20745.162478
20.57386,30,20745.162543
20.571642,30,20745.162556
2.403409,4,20745.162566
20.57386,30,20745.162575
20.454542,30,20746.782861
20.454542,30,20746.782979
5.6079545,8,20746.783004
20.454542,30,20746.783023
14.537535,19,20746.783041
12.815945,17,20748.99907
3.2045453,5,20748.999154
8.8125,12,20748.999175
13.619316,18,20752.542689
4.8598485,7,20752.542793
5.605719,8,20752.542819
20.57386,30,20752.542837
21.40157,30,20752.542856
9.664431,13,20754.231486
9.666666,13,20754.231763
12.810661,17,20754.231888
21.282251,30,20754.232003
14.420452,19,20757.598924
21.04627,30,20757.599047
18.426132,24,20757.605965
16.020489,21,20757.606022
12.014809,16,20759.305224
9.661803,13,20759.305466
16.134523,21,20759.305579
10.412537,14,20760.919845
4.806818,7,20760.919949
20.812496,30,20760.919978
17.624996,23,20760.920002
14.415589,19,20764.430644
9.613636,13,20764.430724
6.409091,9,20764.430748
19.227268,25,20766.072525
12.978198,17,20766.072612
13.942188,18,20766.072631
9.209919,12,20766.072645
19.280298,25,20766.072663
8.810265,12,20767.641302
4.4575706,6,20767.641395
11.215908,15,20767.641418
7.2102275,10,20770.078067
0.92045456,2,20770.078158
4.8045826,7,20771.422176
7.3273096,10,20771.422266
16.82386,22,20771.422298
6.409091,9,20773.1511
8.9647,11,20773.151193
6.76015,8,20774.820818
25.38291,30,20774.821086
21.62844,28,20777.137539
10.964694,13,20777.13763
6.409091,9,20777.137652
23.228477,30,20777.13767
15.16924,18,20778.74643
4.806818,7,20778.746512
14.420452,19,20778.746532
7.207992,10,20778.746546
15.338671,20,20780.544274
8.8125,12,20780.544368
15.219353,20,20780.54439
12.014808,16,20780.544406
12.017044,16,20780.544421
24.034084,30,20782.205574
24.029613,30,20782.205646
13.964694,16,20782.205659
6.409091,9,20784.438982
24.026987,30,20784.43907
18.203222,21,20786.110011
3.0852273,5,20786.110091
22.475431,30,20786.110108
12.988634,19,20786.11012
2.3985653,4,20787.847516
22.35877,30,20787.847598
4.003446,6,20789.530444
9.9375,14,20791.649789
4.4466453,7,20791.649966
11.420454,16,20793.321854
23.437494,30,20795.203195
21.621344,28,20795.20328
21.764807,30,20796.832029
21.528406,30,20800.616881
23.549713,30,20800.616978
21.528406,30,20800.617004
21.17045,30,20805.965573
22.597406,30,20810.750062
22.124996,30,20810.750156
22.23986,30,20812.720192
20.57386,30,20814.453745
21.647724,30,20817.424668
21.647724,30,20817.424758
21.528406,30,20819.768317
21.528406,30,20819.7684
20.931814,30,20821.431195
21.409088,30,20821.431289
20.812496,30,20823.129038
20.812496,30,20823.129136
21.28755,30,20824.524277
21.17045,30,20824.524554
21.17045,30,20824.524692
20.57386,30,20826.852245
20.57386,30,20826.852328
21.165607,30,20828.475659
20.931814,30,20828.477124
20.812496,30,20830.05625
20.812496,30,20830.056331
20.454542,30,20830.05635
20.454542,30,20831.640344
20.693178,30,20831.640431
20.57386,30,20833.670956
20.57386,30,20833.671043
20.454542,30,20833.671071
20.57386,30,20833.671089
4.001228,6,20835.436749
20.454542,30,20835.437006
20.454542,30,20835.437134
20.454542,30,20835.437248
6.136363,10,20837.056748
8.863635,14,20837.056823
3.2045453,5,20837.05684
20.454542,30,20837.056855
20.454542,30,20837.056867
18.409088,28,20837.05688
20.454542,30,20838.732638
20.454542,30,20838.739289
20.454542,30,20838.739353
20.454542,30,20838.73937
2.3959103,4,20841.044459
1.597429,3,20841.044531
20.454542,30,20841.044548
3.2023098,5,20842.756042
20.454542,30,20842.756133
20.454542,30,20844.400766
20.454542,30,20844.400835
1.597429,3,20844.400847
1.597429,3,20846.025376
3.2023098,5,20846.025456
2.398546,4,20846.02547
20.454542,30,20846.025484
4.0008187,6,20846.025495
20.454542,30,20848.228613
20.804998,30,20848.228689
2.4011736,4,20848.228704
20.454542,30,20849.793179
1.6504337,3,20849.793269
3.9981632,6,20851.232809
20.688335,30,20852.938785
20.454542,30,20852.938859
2.3959103,4,20852.93888
2.398546,4,20852.938896
20.454542,30,20852.938911
3.321628,5,20855.123309
2.398546,4,20855.123407
8.8125,12,20855.123435
11.213673,15,20856.645249
11.215908,15,20858.149473
20.454542,30,20858.149555
2.398546,4,20859.736514
7.207992,10,20859.736592
4.003446,6,20859.73661
14.897707,19,20861.651036
2.398546,4,20861.651113
10.410318,14,20861.651135
12.017044,16,20863.222048
4.053849,6,20863.222136
20.454542,30,20863.222158
20.454542,30,20863.222175
12.009525,16,20864.951592
4.053849,6,20864.951665
8.595158,11,20864.95168
1.6000372,3,20866.520286
20.454542,30,20866.520374
3.9985535,6,20866.520395
2.3959103,4,20866.520413
6.404228,9,20868.524477
7.207992,10,20868.524558
1.597429,3,20868.524578
9.728873,13,20868.524595
16.013783,21,20870.140971
20.454542,30,20870.141047
15.806422,19,20870.141064
20.454542,30,20870.141078
20.454542,30,20871.798803
8.55457,10,20871.798889
3.2045453,5,20871.802202
14.473482,19,20871.802268
20.454542,30,20873.533396
12.810661,17,20873.533473
20.454542,30,20873.533492
1.597429,3,20873.533511
6.459886,9,20875.719598
20.026169,26,20875.719679
13.765831,16,20875.719704
5.725037,8,20875.719721
20.454542,30,20875.719736
20.454542,30,20875.719752
17.620916,23,20877.322257
24.034084,30,20877.322316
8.011364,11,20877.32233
22.71935,30,20877.322339
20.454542,30,20878.757311
20.454542,30,20878.75739
4.0008187,6,20880.434078
20.454542,30,20882.250763
23.907248,30,20883.863583
3.0852273,5,20883.863639
21.199667,24,20883.863654
6.409091,9,20885.615616
8.8125,12,20885.615677
23.556812,30,20887.351667
21.878841,30,20889.474454
23.314096,30,20891.131037
21.40157,30,20896.438327
22.960222,30,20899.900342
23.072021,30,20901.451929
10.787648,16,20901.452018
22.83199,30,20905.331886
20.812496,30,20905.331961
22.237635,30,20911.029027
22.124996,30,20912.658719
21.165697,30,20914.121783
21.645489,30,20915.772287
22.124996,30,20915.772384
22.091959,30,20917.768664
21.523544,30,20917.768774
21.520887,30,20919.460564
21.48956,30,20919.460626
20.454542,30,20919.460637
20.625212,30,20919.460647
21.852377,30,20921.034409
21.76218,30,20921.034499
20.71055,30,20921.034519
21.642862,30,20922.655444
20.454542,30,20922.65553
20.539877,30,20924.556515
20.454542,30,20924.556599
21.845577,30,20924.556628
21.134237,30,20924.556643
20.625212,30,20926.200063
20.625216,30,20926.200159
20.539877,30,20926.200185
20.539877,30,20927.859159
20.454542,30,20927.859238
21.219568,30,20927.859257
20.895596,30,20927.859271
20.71055,30,20927.859286
20.625216,30,20929.634431
20.690943,30,20929.63451
20.539877,30,20929.634529
20.454542,30,20929.634544
20.656977,30,20931.62124
20.74454,30,20931.621305
20.539877,30,20933.455284
20.539906,30,20935.158666
4.0056815,6,20935.158747
20.625381,30,20936.83441
20.539877,30,20936.834484
20.454542,30,20936.834496
20.626204,30,20938.973194
14.520615,22,20938.973277
3.2045453,5,20938.973298
20.539877,30,20938.973314
20.454542,30,20940.570246
20.571642,30,20942.05205
20.539883,30,20943.669134
20.454542,30,20949.351824
20.539877,30,20954.378573
20.539877,30,20954.378668
20.454542,30,20957.665644
20.539906,30,20957.665716
20.454542,30,20963.160075
20.57386,30,20964.830641
20.540047,30,20966.825246
20.454542,30,20968.367293
20.454542,30,20968.36737
20.454542,30,20970.018278
20.545685,30,20970.018362
20.886234,30,20971.644526
20.886234,30,20971.644632
20.57386,30,20971.644651
20.571642,30,20971.644667
20.454542,30,20973.742535
20.454542,30,20973.742612
20.454542,30,20973.742631
20.454542,30,20975.269093
20.454542,30,20975.26917
20.454542,30,20976.968158
20.454542,30,20976.968236
21.884142,30,20976.968257
20.454542,30,20978.632017
20.454542,30,20978.632094
20.454542,30,20978.632115
20.454542,30,20980.655332
20.454542,30,20980.655394
20.454542,30,20980.655406
20.454542,30,20980.655414
20.454542,30,20980.655423
20.931814,30,20982.23441
21.409088,30,20982.234476
21.409088,30,20982.234492
20.812496,30,20983.861686
20.454542,30,20983.861766
20.693178,30,20985.524812
20.454542,30,20987.623754
20.454542,30,20987.623832
20.454542,30,20989.224044
20.454542,30,20989.224122
20.454542,30,20989.224137
20.688335,30,20990.846742
20.454542,30,20990.846818
20.454542,30,20990.846835
20.454542,30,20990.84685
20.454542,30,20992.458258
20.454542,30,20994.63683
20.454542,30,20996.328104
20.454542,30,21001.719857
20.454542,30,21006.538824
20.454542,30,21006.538902
20.454542,30,21009.968725
20.454542,30,21009.968807
20.454542,30,21015.530224
20.454542,30,21017.167263
20.454542,30,21018.763699
20.454542,30,21020.424073
20.454542,30,21020.424149
20.454542,30,21022.070454
20.454542,30,21022.070529
20.454542,30,21023.816561
20.454542,30,21023.816651
20.454542,30,21023.816674
20.454542,30,21023.816695
2.403409,4,21025.531547
20.454542,30,21025.531626
20.454542,30,21025.531645
20.454542,30,21025.531659
20.454542,30,21027.199217
20.454542,30,21027.199293
5.6079545,8,21029.498458
20.454542,30,21029.498536
20.454542,30,21029.498551
20.454542,30,21029.498563
20.454542,30,21031.231622
20.454542,30,21031.231696
20.454542,30,21031.23171
20.454542,30,21032.999193
20.454542,30,21032.999284
20.454542,30,21032.999305
20.454542,30,21032.999324
4.926136,7,21032.999342
20.454542,30,21032.999362
20.454542,30,21034.55931
20.454542,30,21034.559381
20.454542,30,21034.559395
20.454542,30,21036.566872
2.403409,4,21036.566959
20.454542,30,21036.566982
11.590907,18,21038.222077
3.2023268,5,21038.230237
20.454542,30,21038.230306
4.0056815,6,21039.822442
20.454542,30,21039.822504
9.666666,13,21039.822516
2.403409,4,21039.822526
20.454542,30,21039.822535
20.454542,30,21041.372409
20.454542,30,21041.372481
20.454542,30,21041.372497
2.4011736,4,21043.523705
20.454542,30,21043.523778
20.454542,30,21043.523802
6.170454,9,21043.523814
20.769495,30,21043.523826
4.3636184,6,21043.523837
9.6114,13,21043.523848
20.454542,30,21043.523858
8.929582,12,21045.246286
20.454542,30,21045.246366
6.4042277,9,21046.759878
7.1635923,9,21046.759954
7.962493,10,21046.75997
20.454542,30,21046.759982
20.539877,30,21048.401791
9.606116,13,21048.401852
10.572584,14,21050.364979
2.3989825,4,21050.39548
2.398546,4,21050.395546
2.757267,4,21052.198593
5.355114,7,21053.852602
5.6030917,8,21053.852687
1.597429,3,21053.852708
20.454542,30,21053.85274
15.56026,18,21057.659947
7.3246827,10,21057.660032
20.454542,30,21059.302063
3.7621825,6,21060.929653
3.9981632,6,21060.929724
20.454542,30,21062.36726
20.653387,30,21062.367334
2.9610655,5,21062.367353
10.412537,14,21067.631291
10.407253,14,21069.274317
13.614873,18,21069.274405
21.528406,30,21074.542287
22.12276,30,21074.542371
21.409088,30,21076.15591
21.404243,30,21076.155995
21.494427,30,21076.156016
20.403406,29,21078.130322
21.200462,30,21078.130399
23.271402,30,21083.298884
22.590336,30,21085.370962
20.895596,30,21085.371037
20.81026,30,21085.371053
21.84078,30,21085.371065
20.693178,30,21087.021767
22.001598,30,21087.021847
21.880045,30,21087.021866
20.571642,30,21088.624206
21.647724,30,21088.624288
20.454542,30,21090.251953
22.474789,30,21090.252028
20.924295,30,21092.321512
20.924295,30,21092.321592
22.48295,30,21092.321612
20.931814,30,21094.143255
23.443317,30,21094.143342
21.122635,30,21095.874691
21.20797,30,21095.874779
22.117477,30,21095.874802
20.778513,30,21095.87482
20.693178,30,21095.874838
20.57386,30,21099.566145
21.762962,30,21099.566231
20.454542,30,21099.566256
20.454542,30,21099.566277
21.964207,30,21101.130892
20.656977,30,21102.522022
21.37287,30,21104.158628
21.134232,30,21106.14222
21.60888,30,21106.14229
20.859005,30,21106.142306
21.287535,30,21109.470441
20.688335,30,21109.470505
21.162933,30,21111.158816
20.454542,30,21113.21765
20.659195,30,21113.217735
20.571642,30,21114.839525
20.929579,30,21114.839603
21.017178,30,21114.839625
20.657005,30,21120.147681
20.454542,30,21121.799907
20.454542,30,21121.79999
20.454542,30,21126.85103
20.454542,30,21126.85111
20.571642,30,21128.523695
20.57386,30,21128.523887
20.57386,30,21128.523916
20.454542,30,21130.004268
20.539877,30,21130.004358
20.539877,30,21135.710602
20.539877,30,21137.444678
20.454542,30,21137.454402
20.454542,30,21137.454486
20.454542,30,21137.454505
20.454542,30,21139.234655
20.539883,30,21139.234738
20.454542,30,21139.234758
20.454542,30,21141.342901
20.454542,30,21141.342987
20.454542,30,21143.20528
20.454542,30,21143.205372
20.540869,30,21144.742518
20.454542,30,21144.742601
20.540869,30,21144.742616
20.454542,30,21146.475589
20.454542,30,21146.475666
20.571642,30,21148.339568
20.571642,30,21148.339645
20.571642,30,21148.339659
20.886234,30,21148.33967
20.57386,30,21148.339682
20.454542,30,21151.716791
20.454542,30,21151.716892
20.454542,30,21151.716918
20.454542,30,21151.716939
20.454542,30,21153.427118
20.454542,30,21155.220662
20.454542,30,21156.742035
20.454542,30,21158.296519
20.454542,30,21158.296585
20.454542,30,21158.296598
2.0454545,4,21159.849682
20.454542,30,21161.886076
20.454542,30,21161.886173
20.454542,30,21163.623159
20.454542,30,21165.160838
20.454542,30,21165.160915
20.454542,30,21166.924696
20.454542,30,21166.924769
20.454542,30,21166.924785
10.312606,16,21166.924801
3.2023098,5,21170.523161
20.454542,30,21172.166044
21.129465,30,21173.942505
20.454542,30,21173.942581
3.2045453,5,21173.942599
7.924543,9,21177.531987
20.454542,30,21178.996632
21.48742,30,21178.996701
20.454542,30,21180.618148
20.454542,30,21180.618225
20.454542,30,21180.618244
20.454542,30,21182.843828
20.454542,30,21182.843912
20.454542,30,21187.750787
20.454542,30,21190.025224
20.454542,30,21190.025317
21.606737,30,21190.025339
20.454542,30,21190.025357
21.606737,30,21191.858726
20.454542,30,21191.858802
21.606737,30,21193.543671
20.454542,30,21193.543753
20.454542,30,21195.135456
20.454542,30,21195.135527
20.454542,30,21197.023806
20.454542,30,21197.02388
20.454542,30,21197.023895
21.606737,30,21198.767426
20.454542,30,21198.767507
20.454542,30,21200.325579
20.454542,30,21200.325658
21.606737,30,21200.325673
21.606737,30,21200.325686
21.606737,30,21200.325697
20.539877,30,21204.065898
21.129465,30,21204.066028
20.539877,30,21204.066045
20.454542,30,21204.066059
18.965004,27,21205.667575
20.454542,30,21206.674717
21.606771,30,21207.450662
20.454542,30,95419.350834
21.12967,30,95419.395504
21.88636,30,95421.135658
21.168215,30,95424.769677
21.528406,30,95427.45745
21.409088,30,95429.037077
21.409088,30,95429.037148
21.409088,30,95429.037164
21.494423,30,95429.037179
20.693178,30,95432.665632
21.051132,30,95435.172816
20.539877,30,95436.697648
20.931814,30,95436.697732
20.454542,30,95436.697752
20.778513,30,95440.117733
20.659195,30,95442.676736
20.57386,30,95442.676822
20.454542,30,95444.335744
20.539877,30,95444.33583
20.454542,30,95444.335853
20.539877,30,95446.062846
20.454542,30,95446.062941
20.539877,30,95451.818481
20.454542,30,95453.733169
20.710688,30,95453.733252
17.72727,27,95453.733273
20.454542,30,95453.733291
20.454542,30,95453.733308
20.454542,30,95455.442221
20.539877,30,95455.442577
20.454542,30,95457.386913
20.625217,30,95457.386996
20.454542,30,95459.010668
20.454542,30,95460.643613
20.539877,30,95460.643735
20.454542,30,95460.64376
20.539877,30,95462.330105
20.626204,30,95462.330182
20.539877,30,95464.214295
20.454542,30,95464.21436
20.454542,30,95464.214373
20.454542,30,95464.214383
20.63102,30,95464.214391
2.9610655,5,95465.6081
20.539877,30,95467.142318
20.454542,30,95467.142578
20.454542,30,95467.142705
20.539877,30,95467.142822
20.454542,30,95468.808043
20.539877,30,95471.149353
20.454542,30,95472.743141
20.539877,30,95474.455118
20.454542,30,95474.455213
20.454542,30,95476.212826
4.772727,8,95478.538598
20.539877,30,95480.01517
20.539877,30,95481.858672
20.454542,30,95483.630498
20.454542,30,95483.630588
20.454542,30,95483.630608
20.539883,30,95483.630627
14.435279,22,95486.02358
20.651173,30,95487.62295
20.626204,30,95489.353325
20.454542,30,95490.98103
20.539883,30,95490.981115
20.454542,30,95490.981135
6.818181,11,95492.841682
20.454542,30,95494.346104
20.454542,30,95496.136234
10.312606,16,95496.136325
20.454542,30,95496.136349
20.545685,30,95497.93645
20.454542,30,95497.942026
20.539877,30,95497.942105
20.805836,30,95500.065563
20.539877,30,95505.354491
20.454542,30,95507.727764
20.539877,30,95507.729124
20.454542,30,95507.729411
20.454542,30,95507.729644
20.454542,30,95507.729877
20.776278,30,95509.430956
20.454542,30,95509.431056
20.454542,30,95511.039914
20.539877,30,95512.651829
20.57386,30,95515.262755
20.571642,30,95515.262825
20.929579,30,95515.265445
5.454545,9,95515.265497
20.454542,30,95516.896587
20.539877,30,95516.896681
20.539877,30,95518.504875
20.454542,30,95518.504955
20.688335,30,95518.504973
20.539877,30,95518.504987
20.625212,30,95520.222271
20.454542,30,95522.555799
20.454542,30,95522.555877
20.539877,30,95522.555895
20.454542,30,95524.110863
20.625212,30,95525.833138
6.909323,11,95529.402064
20.625212,30,95529.40225
20.454542,30,95529.402318
7.499999,12,95529.402377
20.539877,30,95531.032672
20.625212,30,95532.80514
20.539877,30,95534.528955
20.545685,30,95536.6489
20.657146,30,95538.197887
20.539877,30,95538.197989
20.886234,30,95538.198013
20.972702,30,95538.198032
20.539877,30,95539.900521
20.454542,30,95541.626925
20.454542,30,95543.991483
20.57386,30,95545.416904
20.571642,30,95545.417
20.659195,30,95545.417025
20.454542,30,95547.030428
20.454542,30,95548.725188
20.454542,30,95551.075292
20.539877,30,95551.075379
20.539877,30,95551.075402
20.454542,30,95552.505568
20.454542,30,95552.505638
20.454542,30,95554.07192
20.454542,30,95559.953721
20.454542,30,95561.653611
20.454542,30,95561.653698
20.454542,30,95561.653716
20.540869,30,95561.653732
20.454542,30,95563.376217
20.571642,30,95565.50738
20.454542,30,95567.113761
20.454542,30,95568.835006
20.454542,30,95568.835089
20.454542,30,95568.835112
20.454542,30,95568.83513
20.454542,30,95570.423791
20.454542,30,95570.423882
20.454542,30,95572.841259
20.454542,30,95572.841713
20.454542,30,95572.841885
20.454542,30,95572.842065
20.454542,30,95574.416827
20.454542,30,95576.248563
20.454542,30,95576.249063
20.454542,30,95576.249219
20.454542,30,95577.995989
20.454542,30,95580.304212
20.454542,30,95583.455079
20.804998,30,95583.455398
20.454542,30,95583.455569
20.454542,30,95583.455703
20.454542,30,95585.025711
20.454542,30,95587.419052
6.818181,11,95588.906052
20.454542,30,95588.906117
20.454542,30,95590.63282
20.688335,30,95592.40889
20.454542,30,95592.408965
20.454542,30,95592.408982
20.454542,30,95592.409004
20.454542,30,95594.750552
4.090909,7,95596.196999
20.454542,30,95596.197067
15.681815,24,95596.19708
20.539877,30,95597.917327
20.539877,30,95599.749252
20.454542,30,95599.749346
20.454542,30,95599.749369
20.454542,30,95602.003773
20.571642,30,95603.598833
20.454542,30,95605.268427
20.539877,30,95605.268523
20.454542,30,95605.268541
20.454542,30,95607.073313
20.454542,30,95609.222009
20.454542,30,95614.297328
20.454542,30,95616.525581
20.454542,30,95616.525671
20.454542,30,95616.525695
20.454542,30,95616.525713
20.454542,30,95617.870661
20.454542,30,95619.729993
20.454542,30,95621.544546
20.771713,30,95623.650605
20.539877,30,95623.650738
20.454542,30,95623.65076
11.386362,17,95623.650778
20.454542,30,95625.256981
20.454542,30,95625.257416
20.454542,30,95627.027623
20.454542,30,95627.027707
20.454542,30,95627.027728
20.454542,30,95627.027746
20.454542,30,95628.74656
20.454542,30,95631.36326
20.454542,30,95631.363344
20.454542,30,95631.363363
20.454542,30,95632.723217
20.539877,30,95634.528149
20.454542,30,95638.580069
20.771715,30,95638.580172
20.454542,30,95638.580194
21.255955,30,95640.233722
21.287535,30,95641.931197
20.693178,30,95643.606125
20.693178,30,95643.606192
20.57386,30,95645.453817
20.931814,30,95646.99901
20.57386,30,95646.999087
20.454542,30,95646.999104
20.57386,30,95648.663613
20.454542,30,95650.348576
20.454542,30,95650.348665
20.57386,30,95650.348687
19.090906,29,95652.696359
10.909089,17,95652.696439
20.539877,30,95652.696457
20.454542,30,95654.302579
20.454542,30,95654.302953
20.454542,30,95655.928643
20.454542,30,95657.798615
20.539877,30,95659.439017
20.454542,30,95659.439107
20.454542,30,95659.439132
20.454542,30,95660.957618
20.454542,30,95662.629141
4.7992997,7,95666.825688
18.494423,28,95666.825781
2.403409,4,95666.825806
7.2102275,10,95668.398712
20.454542,30,95668.398802
7.461251,10,95670.022558
20.454542,30,95670.022651
20.539877,30,95670.022671
20.454542,30,95670.022683
8.004283,11,95670.022695
5.5990257,8,95671.742357
20.539858,30,95671.742452
2.3993287,4,95674.116406
20.539877,30,95674.116487
7.2004905,10,95674.116507
1.1211282,2,95674.116522
21.32816,30,95677.256652
2.3985653,4,95677.256752
20.539877,30,95677.256773
20.653387,30,95677.25679
20.454542,30,95677.256806
21.330036,30,95678.949252
21.248783,30,95678.949347
20.454542,30,95681.399385
20.454542,30,95681.399459
20.454542,30,95681.399476
20.454542,30,95681.399489
20.454542,30,95682.919575
20.539877,30,95684.716886
6.6915007,10,95684.716969
20.769495,30,95684.716988
20.771713,30,95684.717
21.01015,30,95686.324564
20.769495,30,95688.798982
20.454542,30,95692.122666
20.454542,30,95692.122773
20.454542,30,95692.122804
20.454542,30,95693.916772
20.539877,30,95696.044416
20.454542,30,95697.641714
20.454542,30,95697.641805
20.539877,30,95699.625192
20.454542,30,95701.41856
21.083918,30,95701.418657
20.454542,30,95701.418688
20.454542,30,95703.502043
20.454542,30,95704.956283
22.475983,30,95706.626388
22.789272,30,95706.626538
21.28977,30,95708.336544
21.285688,30,95713.723914
21.52209,30,95713.724044
21.87188,30,95715.454311
21.36127,30,95717.900634
21.201574,30,95720.968035
20.688335,30,95722.752678
20.690943,30,95722.752939
21.201574,30,95725.323448
20.89134,30,95725.323558
20.571642,30,95725.323588
20.539883,30,95726.862818
20.926952,30,95726.862915
20.804998,30,95728.427881
20.688335,30,95728.428011
20.454542,30,95728.431746
20.804998,30,95728.43192
9.545453,15,95730.300315
20.571642,30,95732.819244
20.540869,30,95732.819366
20.662785,30,95732.8194
20.540869,30,95732.819428
20.662785,30,95732.819453
20.454542,30,95734.370713
20.545685,30,95734.374089
20.57386,30,95736.271093
20.571642,30,95736.271185
20.57386,30,95736.271224
20.571642,30,95736.271243
20.454542,30,95737.976014
20.454542,30,95740.505191
20.454542,30,95740.505265
20.454542,30,95740.505282
20.539877,30,95740.505293
20.539877,30,95741.954602
20.539877,30,95743.727763
20.454542,30,95747.678128
20.454542,30,95747.678391
20.454542,30,95747.678504
20.454542,30,95749.14637
20.539877,30,95750.923418
20.454542,30,95752.724409
20.539877,30,95752.724497
20.454542,30,95754.599595
20.454542,30,95756.335377
20.454542,30,95756.335639
20.539877,30,95756.335772
20.454542,30,95759.869322
20.454542,30,95761.919885
20.454542,30,95761.919985
20.454542,30,95763.455808
20.454542,30,95769.360328
20.539877,30,95769.360437
20.454542,30,95770.935744
20.454542,30,95772.598035
20.454542,30,95776.563464
20.454542,30,95778.139472
20.454542,30,95778.139567
20.454542,30,95779.856915
20.454542,30,95779.857007
20.454542,30,95779.857028
20.539883,30,95781.524437
20.454542,30,95781.524594
20.539877,30,95783.904884
10.909089,17,95783.905129
20.454542,30,95783.90525
20.539877,30,95783.905365
20.539877,30,95783.905478
20.454542,30,95785.330301
5.5398803,9,95785.330391
20.540869,30,95786.918488
20.454542,30,95786.918676
20.539877,30,95786.918698
20.454542,30,95786.918711
20.454542,30,95786.918723
20.454542,30,95788.554693
20.539877,30,95788.554788
20.57386,30,95791.006402
20.653387,30,95791.006471
20.57386,30,95791.006486
21.082865,30,95791.006496
20.454542,30,95792.505416
20.96477,30,95794.201406
20.539877,30,95794.201488
20.454542,30,95794.201506
20.539854,30,95794.201519
20.454542,30,95795.916431
20.454542,30,95798.24727
20.96477,30,95801.356083
20.454542,30,95801.356169
20.454542,30,95801.35619
20.454542,30,95803.050813
4.772727,8,95805.264286
8.815933,13,95805.264384
20.539877,30,95805.264406
20.454542,30,95806.91701
20.738722,30,95808.723318
20.454542,30,95810.421164
21.214777,30,95810.421243
20.454542,30,95810.421258
20.454542,30,95814.252566
20.539877,30,95815.859614
20.651173,30,95815.859875
20.454542,30,95817.606654
20.539877,30,95822.950492
20.539877,30,95824.609675
20.539883,30,95826.704241
20.454542,30,95830.121421
20.625212,30,95831.908585
20.454542,30,95831.908669
20.454542,30,95834.122501
20.745522,30,95834.122622
20.539877,30,95834.122658
20.69096,30,95835.743002
20.539877,30,95837.417816
20.454542,30,95837.417892
20.886234,30,95837.41797
20.571642,30,95837.417985
20.886234,30,95837.417997
20.454542,30,95838.934722
20.454542,30,95838.934827
13.753461,21,95841.296793
17.130787,26,95841.296878
20.539877,30,95841.296901
20.454542,30,95841.296919
20.625237,30,95841.296936
20.454542,30,95841.296952
20.539877,30,95841.29697
20.454542,30,95842.648493
20.454542,30,95842.648579
20.539877,30,95844.20008
20.454542,30,95844.200165
20.454542,30,95844.200187
20.454542,30,95846.116254
21.692276,30,95848.504347
20.539877,30,95848.504415
20.454542,30,95848.504432
20.540869,30,95849.946938
20.539877,30,95851.568818
20.454542,30,95855.619736
20.454542,30,95855.619885
20.539877,30,95855.619911
21.375105,30,95858.618788
20.688335,30,95858.618896
21.37287,30,95858.61893
20.454542,30,95860.602204
20.454542,30,95862.652246
20.539877,30,95864.317723
20.454542,30,95864.317802
21.017149,30,95864.317819
20.454542,30,95867.796633
20.454542,30,95870.020859
20.454542,30,95870.020949
20.539877,30,95871.712633
13.636361,21,95877.298677
16.448969,25,95877.298766
20.454542,30,95877.298791
7.617099,12,95877.29881
2.7272727,5,95877.298828
13.636361,21,95878.796652
20.539877,30,95878.796751
20.539877,30,95880.459129
20.57386,30,95884.619409
20.62524,30,95886.137379
3.2000897,5,95886.137465
8.863635,14,95886.137486
20.539877,30,95887.896768
20.454542,30,95887.896851
20.540047,30,95887.896868
20.454542,30,95889.631735
1.6471453,3,95889.631836
20.454542,30,95891.585554
20.454542,30,95891.585641
20.545685,30,95891.585659
20.454542,30,95891.585674
20.539877,30,95891.585688
20.571642,30,95893.225866
20.454542,30,95894.898777
20.454542,30,95894.898861
20.454542,30,95894.898881
20.454542,30,95894.898912
20.454542,30,95894.898929
20.454542,30,95894.898944
20.454542,30,95896.521302
20.454542,30,95896.521372
20.454542,30,95898.848012
20.454542,30,95898.848419
20.539877,30,95898.848553
20.539883,30,95900.519836
20.454542,30,95902.222038
20.454542,30,95902.222135
20.454542,30,95902.222159
20.454542,30,95903.870938
20.454542,30,95906.130321
20.571642,30,95909.472022
20.454542,30,95909.472116
20.454542,30,95913.242733
20.454542,30,95913.242825
20.454542,30,95913.242849
20.454542,30,95916.756239
20.454542,30,95918.616945
20.454542,30,95918.61702
20.454542,30,95918.617035
20.454542,30,95924.318726
20.454542,30,95924.318817
20.454542,30,95926.120564
20.57386,30,95931.465586
21.287535,30,95931.465675
21.282251,30,95931.465695
21.28977,30,95931.46571
21.168215,30,95933.218539
21.162933,30,95933.218647
21.520887,30,95935.618918
20.690943,30,95940.648598
20.804998,30,95940.648693
20.693178,30,95940.64871
20.571642,30,95942.760377
20.688335,30,95942.76047
20.804998,30,95942.76049
20.454542,30,95944.160001
20.688335,30,95944.160097
20.804998,30,95946.00096
20.656977,30,95946.001029
20.571642,30,95946.001043
20.77367,30,95946.001054
20.454542,30,95946.001064
20.539877,30,95947.651062
20.571642,30,95950.227747
20.571642,30,95950.227852
20.656977,30,95950.227877
20.454542,30,95950.227898
20.571642,30,95950.227918
20.656977,30,95950.227939
20.454542,30,95951.74578
20.454542,30,95951.745874
2.7272727,5,95953.56728
20.539877,30,95953.567364
20.454542,30,95953.567384
19.772724,30,95953.567399
20.454542,30,95955.373244
20.454542,30,95957.380687
20.53985,30,95957.380779
20.454542,30,95957.380801
20.454542,30,95958.728636
20.454542,30,95960.400805
1.597429,3,95964.446683
20.454542,30,95964.446766
20.454542,30,95964.44679
3.197027,5,95965.917655
20.454542,30,95967.639721
20.454542,30,95967.639811
20.454542,30,95967.639836
1.6022727,3,95969.245423
20.454542,30,95971.616924
20.625235,30,95973.137697
20.539877,30,95973.142073
20.454542,30,95973.142229
6.370156,10,95978.870253
20.539877,30,95978.870343
20.454542,30,95978.870363
20.539877,30,95980.446923
20.454542,30,95986.422993
20.539877,30,95986.42306
20.454542,30,95986.423077
20.454542,30,95986.42309
20.539883,30,95987.934107
20.454542,30,95987.93419
20.454542,30,95989.818948
20.545685,30,95995.134575
20.631044,30,95995.134671
20.454542,30,95995.134693
20.886234,30,95996.859558
20.454542,30,95996.859659
20.57386,30,95996.859685
20.454542,30,95998.576764
20.454542,30,96000.904565
20.540047,30,96000.904922
20.454542,30,96000.905041
20.454542,30,96000.905129
20.540047,30,96000.905211
20.454542,30,96002.434378
20.454542,30,96004.199948
20.454542,30,96004.200149
20.454542,30,96004.200247
20.454542,30,96004.200327
20.454542,30,96004.200405
20.545685,30,96004.200486
20.571642,30,96005.918892
20.57386,30,96005.918983
20.454542,30,96008.149648
20.454542,30,96008.149733
20.454542,30,96008.149751
20.454542,30,96008.149768
20.571642,30,96009.720431
22.714067,30,96011.543216
21.287535,30,96011.543311
20.812496,30,96018.536883
20.454542,30,96018.536971
20.688335,30,96020.433779
20.690943,30,96022.916464
20.57386,30,96022.916777
22.005678,30,96022.916945
20.571642,30,96024.371406
21.767042,30,96026.027164
21.051132,30,96027.838998
20.454542,30,96027.83909
20.454542,30,96027.839114
20.539877,30,96033.598034
10.227271,16,96033.598124
20.897831,30,96033.598145
21.28977,30,96033.598162
20.454542,30,96035.455748
20.812496,30,96041.630779
20.693178,30,96041.631183
20.454542,30,96041.631207
20.454542,30,96041.631226
20.454542,30,96043.460682
20.454542,30,96043.460771
20.539877,30,96045.273089
20.539877,30,96050.272121
20.539877,30,96050.272213
20.454542,30,96050.272237
20.539877,30,96052.769397
10.909089,17,96052.769677
20.454542,30,96052.769821
20.454542,30,96052.770006
20.454542,30,96054.298021
6.818181,11,96054.298108
20.454542,30,96056.047397
20.539877,30,96056.047495
20.539877,30,96056.047518
20.454542,30,96056.047536
20.454542,30,96056.047554
20.539877,30,96057.64016
2.3989275,4,96060.351504
20.454542,30,96060.351573
20.454542,30,96060.351586
20.857048,30,96060.351596
3.0723474,4,96060.351606
20.857021,30,96060.351615
20.454542,30,96060.351623
20.454542,30,96061.922361
20.539877,30,96061.922442
20.454542,30,96063.69746
20.539877,30,96063.697529
20.454542,30,96063.697545
20.454542,30,96063.697556
21.129465,30,96065.417249
3.197027,5,96065.417348
1.597429,3,96065.417371
20.454542,30,96067.631433
20.729551,30,96067.631518
5.805001,9,96067.631538
6.4045925,9,96069.496062
1.7671529,3,96069.496146
4.772727,8,96069.496173
4.358755,6,96071.055789
3.9967804,6,96071.055879
20.454542,30,96075.044095
20.454542,30,96075.04418
14.7545,22,96075.044203
20.454542,30,96078.316869
20.454542,30,96078.31696
20.454542,30,96078.31698
20.454542,30,96080.264172
20.454542,30,96082.613778
20.454542,30,96084.140589
20.454542,30,96084.140674
21.606709,30,96084.140692
21.606709,30,96089.665213
20.454542,30,96089.665309
20.454542,30,96091.085331
21.606735,30,96097.163816
20.890863,30,96097.163904
20.454542,30,96097.163924
20.454542,30,96097.163939
20.454542,30,96098.650848
20.454542,30,96098.650936
20.454542,30,96100.522314
21.760752,30,96106.097256
21.881498,30,96106.09747
21.758488,30,96108.002197
21.643644,30,96109.600212
21.165588,30,96111.818672
21.165588,30,96111.81895
21.523544,30,96111.819098
21.523544,30,96111.81924
21.996473,30,96113.26744
21.282251,30,96115.019776
20.81026,30,96115.020187
21.368322,30,96115.020342
21.17045,30,96115.020473
22.07151,30,96116.804135
21.560297,30,96116.804208
20.571642,30,96118.834264
21.047052,30,96118.834354
20.571642,30,96118.834373
20.454542,30,96120.540911
20.924316,30,96120.541005
21.839588,30,96120.541028
20.812496,30,96122.357395
20.807634,30,96122.357496
20.807634,30,96122.357522
20.690943,30,96124.116462
20.693178,30,96124.11657
20.688335,30,96124.122823
20.571642,30,96126.459967
20.57386,30,96126.460053
20.454542,30,96129.841631
20.454542,30,96129.841722
20.688335,30,96129.84174
20.454542,30,96133.927784
20.454542,30,96133.927871
20.454542,30,96133.927893
20.454542,30,96135.251188
4.090909,7,96135.251648
20.454542,30,96137.036012
20.771713,30,96138.934736
20.454542,30,96138.93483
20.454542,30,96138.934853
15.998987,24,96141.535513
2.403409,4,96143.031196
20.454542,30,96144.916406
20.454542,30,96144.923154
10.101064,15,96144.923239
20.539877,30,96146.417483
17.72727,27,96146.417577
3.2023268,5,96148.318069
11.138594,16,96149.820852
1.9602091,3,96149.820953
21.606737,30,96151.561675
20.454542,30,96151.561762
20.454542,30,96153.601792
20.454542,30,96153.601878
21.129465,30,96155.541396
4.959018,6,96155.541489
1.6022727,3,96157.000743
20.454542,30,96160.323294
14.089676,17,96160.323397
21.48742,30,96160.323421
14.959012,16,96162.697732
20.454542,30,96162.698231
16.748781,23,96162.702339
21.48742,30,96164.24548
21.845373,30,96166.039283
20.454542,30,96166.039376
20.454542,30,96166.039397
19.032871,26,96166.039413
20.454542,30,96166.039428
6.0511355,9,96167.698859
20.454542,30,96167.698939
11.656855,16,96167.715961
20.539877,30,96170.060546
20.539877,30,96170.060639
20.454542,30,96170.060661
21.572924,30,96170.060679
20.454542,30,96171.596306
20.539877,30,96173.334347
22.67838,30,96173.334448
20.454542,30,96175.133461
22.441963,30,96177.632622
21.129465,30,96177.632722
21.572924,30,96179.367235
20.454542,30,96179.665182
20.454542,30,96179.665272
22.99301,30,96181.24553
20.454542,30,96181.245619
20.454542,30,96184.996712
20.454542,30,96184.996784
20.454542,30,96188.208797
20.454542,30,96188.208882
21.051132,30,96189.851227
22.003443,30,96192.133525
20.812496,30,96193.72928
21.764807,30,96195.53545
21.645489,30,96197.016311
21.52617,30,96199.374182
21.528406,30,96200.917162
21.409088,30,96200.917289
21.28977,30,96202.543546
21.17045,30,96204.223692
21.17045,30,96204.223786
19.568178,29,96206.220627
20.931814,30,96207.812598
20.812496,30,96209.531416
20.812496,30,96209.531512
20.778683,30,96211.243844
20.454542,30,96214.798872
20.454542,30,96214.798952
20.540047,30,96214.798969
20.540869,30,96216.453053
20.540869,30,96216.453141
20.454542,30,96216.453224
20.454542,30,96218.040504
20.571642,30,96220.420907
20.97157,30,96220.420999
21.056904,30,96220.431503
20.656977,30,96220.431572
20.656977,30,96220.431594
20.170403,30,96222.028146
20.454542,30,96222.028422
2.4011905,4,96222.028552
20.454542,30,96222.02867
20.857048,30,96223.856016
20.76688,30,96223.856111
20.539877,30,96223.856133
2.3959103,4,96223.856151
20.539877,30,96223.856169
2.3974714,4,96223.856184
20.454542,30,96225.327887
18.845407,28,96227.235174
20.539877,30,96227.235263
20.454542,30,96227.235282
4.806818,7,96227.235298
5.7579246,7,96228.739935
2.4564393,4,96228.740015
1.597429,3,96228.740034
20.539877,30,96228.740048
20.454542,30,96230.431096
20.454542,30,96232.233685
20.454542,30,96232.233773
1.6000372,3,96232.233797
1.597429,3,96232.233816
4.806818,7,96232.233835
20.651173,30,96232.233851
4.7992997,7,96234.700683
20.539877,30,96234.700762
20.454542,30,96234.70078
20.454542,30,96237.750512
20.454542,30,96237.750606
20.454542,30,96242.005807
20.454542,30,96242.005879
1.597429,3,96243.434367
21.368101,30,96243.434654
5.805001,9,96243.434792
21.606737,30,96245.125478
20.454542,30,96246.902949
20.539883,30,96249.423571
20.454542,30,96251.041781
21.368101,30,96252.469496
15.238634,23,96252.469581
6.935281,11,96252.469604
20.454542,30,96254.344152
21.368101,30,96254.344244
20.545685,30,96256.525813
20.776295,30,96258.238598
20.69096,30,96258.238686
20.539877,30,96260.029305
9.545453,15,96260.029442
20.454542,30,96261.671034
21.368107,30,96263.932205
20.454542,30,96263.932293
21.645489,30,96268.851464
21.404224,30,96272.77463
21.764807,30,96274.6574
21.28977,30,96274.657498
21.647724,30,96274.657517
21.367586,30,96274.657534
21.250923,30,96276.396651
21.168215,30,96276.396723
21.043613,30,96278.732774
21.051132,30,96278.732868
21.043613,30,96278.732886
21.043613,30,96278.732902
21.043613,30,96278.732917
21.00963,30,96280.396657
20.804998,30,96282.126497
20.804998,30,96283.76381
20.804998,30,96283.763891
20.77367,30,96283.763911
20.688335,30,96283.763927
20.804998,30,96286.299723
20.804998,30,96287.721657
20.690943,30,96287.721747
20.929579,30,96287.721774
20.57386,30,96287.721794
20.571642,30,96289.521341
20.539877,30,96289.521407
20.897833,30,96289.521421
20.688335,30,96293.49913
20.454542,30,96296.627014
20.454542,30,96296.627106
20.571642,30,96298.340796
20.454542,30,96298.340882
20.454542,30,96298.340905
20.571642,30,96300.308939
20.454542,30,96301.916954
20.545685,30,96303.652424
20.886234,30,96305.504307
20.454542,30,96307.340078
20.454542,30,96307.340169
20.454542,30,96307.340194
20.454542,30,96308.82614
20.454542,30,96308.826226
20.454542,30,96310.598108
20.454542,30,96312.132069
20.454542,30,96312.132163
20.454542,30,96314.553834
16.363634,25,96314.566127
20.454542,30,96314.566303
20.454542,30,96316.204313
20.454542,30,96317.841586
20.454542,30,96317.841677
14.999997,23,96323.333212
20.454542,30,96326.663512
20.454542,30,96329.059359
20.454542,30,96329.059618
20.454542,30,96329.059759
20.454542,30,96329.059896
20.454542,30,96330.743104
20.454542,30,96330.743384
20.454542,30,96332.57153
20.454542,30,96332.571615
20.454542,30,96332.571637
20.454542,30,96332.571655
20.454542,30,96332.571672
20.454542,30,96334.097256
20.454542,30,96338.026092
20.454542,30,96338.026189
20.454542,30,96338.026222
20.454542,30,96338.026246
20.454542,30,96339.842275
20.454542,30,96341.496665
20.454542,30,96341.496742
20.454542,30,96341.496759
20.454542,30,96341.496771
20.454542,30,96343.930483
20.454542,30,96343.930574
20.454542,30,96343.930598
20.454542,30,96347.253304
20.454542,30,96351.220194
20.454542,30,96351.220272
20.454542,30,96352.930182
20.454542,30,96352.930272
20.454542,30,96352.930295
20.454542,30,96354.834497
0.98509765,2,96356.453732
20.539877,30,96356.453822
20.454542,30,96358.960652
20.454542,30,96360.3415
20.539877,30,96362.228661
20.454542,30,96362.228748
20.454542,30,96362.228768
20.454542,30,96364.022866
20.454542,30,96364.022942
20.454542,30,96366.458578
20.571642,30,96367.829505
20.454542,30,96367.829597
20.539877,30,96369.65377
20.454542,30,96369.653858
20.454542,30,96369.653883
20.804998,30,96371.625214
20.454542,30,96373.624365
20.454542,30,96373.624774
20.454542,30,96378.639333
20.571642,30,96382.353562
20.571642,30,96384.230881
20.656977,30,96384.230975
20.454542,30,96384.230996
20.454542,30,96384.231015
20.454542,30,96385.918794
20.571642,30,96385.918868
20.454542,30,96388.243938
20.571642,30,96388.244221
20.454542,30,96388.244346
20.656977,30,96388.244463
20.571642,30,96388.244573
20.539877,30,96389.72864
20.454542,30,96393.251076
20.571642,30,96393.251172
20.454542,30,96393.251194
20.571642,30,96393.251213
3.409091,6,96395.596419
20.454542,30,96395.596617
20.539877,30,96397.122874
20.454542,30,96397.122947
20.454542,30,96397.122964
20.539877,30,96397.122976
20.571642,30,96398.8295
20.454542,30,96398.829969
20.454542,30,96398.830102
20.454542,30,96402.772036
13.636361,21,96405.828739
20.454542,30,96405.828991
20.454542,30,96405.829123
2.7272727,5,96407.52254
20.571642,30,96407.522624
20.57386,30,96407.522646
20.454542,30,96409.822203
20.454542,30,96411.424658
20.454542,30,96411.424776
20.625353,30,96412.940716
20.454542,30,96414.834461
20.539877,30,96416.918022
20.454542,30,96416.918128
9.630788,15,96416.922591
20.625353,30,96416.922622
20.454542,30,96418.645316
20.454542,30,96418.645406
20.454542,30,96420.323132
20.539877,30,96421.928575
20.454542,30,96424.250996
20.454542,30,96424.251066
20.454542,30,96424.25108
20.454542,30,96425.816761
20.539877,30,96427.640699
20.454542,30,96427.65474
1.597429,3,96429.40348
5.0918837,8,96431.527711
2.4011905,4,96431.527796
20.539877,30,96433.262708
14.602361,22,96433.262818
17.926115,27,96433.26284
20.539877,30,96436.836432
5.1194515,6,96438.760228
20.539877,30,96438.760741
20.454542,30,96438.760927
20.625353,30,96440.22438
3.197027,5,96440.224468
20.454542,30,96440.224488
19.76583,29,96440.224505
18.521511,27,96441.996355
20.454542,30,96441.996653
20.539877,30,96441.996828
20.454542,30,96441.996986
20.539877,30,96441.997141
1.6022727,3,96441.997307
6.409091,9,96443.562611
2.5634325,4,96446.023697
20.454542,30,96447.628829
5.961028,8,96447.628919
20.454542,30,96447.628942
3.198593,5,96449.363772
20.454542,30,96449.363863
20.454542,30,96449.363887
21.095514,30,96450.962829
20.454542,30,96450.962926
3.1978648,5,96450.962949
3.9572015,5,96450.962968
7.999765,11,96450.962985
20.454542,30,96450.963002
20.454542,30,96450.96302
21.960611,30,96453.316976
1.597429,3,96453.317078
20.454542,30,96453.317105
20.631165,30,96456.344238
2.398546,4,96458.07773
21.368101,30,96460.252324
20.454542,30,96460.252428
6.935281,11,96460.252448
21.368101,30,96460.252467
20.454542,30,96461.834375
20.454542,30,96461.834465
20.454542,30,96461.834483
20.454542,30,96463.518108
20.571642,30,96465.214982
20.571642,30,96465.215043
20.539877,30,96467.510414
20.77367,30,96469.017613
21.010153,30,96470.717588
20.539877,30,96470.717681
20.454542,30,96470.717705
20.454542,30,96472.434105
20.454542,30,96472.434195
20.454542,30,96474.746597
20.807634,30,96476.301781
22.242079,30,96477.929434
20.656977,30,96479.549184
21.880045,30,96483.6228
21.728197,30,96486.906414
21.643644,30,96486.906481
21.287535,30,96492.44894
22.475023,30,96492.449028
20.571642,30,96494.152195
21.17045,30,96494.152285
21.043613,30,96496.412374
21.047052,30,96496.41246
20.539877,30,96496.412489
21.134232,30,96496.41251
20.926952,30,96497.963551
20.895596,30,96499.634835
20.931814,30,96501.325815
20.778513,30,96501.326117
20.57386,30,96503.837897
20.571642,30,96503.838074
20.57386,30,96503.838095
20.688335,30,96505.376669
20.571642,30,96505.395476
20.454542,30,96505.395578
20.571642,30,96505.3956
21.0098,30,96505.395617
20.539877,30,96505.395636
20.656982,30,96506.919413
20.804998,30,96506.919523
20.688335,30,96506.91954
20.571642,30,96510.523748
20.454542,30,96512.20355
20.804998,30,96513.916619
20.454542,30,96513.916703
20.454542,30,96513.91672
20.454542,30,96513.916737
20.454542,30,96515.629633
20.454542,30,96515.629726
20.689114,30,96515.629745
20.57386,30,96518.044584
20.454542,30,96519.630048
20.454542,30,96519.6304
20.454542,30,96521.259002
20.454542,30,96522.967112
20.454542,30,96525.318084
20.454542,30,96525.318178
20.454542,30,96525.318202
20.454542,30,96526.832886
20.454542,30,96526.832978
20.454542,30,96528.551692
20.454542,30,96530.327086
20.454542,30,96532.709998
20.454542,30,96534.266808
20.454542,30,96537.780077
14.999997,23,96539.827608
8.863635,14,96539.827702
20.454542,30,96541.560799
20.454542,30,96541.560892
20.454542,30,96547.193381
20.454542,30,96547.193467
20.454542,30,96548.82065
20.539877,30,96548.820975
20.539877,30,96550.548209
20.539877,30,96550.548293
20.539877,30,96550.548312
20.454542,30,96550.548328
20.454542,30,96554.320132
20.454542,30,96555.88323
20.539877,30,96555.883323
20.454542,30,96557.645143
20.539877,30,96557.645225
20.454542,30,96557.645245
20.454542,30,96559.119479
20.571642,30,96559.119551
20.454542,30,96559.119566
20.571642,30,96559.119578
20.454542,30,96559.119589
20.454542,30,96559.1196
20.454542,30,96561.538716
20.454542,30,96561.538802
20.454542,30,96561.53882
3.409091,6,96564.746744
20.454542,30,96564.746837
20.454542,30,96566.528625
20.539877,30,96568.937901
20.539877,30,96568.938236
20.454542,30,96568.938366
20.454542,30,96570.559781
20.454542,30,96570.559861
20.454542,30,96570.559877
20.454542,30,96572.330232
20.539877,30,96574.226375
20.454542,30,96574.226461
20.454542,30,96576.436117
20.539877,30,96577.972149
20.539877,30,96579.549032
20.454542,30,96579.549156
20.454542,30,96579.549181
20.454542,30,96581.47211
20.454542,30,96581.472199
20.454542,30,96583.960121
20.454542,30,96585.535848
20.807634,30,96587.139573
20.454542,30,96588.830431
20.454542,30,96592.827789
7.499999,12,96594.67568
20.571642,30,96594.67577
20.571642,30,96594.675797
20.688335,30,96596.338914
20.454542,30,96596.338992
20.454542,30,96601.698727
20.454542,30,96601.69881
20.454542,30,96603.340569
20.454542,30,96603.340659
20.454542,30,96605.674074
20.454542,30,96605.678268
20.454542,30,96605.678467
20.454542,30,96605.678624
20.454542,30,96610.530179
20.454542,30,96610.530287
20.454542,30,96612.84427
20.454542,30,96612.844356
20.454542,30,96612.844376
20.454542,30,96614.262026
20.454542,30,96614.262111
20.454542,30,96614.262127
20.454542,30,96614.262141
20.454542,30,96614.262154
20.454542,30,96614.262168
20.454542,30,96616.035136
20.454542,30,96616.035223
20.454542,30,96616.035239
2.403409,4,96620.103503
20.454542,30,96620.103573
20.454542,30,96620.103589
3.2045453,5,96620.103599
6.409091,9,96621.539608
20.454542,30,96621.53969
20.571642,30,96623.058718
20.454542,30,96623.058814
20.454542,30,96623.058838
20.454542,30,96624.947725
20.571642,30,96624.947817
20.454542,30,96624.947836
20.454542,30,96628.849703
20.454542,30,96628.849802
20.454542,30,96630.436722
20.688335,30,96632.101677
20.454542,30,96634.450691
20.454542,30,96634.450788
20.454542,30,96634.450809
20.454542,30,96635.903519
20.454542,30,96635.903594
20.454542,30,96637.55196
20.454542,30,96639.401018
20.454542,30,96641.62902
20.454542,30,96643.142394
20.454542,30,96646.552189
20.454542,30,96648.917705
20.454542,30,96648.917794
20.454542,30,96648.917818
20.454542,30,96650.429026
20.454542,30,96650.429116
20.454542,30,96656.143775
20.454542,30,96656.143874
20.57386,30,96657.700453
21.88636,30,96657.700529
20.57386,30,96659.411511
21.767042,30,96659.411749
21.764807,30,96659.411884
21.409088,30,96664.832968
20.812496,30,96666.541493
21.28977,30,96666.54158
21.17045,30,96668.196359
21.17045,30,96668.196462
21.17045,30,96668.196491
20.693178,30,96668.196512
21.17045,30,96668.196535
21.17045,30,96668.196558
21.051132,30,96670.520596
21.051132,30,96670.520663
21.051132,30,96670.520688
20.812496,30,96673.897664
20.812496,30,96673.897766
20.812496,30,96673.897789
20.812496,30,96673.897808
20.693178,30,96675.605235
20.693178,30,96675.605313
19.892042,30,96677.698517
20.57386,30,96677.6986
14.318179,22,96677.698619
9.545453,15,96677.698634
20.57386,30,96677.698649
6.818181,11,96677.698663
20.454542,30,96679.363277
20.454542,30,96679.363363
20.454542,30,96679.36338
7.499999,12,96681.100933
1.597429,3,96682.649277
20.454542,30,96682.649362
20.454542,30,96682.649381
20.454542,30,96684.940949
20.454542,30,96686.530598
20.454542,30,96688.300056
20.454542,30,96688.300141
20.454542,30,96688.300161
20.454542,30,96690.100508
20.454542,30,96690.100926
2.398546,4,96692.379257
4.003446,6,96693.898489
6.4068556,9,96693.898566
20.454542,30,96693.898589
2.403409,4,96695.543504
20.454542,30,96695.5436
20.454542,30,96697.167709
7.32731,10,96697.167796
1.597429,3,96699.553957
20.454542,30,96701.224369
20.454542,30,96702.948187
20.454542,30,96702.948826
20.454542,30,96702.948988
20.454542,30,96704.696505
9.725435,13,96704.696587
14.318179,22,96706.7517
4.801955,7,96706.753944
20.454542,30,96709.92662
20.454542,30,96709.926877
20.454542,30,96711.583669
20.454542,30,96713.958294
20.454542,30,96713.958399
20.454542,30,96719.027582
20.454542,30,96721.299369
20.454542,30,96722.830245
20.454542,30,96722.830536
20.454542,30,96722.830675
20.454542,30,96722.830794
20.454542,30,96722.830914
20.454542,30,96722.831043
20.454542,30,96724.827476
20.454542,30,96724.8276
20.454542,30,96724.827634
20.454542,30,96728.775794
20.454542,30,96728.775919
20.454542,30,96728.775943
20.454542,30,96728.775959
20.571642,30,96730.28705
22.363632,30,96730.295651
22.239452,30,96732.266488
22.242079,30,96732.266569
20.688335,30,96732.266587
20.454542,30,96732.266602
22.124996,30,96733.917816
22.120134,30,96733.917901
21.88636,30,96737.840148
21.881498,30,96737.840236
21.647724,30,96741.141208
21.528406,30,96743.554564
21.520887,30,96743.554679
21.404224,30,96745.016199
21.409088,30,96745.016309
21.284906,30,96746.602914
21.162933,30,96748.449535
21.048897,30,96750.618419
21.520887,30,96750.618628
20.926952,30,96752.332761
20.931814,30,96752.332847
20.807634,30,96754.125872
20.688335,30,96755.764479
20.571642,30,96758.352506
21.051132,30,96758.352775
20.571642,30,96758.352896
20.57386,30,96759.854287
20.571642,30,96759.854379
20.454542,30,96761.570892
20.454542,30,96761.570982
20.571642,30,96765.552539
3.2575755,5,96765.552634
20.454542,30,96765.552655
20.454542,30,96767.029
20.571642,30,96768.853405
20.454542,30,96768.853496
8.804981,12,96772.927375
20.454542,30,96774.39549
20.454542,30,96776.362726
20.454542,30,96778.099438
20.454542,30,96778.099506
20.454542,30,96778.102625
20.454542,30,96778.102658
20.454542,30,96778.102673
20.454542,30,96778.102688
20.454542,30,96780.429058
20.454542,30,96780.429145
20.454542,30,96780.429168
20.454542,30,96783.819305
20.454542,30,96783.819415
20.454542,30,96783.819444
20.454542,30,96783.819467
20.539877,30,96785.736444
20.539877,30,96785.736551
20.454542,30,96787.968037
20.454542,30,96787.968121
20.539877,30,96787.968139
20.454542,30,96787.968154
20.454542,30,96789.55465
20.454542,30,96789.554735
20.539877,30,96793.049649
20.539877,30,96793.049717
12.392151,18,96793.049734
20.454542,30,96796.958404
20.539877,30,96798.857032
20.539877,30,96798.857118
20.454542,30,96800.661305
20.539877,30,96800.661389
20.625353,30,96803.110673
20.656977,30,96804.670719
20.539877,30,96806.120545
21.642862,30,96807.651551
20.454542,30,96807.651641
18.528513,27,96809.901708
21.52617,30,96809.901792
19.244316,28,96809.901813
21.375105,30,96813.233162
21.28977,30,96813.233242
21.051132,30,96817.341849
5.454545,9,96817.341971
21.051132,30,96817.341993
20.812496,30,96820.839561
20.812496,30,96820.839649
20.812496,30,96820.839668
20.693178,30,96822.497071
20.57386,30,96824.734139
20.57386,30,96824.734223
20.454542,30,96828.273103
4.0008187,6,96828.273198
20.454542,30,96829.966118
20.454542,30,96832.064006
20.454542,30,96833.529811
1.7167277,3,96833.529898
20.539877,30,96833.529961
20.540047,30,96833.529976
20.539877,30,96833.529989
20.454542,30,96833.53
20.454542,30,96833.530014
7.258395,10,96835.328715
20.454542,30,96835.328803
20.540869,30,96835.328824
20.454542,30,96835.32884
4.7992997,7,96837.244732
2.3959103,4,96837.244936
20.57386,30,96839.45409
1.597429,3,96839.454186
5.719754,8,96839.454208
20.454542,30,96839.454227
1.6504337,3,96839.454245
20.886234,30,96839.454261
20.659365,30,96839.454277
20.454542,30,96840.958762
20.540047,30,96840.958859
2.398546,4,96840.958884
2.403409,4,96840.958903
20.454542,30,96842.670115
20.454542,30,96842.67021
20.540869,30,96842.670228
20.454542,30,96842.670244
8.810265,12,96842.670263
4.0008187,6,96844.529073
11.208389,15,96844.529162
20.545685,30,96844.529185
20.454542,30,96844.529201
20.454542,30,96848.362972
20.454542,30,96848.363067
2.2792473,4,96848.363089
20.454542,30,96848.363108
20.454542,30,96851.823057
1.597429,3,96854.2239
20.454542,30,96854.22402
20.454542,30,96854.22406
20.454542,30,96855.770355
20.454542,30,96857.568774
20.454542,30,96859.374185
20.454542,30,96861.641188
20.571642,30,96863.145813
20.454542,30,96863.145897
20.454542,30,96864.908603
20.454542,30,96864.908691
20.571642,30,96864.908714
20.454542,30,96868.939223
20.454542,30,96868.939308
12.63068,19,96873.834009
22.000816,30,96876.204957
22.005678,30,96876.205036
21.884125,30,96877.718215
13.071643,20,96879.335303
15.469751,23,96879.335393
21.528406,30,96883.316001
19.801952,29,96886.359297
21.284906,30,96886.359391
21.165588,30,96888.144401
21.04627,30,96890.501931
21.043613,30,96890.502001
21.04627,30,96890.502016
21.04627,30,96890.502027
20.926952,30,96892.03769
20.81026,30,96893.899092
20.804998,30,96893.89917
20.81026,30,96893.899187
20.807634,30,96893.899197
20.807634,30,96893.899206
20.807634,30,96893.899215
20.690943,30,96895.656478
20.688335,30,96895.656574
20.688335,30,96895.656594
20.571642,30,96897.772484
20.659195,30,96897.772575
20.571642,30,96897.772595
20.688335,30,96897.772613
20.571642,30,96899.316514
20.688335,30,96899.316721
20.539877,30,96899.316821
20.454542,30,96899.316906
20.454542,30,96902.697371
20.77367,30,96902.697464
20.778513,30,96902.697486
20.454542,30,96906.505395
3.197027,5,96906.505463
20.454542,30,96908.152272
20.454542,30,96908.152362
20.454542,30,96908.152386
20.454542,30,96909.859198
20.454542,30,96912.231368
20.454542,30,96913.62919
20.454542,30,96915.439652
20.539877,30,96917.241786
20.454542,30,96917.242068
20.454542,30,96919.450378
20.454542,30,96919.450656
20.539877,30,96919.450795
20.454542,30,96922.521806
20.454542,30,96922.521938
20.540869,30,96928.238022
20.545685,30,96930.124285
20.454542,30,96930.124374
9.572026,14,96931.824076
20.97157,30,96931.824183
5.00652,8,96931.824218
20.454542,30,96934.15064
0.96601653,2,96934.150708
20.454542,30,96934.150723
20.454542,30,96937.221
20.454542,30,96941.167376
20.454542,30,96941.167457
20.454542,30,96942.768139
20.454542,30,96944.551342
20.454542,30,96944.551443
20.539877,30,96944.551465
20.454542,30,96944.55148
20.454542,30,96946.167379
20.454542,30,96948.417058
20.454542,30,96948.417314
20.539877,30,96948.417439
20.454542,30,96948.417556
20.454542,30,96948.417672
20.454542,30,96948.417785
20.571642,30,96949.904186
21.88636,30,96949.904262
21.966833,30,96949.904279
20.454542,30,96951.558773
20.571642,30,96951.558858
20.659195,30,96951.558879
21.64286,30,96953.297369
20.454542,30,96953.297459
21.647724,30,96953.297483
20.539877,30,96953.2975
21.409088,30,96957.256717
21.409088,30,96957.256808
21.404224,30,96957.256828
21.255785,30,96960.696336
21.048897,30,96962.947012
21.134232,30,96962.947274
21.048897,30,96962.947397
20.931814,30,96964.4355
20.897831,30,96966.140241
20.690943,30,96967.948606
11.590907,18,96970.226878
20.57386,30,96970.226964
20.454542,30,96971.732841
20.454542,30,96973.446761
20.454542,30,96973.446844
20.454542,30,96973.446862
20.454542,30,96977.307646
12.954543,20,96977.307719
20.571642,30,96977.307731
17.16477,26,96977.30774
20.454542,30,96982.347074
20.454542,30,96986.170988
20.454542,30,96986.171078
20.454542,30,96986.171097
20.454542,30,96987.962262
20.454542,30,96987.962351
20.454542,30,96987.96237
7.499999,12,96992.228968
2.2792473,4,96993.803319
20.454542,30,96995.369551
20.454542,30,96997.153601
20.454542,30,96999.66033
20.454542,30,96999.660402
20.454542,30,96999.660416
20.454542,30,96999.660425
20.454542,30,97001.202218
20.454542,30,97002.972059
20.454542,30,97002.995461
20.454542,30,97002.995698
20.454542,30,97002.995852
20.454542,30,97002.996
20.454542,30,97002.996147
20.454542,30,97004.717341
20.454542,30,97004.717427
20.454542,30,97004.726106
20.539877,30,97006.729811
20.454542,30,97006.730082
20.454542,30,97006.730208
20.539877,30,97008.060773
20.454542,30,97008.060861
20.539877,30,97008.060885
20.454542,30,97008.060902
20.454542,30,97011.535509
20.454542,30,97011.535592
20.454542,30,97011.53561
20.539877,30,97015.502675
20.454542,30,97017.219452
20.539877,30,97017.219547
20.454542,30,97017.219578
20.454542,30,97019.134533
20.454542,30,97021.403463
20.454542,30,97022.998413
20.454542,30,97024.841409
20.454542,30,97026.624778
20.454542,30,97028.793154
20.539877,30,97028.793246
20.539877,30,97028.793267
20.884966,30,97032.072189
21.282251,30,97032.072272
20.571642,30,97032.07229
20.745352,30,97032.072304
17.247887,26,97036.066124
21.055664,30,97037.671175
20.866426,30,97041.15619
20.892025,30,97041.156286
20.656977,30,97043.617697
20.884966,30,97043.617782
20.656954,30,97046.926738
14.514811,22,97048.627291
20.454542,30,97048.627529
20.656977,30,97051.096352
20.454542,30,97052.626728
20.454542,30,97054.202271
20.571642,30,97054.202341
20.539877,30,97054.202355
20.539877,30,97054.202364
20.807634,30,97056.04019
21.003323,30,97058.230147
20.96477,30,97058.238237
20.774448,30,97058.238418
20.653387,30,97058.238448
20.545685,30,97058.238467
20.539877,30,97058.238482
20.653387,30,97059.997222
20.73747,30,97059.997289
20.571642,30,97059.997303
20.454542,30,97061.796554
20.626034,30,97061.796643
20.630026,30,97061.796666
20.454542,30,97063.568783
20.454542,30,97063.568873
21.167206,30,97063.573008
20.539877,30,97066.944106
20.625216,30,97066.944195
20.454542,30,97066.944217
20.630026,30,97070.345646
20.454542,30,97072.328517
20.625242,30,97072.328613
20.539877,30,97072.328634
20.539877,30,97073.996065
20.63102,30,97075.643336
20.774662,30,97077.458133
20.454542,30,97079.657493
20.540869,30,97081.225313
20.540047,30,97083.124614
20.545685,30,97083.124716
20.454542,30,97083.124746
16.664751,22,97083.124775
20.454542,30,97087.12307
20.454542,30,97087.123325
20.454542,30,97087.123354
20.545685,30,97087.123367
20.454542,30,97090.464679
13.738634,18,97090.464768
20.454542,30,97092.034966
5.6079545,8,97094.422819
20.454542,30,97095.920033
20.454542,30,97095.920245
20.540869,30,97097.728432
4.0034633,6,97097.728693
3.2534907,5,97099.428223
21.322554,30,97101.823696
21.01015,30,97103.518848
20.454542,30,97103.518924
3.794167,5,97103.518943
8.807637,12,97105.319823
20.454542,30,97105.319918
20.454542,30,97106.963846
20.454542,30,97109.122703
20.454542,30,97109.1228
20.454542,30,97109.126043
21.368101,30,97109.126099
20.454542,30,97110.774171
11.215908,15,97110.795624
8.005411,11,97112.417638
20.454542,30,97112.417758
21.606737,30,97112.417797
20.454542,30,97112.417828
20.693178,30,97112.417856
20.454542,30,97112.417882
20.454542,30,97114.027686
20.890862,30,97114.02799
20.454542,30,97114.028108
20.454542,30,97116.424312
20.454542,30,97116.424405
20.454542,30,97116.424428
20.454542,30,97118.026792
21.964691,30,97118.02689
21.248783,30,97118.026912
1.6022727,3,97119.552632
2.4011736,4,97119.552721
22.244314,30,97121.125426
20.454542,30,97121.125521
20.653387,30,97121.125544
16.100985,22,97123.500214
7.0545993,11,97123.500293
8.011364,11,97123.50031
20.454542,30,97125.055333
21.334118,30,97126.817715
20.454542,30,97126.817829
20.539877,30,97126.817854
20.454542,30,97128.619833
20.454542,30,97130.742794
21.88636,30,97132.347595
22.657244,30,97135.753603
21.611506,30,97138.063841
21.558956,30,97141.301521
20.931814,30,97141.301598
21.996473,30,97141.301615
20.776278,30,97145.153035
20.688335,30,97150.502355
22.239452,30,97150.502442
22.119059,30,97152.82809
22.005678,30,97152.828171
9.545453,15,97152.828194
22.363632,30,97154.430947
22.593065,30,97156.167933
21.406853,30,97157.845842
21.645506,30,97159.93165
21.284906,30,97159.931741
20.454542,30,97161.436602
20.539877,30,97163.241266
20.454542,30,97163.241355
21.405006,30,97163.241376
21.800014,30,97163.241394
20.926952,30,97164.968241
20.454542,30,97164.968329
20.812496,30,97167.276167
20.454542,30,97167.276261
20.454542,30,97167.276286
6.4068556,9,97167.276304
20.454542,30,97167.276321
20.454542,30,97167.276337
21.048914,30,97168.922134
20.454542,30,97168.922212
6.4068556,9,97168.922231
20.69096,30,97170.50469
20.454542,30,97170.504773
20.545685,30,97170.504792
21.203424,30,97172.317448
20.662785,30,97172.31773
20.662785,30,97172.317889
20.545685,30,97174.653251
20.690943,30,97174.653344
5.6079545,8,97176.056988
20.454542,30,97176.057071
20.571642,30,97176.057089
20.57386,30,97176.057106
8.009129,11,97176.05712
20.454542,30,97177.8195
20.454542,30,97177.819589
5.6079545,8,97177.81961
20.454542,30,97177.819628
4.0056815,6,97179.639228
6.409091,9,97179.639318
4.806818,7,97179.639341
20.653387,30,97182.046691
4.0034633,6,97182.046795
5.772835,8,97182.046815
20.454542,30,97182.046832
20.454542,30,97182.046891
2.4011736,4,97183.662823
20.454542,30,97183.662912
5.6079545,8,97185.445245
8.009128,11,97185.445334
12.815945,17,97185.445358
2.403409,4,97185.445376
20.454542,30,97185.445393
21.01015,30,97187.198424
11.534062,15,97187.198621
21.01015,30,97191.099667
6.409091,9,97193.064567
20.454542,30,97193.064665
20.454542,30,97196.76835
20.454542,30,97196.768431
20.454542,30,97196.768449
20.454542,30,97199.975005
20.454542,30,97205.944295
20.693178,30,97207.626456
23.67613,30,97207.626585
21.767042,30,97213.246699
21.647724,30,97215.0355
22.361397,30,97219.217496
21.526188,30,97219.217795
21.88636,30,97220.81765
22.9988,30,97222.552397
22.721586,30,97222.552482
21.409088,30,97222.552501
21.17045,30,97222.552515
21.645489,30,97224.336624
21.52617,30,97224.336723
21.375105,30,97226.8167
20.812496,30,97228.221467
21.244188,30,97228.221571
21.406853,30,97228.2216
21.488604,30,97230.025329
20.693178,30,97230.025515
21.17045,30,97231.837983
21.005552,30,97231.838064
21.45462,30,97231.838087
20.81026,30,97234.161225
19.005787,27,97234.161613
21.249968,30,97234.161754
20.776278,30,97234.16187
20.931814,30,97235.734228
20.812496,30,97235.737392
21.017149,30,97235.737476
20.57386,30,97237.356596
21.375105,30,97237.356693
20.693178,30,97237.356717
20.897831,30,97237.356735
20.812496,30,97237.35675
21.017149,30,97239.227559
5.571645,9,97239.227641
20.57386,30,97241.718461
21.051132,30,97241.718549
21.051132,30,97241.718575
20.57386,30,97241.718595
21.528406,30,97241.718615
20.931814,30,97243.325628
20.539877,30,97243.32571
20.454542,30,97246.660755
21.051132,30,97249.051767
20.57386,30,97249.051864
20.897831,30,97252.645462
20.539877,30,97252.645569
20.539877,30,97252.645587
20.454542,30,97256.472992
20.454542,30,97261.150064
20.539877,30,97263.305871
20.539877,30,97263.306008
8.863635,14,97263.306027
20.454542,30,97268.332592
20.454542,30,97270.809452
20.454542,30,97274.15983
20.454542,30,97274.159935
20.454542,30,97275.956797
20.571642,30,97277.935699
20.571642,30,97277.93579
20.656977,30,97277.935815
20.454542,30,97279.31887
20.454542,30,97279.318963
20.539877,30,97281.130001
20.454542,30,97282.826914
10.926436,17,97282.827003
19.772724,30,97282.827023
20.539877,30,97282.827038
20.454542,30,97285.141054
20.454542,30,97285.141155
20.888813,30,97286.642089
20.454542,30,97286.642175
20.454542,30,97286.642197
20.539877,30,97288.452431
20.571642,30,97288.452577
20.539877,30,97288.452596
20.454542,30,97288.45261
20.653387,30,97290.238043
20.688335,30,97290.238131
20.657005,30,97290.238156
20.454542,30,97292.519949
20.539877,30,97292.520185
20.454542,30,97292.520212
16.237425,24,97292.520231
20.571642,30,97292.520248
5.605719,8,97294.022339
20.540047,30,97294.022422
21.248783,30,97294.022446
21.454428,30,97295.75729
20.539877,30,97295.757678
20.454542,30,97295.757817
20.454542,30,97295.757985
20.454542,30,97295.758115
2.403409,4,97297.460133
20.454542,30,97297.460218
20.545685,30,97297.460238
5.6079545,8,97299.862428
2.403409,4,97299.862515
9.664431,13,97301.239635
20.454542,30,97301.239727
5.6079545,8,97301.239746
11.213673,15,97303.06851
20.454542,30,97303.068599
2.5227273,4,97303.06862
2.403409,4,97304.796988
8.8125,12,97304.797065
0.92045456,2,97304.797082
20.539877,30,97307.020724
20.454542,30,97307.020806
11.213673,15,97307.020831
7.2102275,10,97310.086657
20.454542,30,97310.086747
5.6079545,8,97311.904586
6.409091,9,97311.904661
4.806818,7,97311.90468
21.764807,30,97315.842471
20.571642,30,97317.725522
2.4011736,4,97317.725637
20.454542,30,97317.725658
11.215908,15,97317.725675
23.230713,30,97317.72569
12.81818,17,97319.51963
12.017044,16,97321.965637
14.420452,19,97321.965703
5.6079545,8,97321.965716
16.363634,25,97323.412986
20.249996,30,97323.415998
4.6874995,7,97323.416024
7.8920455,11,97323.416045
8.573864,12,97325.21193
1.597429,3,97325.212018
20.454542,30,97325.212039
14.982952,20,97325.21206
10.056818,14,97326.918164
20.454542,30,97329.019663
20.57386,30,97329.020115
20.454542,30,97332.435108
1.597429,3,97334.548794
20.454542,30,97336.382717
20.57386,30,97338.136929
20.57386,30,97338.137033
22.840904,30,97338.137058
20.57386,30,97339.827943
22.602268,30,97341.596997
22.48295,30,97343.632488
20.454542,30,97343.632601
22.363632,30,97345.603322
22.359177,30,97347.197028
22.361414,30,97347.197353
22.124996,30,97348.936497
20.57386,30,97348.942301
22.242096,30,97348.942495
22.005678,30,97350.545066
22.005678,30,97350.54515
22.005678,30,97350.545168
21.88636,30,97352.242557
21.767042,30,97353.844897
21.647724,30,97355.568676
12.389825,19,97357.79689
21.528406,30,97357.796985
21.409088,30,97359.249377
21.494423,30,97359.249484
21.409088,30,97359.249512
21.28977,30,97360.997056
21.375105,30,97360.997298
20.929579,30,97366.729314
20.927317,30,97366.729407
20.931814,30,97366.729429
20.778513,30,97370.258405
20.57386,30,97372.463855
20.57386,30,97372.463938
20.77367,30,97372.476654
20.57386,30,97372.476739
21.048897,30,97372.476762
20.571642,30,97375.641301
20.89297,30,97375.641377
20.454542,30,97375.641399
20.571642,30,97377.349116
20.77367,30,97377.349404
20.571642,30,97377.34943
20.571642,30,97379.72612
19.858059,30,97379.726214
20.571642,30,97379.726236
20.571642,30,97379.726254
20.454542,30,97381.224046
20.454542,30,97383.096046
20.454542,30,97387.061126
0.85192573,2,97387.061199
2.398546,4,97387.061214
9.545453,15,97387.061225
20.688335,30,97388.618092
20.656977,30,97390.197329
20.454542,30,97391.876869
20.454542,30,97391.876963
20.571642,30,97391.876985
20.454542,30,97394.34693
20.539877,30,97395.754558
2.403409,4,97395.754679
20.454542,30,97397.440066
1.597429,3,97397.440149
20.454542,30,97397.440172
20.454542,30,97399.120094
2.3959103,4,97399.120192
20.454542,30,97401.342747
20.454542,30,97401.342842
6.404228,9,97402.947968
20.454542,30,97402.95313
20.454542,30,97402.953166
2.403409,4,97402.953184
20.454542,30,97402.953202
20.539906,30,97404.60042
20.454542,30,97404.60051
20.454542,30,97404.600531
20.454542,30,97406.255062
4.7992997,7,97406.255154
8.011364,11,97406.255187
13.672346,18,97408.818731
20.454542,30,97408.818826
3.9981632,6,97408.818853
12.017044,16,97408.818874
11.332991,15,97408.818894
20.545685,30,97410.247487
13.619316,18,97410.247578
13.617081,18,97411.949109
20.571642,30,97411.949205
20.57386,30,97411.94923
20.539877,30,97413.555598
1.597429,3,97413.555696
3.1996822,5,97413.555804
2.4011736,4,97413.555826
15.221588,20,97413.555844
4.0056815,6,97413.555862
20.539877,30,97413.555879
20.454542,30,97416.197599
20.454542,30,97416.197668
5.600436,8,97417.630516
3.1960056,5,97417.630605
12.010729,16,97419.346691
2.3985653,4,97419.346778
11.769482,15,97419.346795
3.9945443,6,97419.34681
20.454542,30,97421.06646
21.01015,30,97421.06654
7.1635923,9,97421.066562
21.01015,30,97421.066579
8.161328,10,97423.353327
11.215908,15,97423.35341
5.7905765,7,97423.353431
20.447647,30,97424.954287
10.763597,13,97424.954397
4.0008187,6,97424.954421
3.2023098,5,97424.954437
20.454542,30,97426.742992
21.368101,30,97426.743076
20.454542,30,97426.743099
4.801955,7,97426.743115
9.613636,13,97426.743132
7.0522676,8,97426.743148
12.009525,16,97426.743163
20.566965,30,97426.743178
20.454542,30,97426.743192
2.403409,4,97428.525461
8.926955,12,97428.525548
8.004235,11,97428.52557
5.600436,8,97428.525585
2.3959103,4,97428.525599
3.197027,5,97428.525615
17.620134,23,97428.52563
5.605719,8,97428.525644
8.808419,12,97430.622297
21.606737,30,97430.622375
3.9981632,6,97430.622391
11.215908,15,97430.622404
20.454542,30,97430.622415
3.1996822,5,97430.622426
1.6000372,3,97431.95893
20.454542,30,97431.959013
2.4011736,4,97431.959037
23.790586,30,97433.72471
2.3967428,4,97433.7248
4.0034633,6,97433.724827
2.2792473,4,97433.724846
13.776678,18,97433.724865
3.2490163,5,97435.632135
6.4027896,9,97435.645973
1.9583726,3,97435.646051
12.50467,18,97435.646071
9.162919,12,97435.646087
6.404228,9,97437.976104
2.3985653,4,97437.976199
21.62844,28,97437.97622
8.807637,12,97437.976238
18.377264,23,97439.273379
3.0803835,5,97439.273478
10.564737,13,97441.135643
5.600436,8,97441.135741
4.914928,7,97441.135767
3.2023098,5,97442.901368
8.011364,11,97442.901437
5.605719,8,97442.90145
5.98944,7,97442.901459
14.167005,17,97445.068439
8.447027,12,97450.249372
21.282251,30,97454.16876
23.547869,30,97454.168861
21.99816,30,97461.726712
20.571642,30,97465.033335
20.454542,30,97467.25094
22.917297,30,97469.121016
21.28977,30,97472.404541
22.005678,30,97474.625552
23.263884,30,97477.678457
21.640205,30,97479.322482
21.64141,30,97479.322598
23.14722,30,97479.322631
21.519852,30,97481.623498
20.043217,29,97481.623599
21.523544,30,97481.623626
21.522116,30,97481.623647
21.52617,30,97481.623668
21.48956,30,97483.206574
20.571642,30,97483.206677
20.571642,30,97483.206702
20.57386,30,97483.206722
16.600035,25,97484.851088
20.454542,30,97484.851182
20.807653,30,97484.851204
20.688335,30,97486.637945
20.486397,30,97486.638196
21.165588,30,97486.638314
21.051132,30,97489.175914
20.571642,30,97489.175989
21.048897,30,97489.176015
21.04627,30,97489.176041
20.454542,30,97490.855196
21.048897,30,97490.855293
21.168215,30,97490.855318
20.454542,30,97490.855338
20.929579,30,97490.855356
20.812496,30,97492.510544
20.454542,30,97492.510736
20.454542,30,97492.510803
20.778513,30,97492.510862
20.690943,30,97494.209567
20.454542,30,97495.844766
20.659195,30,97495.844853
20.454542,30,97495.844871
20.454542,30,97497.40968
20.539877,30,97497.409786
20.454542,30,97497.40981
20.539877,30,97497.409828
20.454542,30,97499.117878
20.454542,30,97504.112647
2.0454545,4,97505.712765
20.454542,30,97507.421832
20.454542,30,97507.421964
4.889827,8,97511.05087
20.454542,30,97514.262747
20.454542,30,97518.125331
20.539877,30,97519.65199
20.539877,30,97521.403637
6.136363,10,97525.253566
20.454542,30,97525.253654
20.454542,30,97527.063725
20.539877,30,97531.049529
20.454542,30,97532.402522
20.539877,30,97532.402764
20.57386,30,97532.402862
20.454542,30,97534.124073
20.454542,30,97534.124175
20.656977,30,97534.124202
20.454542,30,97534.124224
20.57386,30,97534.124243
20.454542,30,97535.949113
20.539877,30,97535.949213
20.539877,30,97535.949236
20.454542,30,97535.949252
20.454542,30,97538.354884
20.454542,30,97538.354973
20.454542,30,97538.354994
21.017149,30,97539.92619
20.571642,30,97539.926289
20.804998,30,97539.926309
20.571642,30,97541.726501
20.571642,30,97541.726651
20.571642,30,97541.726696
20.981754,30,97541.726737
20.57386,30,97543.449776
20.57386,30,97543.449856
20.778513,30,97543.449872
20.776278,30,97543.449887
21.048897,30,97543.449899
20.571642,30,97545.417736
20.571642,30,97545.417847
20.454542,30,97545.417878
20.571642,30,97545.41795
20.539877,30,97547.02827
20.895596,30,97548.760867
20.539877,30,97548.760963
20.656977,30,97548.760985
20.571642,30,97550.501355
20.454542,30,97550.501438
20.454542,30,97550.501459
20.454542,30,97557.623594
20.454542,30,97559.768859
20.539877,30,97561.266657
20.454542,30,97565.056711
20.571642,30,97568.918982
20.454542,30,97572.596688
20.454542,30,97574.629193
20.454542,30,97576.048748
20.454542,30,97579.575995
20.454542,30,97579.576078
20.454542,30,97582.135812
20.454542,30,97585.419162
20.539877,30,97586.948075
20.539877,30,97586.948166
20.454542,30,97586.948185
20.454542,30,97589.304684
20.454542,30,97589.30477
20.454542,30,97589.304794
20.454542,30,97589.304813
20.454542,30,97589.304829
20.454542,30,97590.846442
20.454542,30,97590.846535
20.454542,30,97590.846565
20.454542,30,97590.846589
20.454542,30,97592.534764
20.454542,30,97592.534855
20.454542,30,97592.534881
20.454542,30,97594.320809
20.454542,30,97594.320899
20.454542,30,97594.320925
20.454542,30,97596.532045
20.454542,30,97596.532369
20.539877,30,97596.53239
20.539877,30,97596.532408
20.454542,30,97598.036436
20.454542,30,97598.036529
20.454542,30,97598.03655
20.454542,30,97598.036569
20.454542,30,97598.036585
20.454542,30,97599.723669
20.454542,30,97599.723758
20.454542,30,97599.723781
20.454542,30,97599.723803
20.454542,30,97601.427888
20.540047,30,97603.716728
20.540047,30,97603.716839
20.454542,30,97603.716873
20.454542,30,97605.220684
20.454542,30,97605.22076
20.454542,30,97605.220778
20.454542,30,97612.452393
20.454542,30,97614.216438
20.454542,30,97615.965029
20.454542,30,97619.396256
20.454542,30,97622.817491
20.454542,30,97626.667131
20.454542,30,97628.517811
20.454542,30,97630.237318
20.454542,30,97634.118716
20.454542,30,97634.11894
20.454542,30,97635.835343
20.454542,30,97639.79665
20.454542,30,97641.398043
20.454542,30,97641.398116
20.454542,30,97641.39813
20.454542,30,97643.266904
20.454542,30,97643.266975
20.454542,30,97643.266991
20.454542,30,97643.267001
20.454542,30,97643.26701
20.454542,30,97645.148054
20.454542,30,97645.148269
20.454542,30,97645.148311
20.454542,30,97645.148328
20.454542,30,97647.201295
20.454542,30,97647.201368
20.454542,30,97647.201386
20.539877,30,97648.630946
20.539877,30,97648.631042
20.651173,30,97648.63107
20.454542,30,97650.471603
20.539877,30,97650.471692
20.539877,30,97650.478385
20.454542,30,97650.478551
20.539877,30,97652.201113
20.653387,30,97652.201195
20.454542,30,97652.201216
20.651173,30,97652.201234
20.653387,30,97652.20125
20.454542,30,97654.545538
20.651173,30,97654.54585
20.653387,30,97654.546006
20.454542,30,97654.546136
20.454542,30,97656.219079
20.454542,30,97658.070489
20.454542,30,97658.070576
20.651175,30,97658.070594
20.96477,30,97659.928661
20.454542,30,97659.933961
20.454542,30,97659.934108
20.454542,30,97667.017556
20.454542,30,97669.230397
20.454542,30,97670.775289
20.539877,30,97674.028125
20.454542,30,97678.128901
20.454542,30,97681.659072
15.510428,23,97681.659166
20.454542,30,97684.135132
20.539877,30,97685.801833
20.539877,30,97689.230381
20.539877,30,97689.230479
20.964775,30,97691.623666
20.454542,30,97696.751954
20.454542,30,97696.752048
20.652334,30,97696.752073
20.545685,30,97699.11231
20.660187,30,97699.112381
20.454542,30,97699.112396
20.971739,30,97699.112407
20.454542,30,97699.112416
21.005552,30,97700.844739
21.203424,30,97700.844833
20.886234,30,97700.850899
20.571642,30,97700.85092
20.886234,30,97702.630622
20.571642,30,97702.630706
20.571642,30,97702.630727
20.454542,30,97704.532123
20.454542,30,97704.532205
20.454542,30,97704.532228
20.454542,30,97706.371528
20.454542,30,97706.373844
20.454542,30,97706.373871
20.454542,30,97706.373919
20.454542,30,97707.843314
20.454542,30,97707.843399
20.454542,30,97707.843419
20.454542,30,97707.843436
20.454542,30,97707.84345
20.454542,30,97709.733969
20.454542,30,97709.734055
20.454542,30,97709.734073
20.454542,30,97709.73409
20.454542,30,97711.558625
20.454542,30,97713.848897
20.454542,30,97713.848981
20.454542,30,97713.848999
9.545453,15,97713.849014
20.454542,30,97715.278485
20.454542,30,97715.278766
20.454542,30,97715.278891
4.772727,8,97721.029832
6.136363,10,97721.029976
20.454542,30,97722.517992
20.454542,30,97724.321059
20.454542,30,97726.274562
20.454542,30,97729.963578
20.454542,30,97733.617586
20.454542,30,97737.833539
20.539877,30,97737.835757
20.539877,30,97739.630733
20.454542,30,97744.773983
20.454542,30,97744.77407
20.539877,30,97746.591421
20.454542,30,97752.160193
20.454542,30,97752.160257
20.454542,30,97752.16027
20.454542,30,97753.819835
20.454542,30,97753.81992
20.454542,30,97753.819943
20.454542,30,97753.81996
20.539877,30,97753.819976
20.539877,30,97755.598179
20.539877,30,97755.598252
20.454542,30,97755.598272
20.539877,30,97755.598284
20.539877,30,97757.839663
20.539877,30,97757.839748
20.454542,30,97759.522338
20.454542,30,97759.522422
20.454542,30,97759.522442
20.454542,30,97761.119569
20.454542,30,97761.119661
20.454542,30,97761.119687
20.454542,30,97762.936874
20.454542,30,97762.93696
20.454542,30,97762.936982
20.454542,30,97762.937001
20.454542,30,97762.937016
20.454542,30,97764.956527
20.454542,30,97764.956599
20.625217,30,97764.958743
20.454542,30,97764.958769
20.539906,30,97766.496006
20.454542,30,97768.223418
8.181817,13,97768.223501
20.539877,30,97768.223524
20.454542,30,97768.223542
20.454542,30,97768.223559
4.772727,8,97768.223576
20.454542,30,97769.740196
20.539877,30,97769.740282
20.454542,30,97769.740307
20.454542,30,97775.098661
20.539877,30,97775.098736
20.454542,30,97776.831707
21.368101,30,97779.066344
20.539877,30,97780.600644
20.539877,30,97783.941747
3.5284092,6,97787.623308
20.539877,30,97787.623418
20.539877,30,97791.172498
20.454542,30,97791.172592
20.454542,30,97793.472737
20.454542,30,97798.516908
20.540047,30,97800.875554
20.571642,30,97805.966569
20.571642,30,97805.966644
20.57386,30,97805.966658
20.454542,30,97808.388734
20.454542,30,97808.388827
20.454542,30,97808.388848
20.539883,30,97808.388866
20.454542,30,97809.859853
21.487452,30,97809.859949
20.454542,30,97809.859968
20.454542,30,97809.859984
20.454542,30,97811.539261
20.454542,30,97811.539351
20.454542,30,97813.319436
20.454542,30,97813.319514
20.540869,30,97813.319531
20.454542,30,97815.75231
20.454542,30,97815.752401
4.772727,8,97815.752427
20.454542,30,97815.752446
20.57386,30,97817.254324
20.57386,30,97817.254416
20.454542,30,97817.254438
20.57386,30,97817.254457
20.571642,30,97817.254473
21.287535,30,97819.119188
20.571642,30,97819.119271
20.571642,30,97819.119288
20.693178,30,97819.119302
21.17045,30,97820.93591
21.409088,30,97823.306918
20.454542,30,97823.306996
20.454542,30,97823.307018
20.454542,30,97823.307029
20.454542,30,97823.307039
20.454542,30,97823.307049
20.812496,30,97824.93369
20.454542,30,97824.933772
21.04627,30,97824.933791
20.571642,30,97830.227607
20.812496,30,97830.227691
20.454542,30,97833.343983
20.454542,30,97835.031153
20.539877,30,97839.139344
9.187635,14,97840.666702
20.653387,30,97842.452367
20.454542,30,97842.452487
20.539877,30,97845.971395
20.454542,30,97845.971478
20.454542,30,97847.669744
20.539877,30,97853.535115
20.454542,30,97860.77227
20.454542,30,97860.772536
20.454542,30,97860.77266
20.539877,30,97862.455114
20.454542,30,97862.455208
20.454542,30,97862.455229
20.539877,30,97862.455246
20.57386,30,97864.246029
20.539877,30,97864.246152
20.539877,30,97864.246178
20.57386,30,97864.246198
20.539877,30,97866.566443
20.454542,30,97866.566525
20.454542,30,97868.029774
20.693178,30,97868.030047
20.454542,30,97868.030177
20.539877,30,97869.821126
20.454542,30,97869.821252
17.401188,26,97869.821297
20.539877,30,97869.821348
20.539877,30,97871.630012
20.454542,30,97871.630092
20.539883,30,97871.63011
20.778513,30,97871.630126
20.454542,30,97871.63014
8.267152,13,97871.630154
20.454542,30,97873.734212
20.454542,30,97873.734296
20.659195,30,97873.734316
20.539877,30,97873.734335
20.454542,30,97875.149688
20.539877,30,97876.729228
21.011343,30,97876.72931
20.454542,30,97876.729328
20.539877,30,97876.729342
20.454542,30,97876.729356
20.454542,30,97878.720896
20.454542,30,97878.72097
20.454542,30,97878.720988
20.539883,30,97883.256256
20.539883,30,97883.256368
6.136363,10,97884.06586
